0 verbose cli C:\Program Files\nodejs\node.exe C:\Program Files\nodejs\node_modules\npm\bin\npm-cli.js
1 info using npm@10.9.2
2 info using node@v22.16.0
3 silly config load:file:C:\Program Files\nodejs\node_modules\npm\npmrc
4 silly config load:file:C:\Users\NicholasChien\Documents\VSCode4z-InstantPack-work\npm-cache\npm-tmp\.npmrc
5 silly config load:file:C:\Users\NicholasChien\.npmrc
6 silly config load:file:C:\Users\NicholasChien\AppData\Roaming\npm\etc\npmrc
7 verbose title npm install @zowe/cli@8.27.1
8 verbose argv "install" "--no-fund" "--no-audit" "--no-save" "--no-package-lock" "--prefer-online" "--cache" "C:\\Users\\NicholasChien\\Documents\\VSCode4z-InstantPack-work\\npm-cache" "@zowe/cli@8.27.1"
9 verbose logfile logs-max:10 dir:C:\Users\NicholasChien\Documents\VSCode4z-InstantPack-work\npm-cache\_logs\2025-11-28T07_16_48_993Z-
10 verbose logfile C:\Users\NicholasChien\Documents\VSCode4z-InstantPack-work\npm-cache\_logs\2025-11-28T07_16_48_993Z-debug-0.log
11 silly logfile done cleaning log files
12 silly packumentCache heap:4345298944 maxSize:1086324736 maxEntrySize:543162368
13 silly idealTree buildDeps
14 silly fetch manifest @zowe/cli@8.27.1
15 silly packumentCache full:https://registry.npmjs.org/@zowe%2fcli cache-miss
16 http fetch GET 200 https://registry.npmjs.org/npm 282ms
17 http fetch GET 200 https://registry.npmjs.org/@zowe%2fcli 1981ms (cache revalidated)
18 silly packumentCache full:https://registry.npmjs.org/@zowe%2fcli set size:1960798 disposed:false
19 silly placeDep ROOT @zowe/cli@8.27.1 OK for:  want: 8.27.1
20 silly fetch manifest tar@6.2.1
21 silly packumentCache full:https://registry.npmjs.org/tar cache-miss
22 silly fetch manifest lodash@4.17.21
23 silly packumentCache full:https://registry.npmjs.org/lodash cache-miss
24 silly fetch manifest minimatch@9.0.5
25 silly packumentCache full:https://registry.npmjs.org/minimatch cache-miss
26 silly fetch manifest find-process@1.4.7
27 silly packumentCache full:https://registry.npmjs.org/find-process cache-miss
28 silly fetch manifest @zowe/imperative@8.27.1
29 silly packumentCache full:https://registry.npmjs.org/@zowe%2fimperative cache-miss
30 silly fetch manifest @zowe/core-for-zowe-sdk@8.27.1
31 silly packumentCache full:https://registry.npmjs.org/@zowe%2fcore-for-zowe-sdk cache-miss
32 silly fetch manifest @zowe/zosmf-for-zowe-sdk@8.27.1
33 silly packumentCache full:https://registry.npmjs.org/@zowe%2fzosmf-for-zowe-sdk cache-miss
34 silly fetch manifest @zowe/zos-tso-for-zowe-sdk@8.27.1
35 silly packumentCache full:https://registry.npmjs.org/@zowe%2fzos-tso-for-zowe-sdk cache-miss
36 silly fetch manifest @zowe/zos-uss-for-zowe-sdk@8.27.1
37 silly packumentCache full:https://registry.npmjs.org/@zowe%2fzos-uss-for-zowe-sdk cache-miss
38 silly fetch manifest @zowe/zos-jobs-for-zowe-sdk@8.27.1
39 silly packumentCache full:https://registry.npmjs.org/@zowe%2fzos-jobs-for-zowe-sdk cache-miss
40 silly fetch manifest @zowe/zos-logs-for-zowe-sdk@8.27.1
41 silly packumentCache full:https://registry.npmjs.org/@zowe%2fzos-logs-for-zowe-sdk cache-miss
42 silly fetch manifest @zowe/zos-files-for-zowe-sdk@8.27.1
43 silly packumentCache full:https://registry.npmjs.org/@zowe%2fzos-files-for-zowe-sdk cache-miss
44 silly fetch manifest @zowe/zos-console-for-zowe-sdk@8.27.1
45 silly packumentCache full:https://registry.npmjs.org/@zowe%2fzos-console-for-zowe-sdk cache-miss
46 http fetch GET 200 https://registry.npmjs.org/find-process 208ms (cache revalidated)
47 silly packumentCache full:https://registry.npmjs.org/find-process set size:76817 disposed:false
48 silly fetch manifest @zowe/provisioning-for-zowe-sdk@8.27.1
49 silly packumentCache full:https://registry.npmjs.org/@zowe%2fprovisioning-for-zowe-sdk cache-miss
50 http fetch GET 200 https://registry.npmjs.org/minimatch 217ms (cache revalidated)
51 silly packumentCache full:https://registry.npmjs.org/minimatch set size:303959 disposed:false
52 silly fetch manifest @zowe/zos-workflows-for-zowe-sdk@8.27.1
53 silly packumentCache full:https://registry.npmjs.org/@zowe%2fzos-workflows-for-zowe-sdk cache-miss
54 http fetch GET 200 https://registry.npmjs.org/lodash 231ms (cache revalidated)
55 silly packumentCache full:https://registry.npmjs.org/lodash set size:242470 disposed:false
56 silly fetch manifest @zowe/secrets-for-zowe-sdk@8.27.0
57 silly packumentCache full:https://registry.npmjs.org/@zowe%2fsecrets-for-zowe-sdk cache-miss
58 http fetch GET 200 https://registry.npmjs.org/tar 245ms (cache revalidated)
59 silly packumentCache full:https://registry.npmjs.org/tar set size:429369 disposed:false
60 http fetch GET 200 https://registry.npmjs.org/@zowe%2fsecrets-for-zowe-sdk 360ms (cache revalidated)
61 silly packumentCache full:https://registry.npmjs.org/@zowe%2fsecrets-for-zowe-sdk set size:213877 disposed:false
62 http fetch GET 200 https://registry.npmjs.org/@zowe%2fzos-uss-for-zowe-sdk 1599ms (cache revalidated)
63 silly packumentCache full:https://registry.npmjs.org/@zowe%2fzos-uss-for-zowe-sdk set size:910354 disposed:false
64 http fetch GET 200 https://registry.npmjs.org/@zowe%2fimperative 1618ms (cache revalidated)
65 silly packumentCache full:https://registry.npmjs.org/@zowe%2fimperative set size:2315670 disposed:false
66 http fetch GET 200 https://registry.npmjs.org/@zowe%2fzos-jobs-for-zowe-sdk 1670ms (cache revalidated)
67 silly packumentCache full:https://registry.npmjs.org/@zowe%2fzos-jobs-for-zowe-sdk set size:1038726 disposed:false
68 http fetch GET 200 https://registry.npmjs.org/@zowe%2fzos-tso-for-zowe-sdk 1685ms (cache revalidated)
69 silly packumentCache full:https://registry.npmjs.org/@zowe%2fzos-tso-for-zowe-sdk set size:961877 disposed:false
70 http fetch GET 200 https://registry.npmjs.org/@zowe%2fzosmf-for-zowe-sdk 1697ms (cache revalidated)
71 silly packumentCache full:https://registry.npmjs.org/@zowe%2fzosmf-for-zowe-sdk set size:939368 disposed:false
72 http fetch GET 200 https://registry.npmjs.org/@zowe%2fzos-logs-for-zowe-sdk 1715ms (cache revalidated)
73 silly packumentCache full:https://registry.npmjs.org/@zowe%2fzos-logs-for-zowe-sdk set size:782631 disposed:false
74 http fetch GET 200 https://registry.npmjs.org/@zowe%2fzos-console-for-zowe-sdk 1726ms (cache revalidated)
75 silly packumentCache full:https://registry.npmjs.org/@zowe%2fzos-console-for-zowe-sdk set size:944213 disposed:false
76 http fetch GET 200 https://registry.npmjs.org/@zowe%2fzos-files-for-zowe-sdk 1750ms (cache revalidated)
77 silly packumentCache full:https://registry.npmjs.org/@zowe%2fzos-files-for-zowe-sdk set size:1032740 disposed:false
78 http fetch GET 200 https://registry.npmjs.org/@zowe%2fzos-workflows-for-zowe-sdk 1542ms (cache revalidated)
79 silly packumentCache full:https://registry.npmjs.org/@zowe%2fzos-workflows-for-zowe-sdk set size:1033097 disposed:false
80 http fetch GET 200 https://registry.npmjs.org/@zowe%2fprovisioning-for-zowe-sdk 1570ms (cache revalidated)
81 silly packumentCache full:https://registry.npmjs.org/@zowe%2fprovisioning-for-zowe-sdk set size:970956 disposed:false
82 http fetch GET 200 https://registry.npmjs.org/@zowe%2fcore-for-zowe-sdk 3124ms (cache revalidated)
83 silly packumentCache full:https://registry.npmjs.org/@zowe%2fcore-for-zowe-sdk set size:923508 disposed:false
84 silly reify moves {}
85 http fetch GET 200 https://registry.npmjs.org/@zowe/cli/-/cli-8.27.1.tgz 762ms (cache revalidated)
86 silly packumentCache corgi:https://registry.npmjs.org/y18n cache-miss
87 silly packumentCache corgi:https://registry.npmjs.org/yargs cache-miss
88 silly packumentCache corgi:https://registry.npmjs.org/cliui cache-miss
89 silly packumentCache corgi:https://registry.npmjs.org/yocto-queue cache-miss
90 silly packumentCache corgi:https://registry.npmjs.org/yargs-parser cache-miss
91 silly packumentCache corgi:https://registry.npmjs.org/wrap-ansi cache-miss
92 silly packumentCache corgi:https://registry.npmjs.org/wontache cache-miss
93 silly packumentCache corgi:https://registry.npmjs.org/validate-npm-package-name cache-miss
94 silly packumentCache corgi:https://registry.npmjs.org/util-deprecate cache-miss
95 silly packumentCache corgi:https://registry.npmjs.org/validate-npm-package-license cache-miss
96 silly packumentCache corgi:https://registry.npmjs.org/uc.micro cache-miss
97 silly packumentCache corgi:https://registry.npmjs.org/unique-slug cache-miss
98 silly packumentCache corgi:https://registry.npmjs.org/universalify cache-miss
99 silly packumentCache corgi:https://registry.npmjs.org/underscore cache-miss
100 silly packumentCache corgi:https://registry.npmjs.org/tuf-js cache-miss
101 silly packumentCache corgi:https://registry.npmjs.org/unique-filename cache-miss
102 silly packumentCache corgi:https://registry.npmjs.org/ssri cache-miss
103 silly packumentCache corgi:https://registry.npmjs.org/minipass-fetch cache-miss
104 silly packumentCache corgi:https://registry.npmjs.org/minipass-collect cache-miss
105 silly packumentCache corgi:https://registry.npmjs.org/tweetnacl cache-miss
106 silly packumentCache corgi:https://registry.npmjs.org/minipass cache-miss
107 silly packumentCache corgi:https://registry.npmjs.org/make-fetch-happen cache-miss
108 silly packumentCache corgi:https://registry.npmjs.org/tar cache-miss
109 silly packumentCache corgi:https://registry.npmjs.org/yallist cache-miss
110 silly packumentCache corgi:https://registry.npmjs.org/supports-color cache-miss
111 silly packumentCache corgi:https://registry.npmjs.org/minipass cache-miss
112 silly packumentCache corgi:https://registry.npmjs.org/chownr cache-miss
113 silly packumentCache corgi:https://registry.npmjs.org/strip-ansi cache-miss
114 silly packumentCache corgi:https://registry.npmjs.org/string-width cache-miss
115 silly packumentCache corgi:https://registry.npmjs.org/string_decoder cache-miss
116 silly packumentCache corgi:https://registry.npmjs.org/stack-trace cache-miss
117 silly packumentCache corgi:https://registry.npmjs.org/ssh2 cache-miss
118 silly packumentCache corgi:https://registry.npmjs.org/spdx-license-ids cache-miss
119 silly packumentCache corgi:https://registry.npmjs.org/spdx-exceptions cache-miss
120 silly packumentCache corgi:https://registry.npmjs.org/to-regex-range cache-miss
121 silly packumentCache corgi:https://registry.npmjs.org/socks cache-miss
122 silly packumentCache corgi:https://registry.npmjs.org/spdx-expression-parse cache-miss
123 silly packumentCache corgi:https://registry.npmjs.org/spdx-correct cache-miss
124 silly packumentCache corgi:https://registry.npmjs.org/shebang-regex cache-miss
125 silly packumentCache corgi:https://registry.npmjs.org/smart-buffer cache-miss
126 silly packumentCache corgi:https://registry.npmjs.org/shebang-command cache-miss
127 silly packumentCache corgi:https://registry.npmjs.org/sigstore cache-miss
128 silly packumentCache corgi:https://registry.npmjs.org/safer-buffer cache-miss
129 silly packumentCache corgi:https://registry.npmjs.org/semver cache-miss
130 silly packumentCache corgi:https://registry.npmjs.org/fs-minipass cache-miss
131 silly packumentCache corgi:https://registry.npmjs.org/run-parallel cache-miss
132 silly packumentCache corgi:https://registry.npmjs.org/retry cache-miss
133 silly packumentCache corgi:https://registry.npmjs.org/cacache cache-miss
134 silly packumentCache corgi:https://registry.npmjs.org/safe-buffer cache-miss
135 silly packumentCache corgi:https://registry.npmjs.org/@npmcli%2ffs cache-miss
136 silly packumentCache corgi:https://registry.npmjs.org/require-directory cache-miss
137 silly packumentCache corgi:https://registry.npmjs.org/read cache-miss
138 silly packumentCache corgi:https://registry.npmjs.org/repeat-string cache-miss
139 silly packumentCache corgi:https://registry.npmjs.org/reusify cache-miss
140 silly packumentCache corgi:https://registry.npmjs.org/readable-stream cache-miss
141 silly packumentCache corgi:https://registry.npmjs.org/queue-microtask cache-miss
142 silly packumentCache corgi:https://registry.npmjs.org/punycode.js cache-miss
143 silly packumentCache corgi:https://registry.npmjs.org/promise-inflight cache-miss
144 silly packumentCache corgi:https://registry.npmjs.org/ansi-styles cache-miss
145 silly packumentCache corgi:https://registry.npmjs.org/react-is cache-miss
146 silly packumentCache corgi:https://registry.npmjs.org/promise-retry cache-miss
147 silly packumentCache corgi:https://registry.npmjs.org/prettyjson cache-miss
148 silly packumentCache corgi:https://registry.npmjs.org/progress cache-miss
149 silly packumentCache corgi:https://registry.npmjs.org/picomatch cache-miss
150 silly packumentCache corgi:https://registry.npmjs.org/pretty-format cache-miss
151 silly packumentCache corgi:https://registry.npmjs.org/minipass cache-miss
152 silly packumentCache corgi:https://registry.npmjs.org/unique-slug cache-miss
153 silly packumentCache corgi:https://registry.npmjs.org/ssri cache-miss
154 silly packumentCache corgi:https://registry.npmjs.org/unique-filename cache-miss
155 silly packumentCache corgi:https://registry.npmjs.org/proc-log cache-miss
156 silly packumentCache corgi:https://registry.npmjs.org/path-scurry cache-miss
157 silly packumentCache corgi:https://registry.npmjs.org/path-key cache-miss
158 silly packumentCache corgi:https://registry.npmjs.org/pacote cache-miss
159 silly packumentCache corgi:https://registry.npmjs.org/npm-pick-manifest cache-miss
160 silly packumentCache corgi:https://registry.npmjs.org/npm-normalize-package-bin cache-miss
161 silly packumentCache corgi:https://registry.npmjs.org/path-exists cache-miss
162 silly packumentCache corgi:https://registry.npmjs.org/npm-bundled cache-miss
163 silly packumentCache corgi:https://registry.npmjs.org/nopt cache-miss
164 silly packumentCache corgi:https://registry.npmjs.org/npm-packlist cache-miss
165 silly packumentCache corgi:https://registry.npmjs.org/node-gyp cache-miss
166 silly packumentCache corgi:https://registry.npmjs.org/proc-log cache-miss
167 silly packumentCache corgi:https://registry.npmjs.org/minipass-collect cache-miss
168 silly packumentCache corgi:https://registry.npmjs.org/minipass-fetch cache-miss
169 silly packumentCache corgi:https://registry.npmjs.org/minipass cache-miss
170 silly packumentCache corgi:https://registry.npmjs.org/json-parse-even-better-errors cache-miss
171 silly packumentCache corgi:https://registry.npmjs.org/fs-minipass cache-miss
172 silly packumentCache corgi:https://registry.npmjs.org/@npmcli%2frun-script cache-miss
173 silly packumentCache corgi:https://registry.npmjs.org/cacache cache-miss
174 silly packumentCache corgi:https://registry.npmjs.org/abbrev cache-miss
175 silly packumentCache corgi:https://registry.npmjs.org/@npmcli%2fpackage-json cache-miss
176 silly packumentCache corgi:https://registry.npmjs.org/p-map cache-miss
177 silly packumentCache corgi:https://registry.npmjs.org/package-json-from-dist cache-miss
178 silly packumentCache corgi:https://registry.npmjs.org/@npmcli%2ffs cache-miss
179 silly packumentCache corgi:https://registry.npmjs.org/p-locate cache-miss
180 silly packumentCache corgi:https://registry.npmjs.org/@npmcli%2fnode-gyp cache-miss
181 silly packumentCache corgi:https://registry.npmjs.org/@npmcli%2finstalled-package-contents cache-miss
182 silly packumentCache corgi:https://registry.npmjs.org/opener cache-miss
183 silly packumentCache corgi:https://registry.npmjs.org/p-limit cache-miss
184 silly packumentCache corgi:https://registry.npmjs.org/npm-registry-fetch cache-miss
185 silly packumentCache corgi:https://registry.npmjs.org/unique-slug cache-miss
186 silly packumentCache corgi:https://registry.npmjs.org/ssri cache-miss
187 silly packumentCache corgi:https://registry.npmjs.org/unique-filename cache-miss
188 silly packumentCache corgi:https://registry.npmjs.org/make-fetch-happen cache-miss
189 silly packumentCache corgi:https://registry.npmjs.org/proc-log cache-miss
190 silly packumentCache corgi:https://registry.npmjs.org/minipass-fetch cache-miss
191 silly packumentCache corgi:https://registry.npmjs.org/minipass-collect cache-miss
192 silly packumentCache corgi:https://registry.npmjs.org/make-fetch-happen cache-miss
193 silly packumentCache corgi:https://registry.npmjs.org/minipass cache-miss
194 silly packumentCache corgi:https://registry.npmjs.org/@npmcli%2ffs cache-miss
195 silly packumentCache corgi:https://registry.npmjs.org/npm-package-arg cache-miss
196 silly packumentCache corgi:https://registry.npmjs.org/cacache cache-miss
197 silly packumentCache corgi:https://registry.npmjs.org/npm-install-checks cache-miss
198 silly packumentCache corgi:https://registry.npmjs.org/proc-log cache-miss
199 silly packumentCache corgi:https://registry.npmjs.org/fs-minipass cache-miss
200 silly packumentCache corgi:https://registry.npmjs.org/negotiator cache-miss
201 silly packumentCache corgi:https://registry.npmjs.org/mute-stream cache-miss
202 silly packumentCache corgi:https://registry.npmjs.org/mustache cache-miss
203 silly packumentCache corgi:https://registry.npmjs.org/yallist cache-miss
204 silly packumentCache corgi:https://registry.npmjs.org/nan cache-miss
205 silly packumentCache corgi:https://registry.npmjs.org/normalize-package-data cache-miss
206 silly packumentCache corgi:https://registry.npmjs.org/mkdirp cache-miss
207 silly packumentCache corgi:https://registry.npmjs.org/ms cache-miss
208 silly packumentCache corgi:https://registry.npmjs.org/minipass-sized cache-miss
209 silly packumentCache corgi:https://registry.npmjs.org/minizlib cache-miss
210 silly packumentCache corgi:https://registry.npmjs.org/yallist cache-miss
211 silly packumentCache corgi:https://registry.npmjs.org/minipass cache-miss
212 silly packumentCache corgi:https://registry.npmjs.org/minipass-flush cache-miss
213 silly packumentCache corgi:https://registry.npmjs.org/minimist cache-miss
214 silly packumentCache corgi:https://registry.npmjs.org/minipass-pipeline cache-miss
215 silly packumentCache corgi:https://registry.npmjs.org/merge2 cache-miss
216 silly packumentCache corgi:https://registry.npmjs.org/mdurl cache-miss
217 silly packumentCache corgi:https://registry.npmjs.org/lru-cache cache-miss
218 silly packumentCache corgi:https://registry.npmjs.org/lodash cache-miss
219 silly packumentCache corgi:https://registry.npmjs.org/markdown-it cache-miss
220 silly packumentCache corgi:https://registry.npmjs.org/locate-path cache-miss
221 silly packumentCache corgi:https://registry.npmjs.org/lodash-deep cache-miss
222 silly packumentCache corgi:https://registry.npmjs.org/linkify-it cache-miss
223 silly packumentCache corgi:https://registry.npmjs.org/jsonschema cache-miss
224 silly packumentCache corgi:https://registry.npmjs.org/jsonparse cache-miss
225 silly packumentCache corgi:https://registry.npmjs.org/jsbn cache-miss
226 silly packumentCache corgi:https://registry.npmjs.org/jsonfile cache-miss
227 silly packumentCache corgi:https://registry.npmjs.org/jest-get-type cache-miss
228 silly packumentCache corgi:https://registry.npmjs.org/js-yaml cache-miss
229 silly packumentCache corgi:https://registry.npmjs.org/jest-diff cache-miss
230 silly packumentCache corgi:https://registry.npmjs.org/is-stream cache-miss
231 silly packumentCache corgi:https://registry.npmjs.org/is-lambda cache-miss
232 silly packumentCache corgi:https://registry.npmjs.org/is-number cache-miss
233 silly packumentCache corgi:https://registry.npmjs.org/sprintf-js cache-miss
234 silly packumentCache corgi:https://registry.npmjs.org/is-fullwidth-code-point cache-miss
235 silly packumentCache corgi:https://registry.npmjs.org/is-glob cache-miss
236 silly packumentCache corgi:https://registry.npmjs.org/indent-string cache-miss
237 silly packumentCache corgi:https://registry.npmjs.org/inherits cache-miss
238 silly packumentCache corgi:https://registry.npmjs.org/is-extglob cache-miss
239 silly packumentCache corgi:https://registry.npmjs.org/ignore-walk cache-miss
240 silly packumentCache corgi:https://registry.npmjs.org/imurmurhash cache-miss
241 silly packumentCache corgi:https://registry.npmjs.org/ip-address cache-miss
242 silly packumentCache corgi:https://registry.npmjs.org/http-cache-semantics cache-miss
243 silly packumentCache corgi:https://registry.npmjs.org/hosted-git-info cache-miss
244 silly packumentCache corgi:https://registry.npmjs.org/has-own-prop cache-miss
245 silly packumentCache corgi:https://registry.npmjs.org/has-flag cache-miss
246 silly packumentCache corgi:https://registry.npmjs.org/glob-parent cache-miss
247 silly packumentCache corgi:https://registry.npmjs.org/graceful-fs cache-miss
248 silly packumentCache corgi:https://registry.npmjs.org/signal-exit cache-miss
249 silly packumentCache corgi:https://registry.npmjs.org/get-caller-file cache-miss
250 silly packumentCache corgi:https://registry.npmjs.org/fs-extra cache-miss
251 silly packumentCache corgi:https://registry.npmjs.org/fs-minipass cache-miss
252 silly packumentCache corgi:https://registry.npmjs.org/foreground-child cache-miss
253 silly packumentCache corgi:https://registry.npmjs.org/find-up cache-miss
254 silly packumentCache corgi:https://registry.npmjs.org/flatted cache-miss
255 silly packumentCache corgi:https://registry.npmjs.org/find-process cache-miss
256 silly packumentCache corgi:https://registry.npmjs.org/fastest-levenshtein cache-miss
257 silly packumentCache corgi:https://registry.npmjs.org/fastq cache-miss
258 silly packumentCache corgi:https://registry.npmjs.org/fast-glob cache-miss
259 silly packumentCache corgi:https://registry.npmjs.org/fill-range cache-miss
260 silly packumentCache corgi:https://registry.npmjs.org/exponential-backoff cache-miss
261 silly packumentCache corgi:https://registry.npmjs.org/entities cache-miss
262 silly packumentCache corgi:https://registry.npmjs.org/iconv-lite cache-miss
263 silly packumentCache corgi:https://registry.npmjs.org/err-code cache-miss
264 silly packumentCache corgi:https://registry.npmjs.org/escalade cache-miss
265 silly packumentCache corgi:https://registry.npmjs.org/encoding cache-miss
266 silly packumentCache corgi:https://registry.npmjs.org/env-paths cache-miss
267 silly packumentCache corgi:https://registry.npmjs.org/emoji-regex cache-miss
268 silly packumentCache corgi:https://registry.npmjs.org/diff-sequences cache-miss
269 silly packumentCache corgi:https://registry.npmjs.org/debug cache-miss
270 silly packumentCache corgi:https://registry.npmjs.org/deepmerge cache-miss
271 silly packumentCache corgi:https://registry.npmjs.org/esprima cache-miss
272 silly packumentCache corgi:https://registry.npmjs.org/dataobject-parser cache-miss
273 silly packumentCache corgi:https://registry.npmjs.org/cpu-features cache-miss
274 silly packumentCache corgi:https://registry.npmjs.org/core-util-is cache-miss
275 silly packumentCache corgi:https://registry.npmjs.org/commander cache-miss
276 silly packumentCache corgi:https://registry.npmjs.org/comment-json cache-miss
277 silly packumentCache corgi:https://registry.npmjs.org/colors cache-miss
278 silly packumentCache corgi:https://registry.npmjs.org/color-name cache-miss
279 silly packumentCache corgi:https://registry.npmjs.org/color-convert cache-miss
280 silly packumentCache corgi:https://registry.npmjs.org/clean-stack cache-miss
281 silly packumentCache corgi:https://registry.npmjs.org/cli-table3 cache-miss
282 silly packumentCache corgi:https://registry.npmjs.org/chalk cache-miss
283 silly packumentCache corgi:https://registry.npmjs.org/braces cache-miss
284 silly packumentCache corgi:https://registry.npmjs.org/buildcheck cache-miss
285 silly packumentCache corgi:https://registry.npmjs.org/balanced-match cache-miss
286 silly packumentCache corgi:https://registry.npmjs.org/bcrypt-pbkdf cache-miss
287 silly packumentCache corgi:https://registry.npmjs.org/asn1 cache-miss
288 silly packumentCache corgi:https://registry.npmjs.org/argparse cache-miss
289 silly packumentCache corgi:https://registry.npmjs.org/ansi-styles cache-miss
290 silly packumentCache corgi:https://registry.npmjs.org/array-timsort cache-miss
291 silly packumentCache corgi:https://registry.npmjs.org/aggregate-error cache-miss
292 silly packumentCache corgi:https://registry.npmjs.org/@types%2fyargs-parser cache-miss
293 silly packumentCache corgi:https://registry.npmjs.org/@tufjs%2fmodels cache-miss
294 silly packumentCache corgi:https://registry.npmjs.org/@types%2fyargs cache-miss
295 silly packumentCache corgi:https://registry.npmjs.org/@tufjs%2fcanonical-json cache-miss
296 silly packumentCache corgi:https://registry.npmjs.org/@sinclair%2ftypebox cache-miss
297 silly packumentCache corgi:https://registry.npmjs.org/unique-slug cache-miss
298 silly packumentCache corgi:https://registry.npmjs.org/@sigstore%2fverify cache-miss
299 silly packumentCache corgi:https://registry.npmjs.org/@sigstore%2fsign cache-miss
300 silly packumentCache corgi:https://registry.npmjs.org/ssri cache-miss
301 silly packumentCache corgi:https://registry.npmjs.org/@sigstore%2ftuf cache-miss
302 silly packumentCache corgi:https://registry.npmjs.org/minipass-fetch cache-miss
303 silly packumentCache corgi:https://registry.npmjs.org/unique-filename cache-miss
304 silly packumentCache corgi:https://registry.npmjs.org/minipass cache-miss
305 silly packumentCache corgi:https://registry.npmjs.org/make-fetch-happen cache-miss
306 silly packumentCache corgi:https://registry.npmjs.org/fs-minipass cache-miss
307 silly packumentCache corgi:https://registry.npmjs.org/minipass-collect cache-miss
308 silly packumentCache corgi:https://registry.npmjs.org/@npmcli%2ffs cache-miss
309 silly packumentCache corgi:https://registry.npmjs.org/@npmcli%2fredact cache-miss
310 silly packumentCache corgi:https://registry.npmjs.org/@sigstore%2fcore cache-miss
311 silly packumentCache corgi:https://registry.npmjs.org/@sigstore%2fprotobuf-specs cache-miss
312 silly packumentCache corgi:https://registry.npmjs.org/@sigstore%2fbundle cache-miss
313 silly packumentCache corgi:https://registry.npmjs.org/cacache cache-miss
314 silly packumentCache corgi:https://registry.npmjs.org/@npmcli%2fpromise-spawn cache-miss
315 silly packumentCache corgi:https://registry.npmjs.org/proc-log cache-miss
316 silly packumentCache corgi:https://registry.npmjs.org/@npmcli%2fgit cache-miss
317 silly packumentCache corgi:https://registry.npmjs.org/socks-proxy-agent cache-miss
318 silly packumentCache corgi:https://registry.npmjs.org/@npmcli%2fagent cache-miss
319 silly packumentCache corgi:https://registry.npmjs.org/npm-pick-manifest cache-miss
320 silly packumentCache corgi:https://registry.npmjs.org/https-proxy-agent cache-miss
321 silly packumentCache corgi:https://registry.npmjs.org/npm-normalize-package-bin cache-miss
322 silly packumentCache corgi:https://registry.npmjs.org/http-proxy-agent cache-miss
323 silly packumentCache corgi:https://registry.npmjs.org/agent-base cache-miss
324 silly packumentCache corgi:https://registry.npmjs.org/@nodelib%2ffs.walk cache-miss
325 silly packumentCache corgi:https://registry.npmjs.org/@nodelib%2ffs.stat cache-miss
326 silly packumentCache corgi:https://registry.npmjs.org/@nodelib%2ffs.scandir cache-miss
327 silly packumentCache corgi:https://registry.npmjs.org/@jest%2fschemas cache-miss
328 silly packumentCache corgi:https://registry.npmjs.org/@colors%2fcolors cache-miss
329 http fetch GET 200 https://registry.npmjs.org/cliui 995ms (cache revalidated)
330 silly packumentCache corgi:https://registry.npmjs.org/cliui set size:30917 disposed:false
331 http fetch GET 200 https://registry.npmjs.org/winston-transport/-/winston-transport-4.9.0.tgz 1000ms (cache revalidated)
332 http fetch GET 200 https://registry.npmjs.org/yocto-queue 1001ms (cache revalidated)
333 silly packumentCache corgi:https://registry.npmjs.org/yocto-queue set size:8119 disposed:false
334 http fetch GET 200 https://registry.npmjs.org/yargs-parser 1002ms (cache revalidated)
335 silly packumentCache corgi:https://registry.npmjs.org/yargs-parser set size:114022 disposed:false
336 http fetch GET 200 https://registry.npmjs.org/wrap-ansi/-/wrap-ansi-7.0.0.tgz 1006ms (cache revalidated)
337 http fetch GET 200 https://registry.npmjs.org/y18n 1009ms (cache revalidated)
338 silly packumentCache corgi:https://registry.npmjs.org/y18n set size:28451 disposed:false
339 http fetch GET 200 https://registry.npmjs.org/validate-npm-package-name 1005ms (cache revalidated)
340 silly packumentCache corgi:https://registry.npmjs.org/validate-npm-package-name set size:15410 disposed:false
341 http fetch GET 200 https://registry.npmjs.org/unique-slug 1004ms (cache revalidated)
342 silly packumentCache corgi:https://registry.npmjs.org/unique-slug set size:9304 disposed:false
343 http fetch GET 200 https://registry.npmjs.org/@colors/colors/-/colors-1.6.0.tgz 1010ms (cache revalidated)
344 http fetch GET 200 https://registry.npmjs.org/yargs 1015ms (cache revalidated)
345 silly packumentCache corgi:https://registry.npmjs.org/yargs set size:342846 disposed:false
346 http fetch GET 200 https://registry.npmjs.org/async/-/async-3.2.6.tgz 1025ms (cache revalidated)
347 http fetch GET 200 https://registry.npmjs.org/which/-/which-4.0.0.tgz 1030ms (cache revalidated)
348 http fetch GET 200 https://registry.npmjs.org/universalify 1046ms (cache revalidated)
349 silly packumentCache corgi:https://registry.npmjs.org/universalify set size:8781 disposed:false
350 http fetch GET 200 https://registry.npmjs.org/uc.micro 1052ms (cache revalidated)
351 silly packumentCache corgi:https://registry.npmjs.org/uc.micro set size:6536 disposed:false
352 http fetch GET 200 https://registry.npmjs.org/util-deprecate 1057ms (cache revalidated)
353 silly packumentCache corgi:https://registry.npmjs.org/util-deprecate set size:1568 disposed:false
354 http fetch GET 200 https://registry.npmjs.org/ssri 1056ms (cache revalidated)
355 silly packumentCache corgi:https://registry.npmjs.org/ssri set size:42808 disposed:false
356 http fetch GET 200 https://registry.npmjs.org/tuf-js 1071ms (cache revalidated)
357 silly packumentCache corgi:https://registry.npmjs.org/tuf-js set size:37326 disposed:false
358 http fetch GET 200 https://registry.npmjs.org/make-fetch-happen 1073ms (cache revalidated)
359 silly packumentCache corgi:https://registry.npmjs.org/make-fetch-happen set size:181868 disposed:false
360 http fetch GET 200 https://registry.npmjs.org/tweetnacl 1080ms (cache revalidated)
361 silly packumentCache corgi:https://registry.npmjs.org/tweetnacl set size:19726 disposed:false
362 http fetch GET 200 https://registry.npmjs.org/winston/-/winston-3.17.0.tgz 1094ms (cache revalidated)
363 http fetch GET 200 https://registry.npmjs.org/minipass-fetch 1093ms (cache revalidated)
364 silly packumentCache corgi:https://registry.npmjs.org/minipass-fetch set size:55769 disposed:false
365 http fetch GET 200 https://registry.npmjs.org/tar 1108ms (cache revalidated)
366 silly packumentCache corgi:https://registry.npmjs.org/tar set size:160112 disposed:false
367 http fetch GET 200 https://registry.npmjs.org/unique-filename 1116ms (cache revalidated)
368 silly packumentCache corgi:https://registry.npmjs.org/unique-filename set size:9609 disposed:false
369 http fetch GET 200 https://registry.npmjs.org/supports-color 1122ms (cache revalidated)
370 silly packumentCache corgi:https://registry.npmjs.org/supports-color set size:54084 disposed:false
371 http fetch GET 200 https://registry.npmjs.org/triple-beam/-/triple-beam-1.4.1.tgz 1132ms (cache revalidated)
372 http fetch GET 200 https://registry.npmjs.org/validate-npm-package-license 1178ms (cache revalidated)
373 silly packumentCache corgi:https://registry.npmjs.org/validate-npm-package-license set size:7773 disposed:false
374 http fetch GET 200 https://registry.npmjs.org/minipass 1205ms (cache revalidated)
375 silly packumentCache corgi:https://registry.npmjs.org/minipass set size:115719 disposed:false
376 http fetch GET 200 https://registry.npmjs.org/yallist 1207ms (cache revalidated)
377 silly packumentCache corgi:https://registry.npmjs.org/yallist set size:13036 disposed:false
378 http fetch GET 200 https://registry.npmjs.org/chownr 1208ms (cache revalidated)
379 silly packumentCache corgi:https://registry.npmjs.org/chownr set size:11768 disposed:false
380 http fetch GET 200 https://registry.npmjs.org/underscore 1214ms (cache revalidated)
381 silly packumentCache corgi:https://registry.npmjs.org/underscore set size:53727 disposed:false
382 http fetch GET 200 https://registry.npmjs.org/minipass 1215ms (cache revalidated)
383 silly packumentCache corgi:https://registry.npmjs.org/minipass set size:115719 disposed:false
384 silly packumentCache corgi:https://registry.npmjs.org/minipass dispose
385 http fetch GET 200 https://registry.npmjs.org/strip-ansi 1217ms (cache revalidated)
386 silly packumentCache corgi:https://registry.npmjs.org/strip-ansi set size:18603 disposed:false
387 http fetch GET 200 https://registry.npmjs.org/string-width 1220ms (cache revalidated)
388 silly packumentCache corgi:https://registry.npmjs.org/string-width set size:29561 disposed:false
389 http fetch GET 200 https://registry.npmjs.org/string-width/-/string-width-4.2.3.tgz 1225ms (cache revalidated)
390 http fetch GET 200 https://registry.npmjs.org/universalify/-/universalify-0.1.2.tgz 1224ms (cache revalidated)
391 http fetch GET 200 https://registry.npmjs.org/strip-ansi/-/strip-ansi-6.0.1.tgz 1226ms (cache revalidated)
392 http fetch GET 200 https://registry.npmjs.org/jsonfile/-/jsonfile-4.0.0.tgz 1227ms (cache revalidated)
393 http fetch GET 200 https://registry.npmjs.org/minipass-collect 1231ms (cache revalidated)
394 silly packumentCache corgi:https://registry.npmjs.org/minipass-collect set size:5951 disposed:false
395 http fetch GET 200 https://registry.npmjs.org/string_decoder 1261ms (cache revalidated)
396 silly packumentCache corgi:https://registry.npmjs.org/string_decoder set size:11185 disposed:false
397 http fetch GET 200 https://registry.npmjs.org/fs-extra/-/fs-extra-8.1.0.tgz 1266ms (cache revalidated)
398 http fetch GET 200 https://registry.npmjs.org/wrap-ansi 1283ms (cache revalidated)
399 silly packumentCache corgi:https://registry.npmjs.org/wrap-ansi set size:24757 disposed:false
400 http fetch GET 200 https://registry.npmjs.org/ssh2 1276ms (cache revalidated)
401 silly packumentCache corgi:https://registry.npmjs.org/ssh2 set size:87448 disposed:false
402 http fetch GET 200 https://registry.npmjs.org/simple-swizzle/-/simple-swizzle-0.2.2.tgz 1279ms (cache revalidated)
403 http fetch GET 200 https://registry.npmjs.org/spdx-expression-parse 1280ms (cache revalidated)
404 silly packumentCache corgi:https://registry.npmjs.org/spdx-expression-parse set size:8640 disposed:false
405 http fetch GET 200 https://registry.npmjs.org/spdx-license-ids 1283ms (cache revalidated)
406 silly packumentCache corgi:https://registry.npmjs.org/spdx-license-ids set size:36421 disposed:false
407 http fetch GET 200 https://registry.npmjs.org/spdx-correct 1284ms (cache revalidated)
408 silly packumentCache corgi:https://registry.npmjs.org/spdx-correct set size:17118 disposed:false
409 http fetch GET 200 https://registry.npmjs.org/spdx-exceptions 1287ms (cache revalidated)
410 silly packumentCache corgi:https://registry.npmjs.org/spdx-exceptions set size:8077 disposed:false
411 http fetch GET 200 https://registry.npmjs.org/shebang-regex 1288ms (cache revalidated)
412 silly packumentCache corgi:https://registry.npmjs.org/shebang-regex set size:4332 disposed:false
413 http fetch GET 200 https://registry.npmjs.org/is-arrayish/-/is-arrayish-0.3.2.tgz 1290ms (cache revalidated)
414 http fetch GET 200 https://registry.npmjs.org/streamroller/-/streamroller-3.1.5.tgz 1310ms (cache revalidated)
415 http fetch GET 200 https://registry.npmjs.org/socks 1308ms (cache revalidated)
416 silly packumentCache corgi:https://registry.npmjs.org/socks set size:65181 disposed:false
417 http fetch GET 200 https://registry.npmjs.org/to-regex-range 1311ms (cache revalidated)
418 silly packumentCache corgi:https://registry.npmjs.org/to-regex-range set size:17851 disposed:false
419 http fetch GET 200 https://registry.npmjs.org/semver 1332ms (cache revalidated)
420 silly packumentCache corgi:https://registry.npmjs.org/semver set size:95618 disposed:false
421 http fetch GET 200 https://registry.npmjs.org/smart-buffer 1338ms (cache revalidated)
422 silly packumentCache corgi:https://registry.npmjs.org/smart-buffer set size:25136 disposed:false
423 http fetch GET 200 https://registry.npmjs.org/shebang-command 1361ms (cache revalidated)
424 silly packumentCache corgi:https://registry.npmjs.org/shebang-command set size:3464 disposed:false
425 http fetch GET 200 https://registry.npmjs.org/rfdc/-/rfdc-1.4.1.tgz 1362ms (cache revalidated)
426 http fetch GET 200 https://registry.npmjs.org/stack-trace 1368ms (cache revalidated)
427 silly packumentCache corgi:https://registry.npmjs.org/stack-trace set size:8817 disposed:false
428 http fetch GET 200 https://registry.npmjs.org/run-parallel 1373ms (cache revalidated)
429 silly packumentCache corgi:https://registry.npmjs.org/run-parallel set size:12723 disposed:false
430 http fetch GET 200 https://registry.npmjs.org/cacache 1374ms (cache revalidated)
431 silly packumentCache corgi:https://registry.npmjs.org/cacache set size:155668 disposed:false
432 http fetch GET 200 https://registry.npmjs.org/require-directory 1393ms (cache revalidated)
433 silly packumentCache corgi:https://registry.npmjs.org/require-directory set size:6877 disposed:false
434 http fetch GET 200 https://registry.npmjs.org/read 1396ms (cache revalidated)
435 silly packumentCache corgi:https://registry.npmjs.org/read set size:17311 disposed:false
436 http fetch GET 200 https://registry.npmjs.org/fs-minipass 1400ms (cache revalidated)
437 silly packumentCache corgi:https://registry.npmjs.org/fs-minipass set size:19625 disposed:false
438 http fetch GET 200 https://registry.npmjs.org/safe-stable-stringify/-/safe-stable-stringify-2.5.0.tgz 1404ms (cache revalidated)
439 http fetch GET 200 https://registry.npmjs.org/text-hex/-/text-hex-1.0.0.tgz 1412ms (cache revalidated)
440 http fetch GET 200 https://registry.npmjs.org/sigstore 1407ms (cache revalidated)
441 silly packumentCache corgi:https://registry.npmjs.org/sigstore set size:61429 disposed:false
442 http fetch GET 200 https://registry.npmjs.org/retry 1407ms (cache revalidated)
443 silly packumentCache corgi:https://registry.npmjs.org/retry set size:9526 disposed:false
444 http fetch GET 200 https://registry.npmjs.org/reusify 1407ms (cache revalidated)
445 silly packumentCache corgi:https://registry.npmjs.org/reusify set size:3975 disposed:false
446 http fetch GET 200 https://registry.npmjs.org/safer-buffer 1411ms (cache revalidated)
447 silly packumentCache corgi:https://registry.npmjs.org/safer-buffer set size:3543 disposed:false
448 http fetch GET 200 https://registry.npmjs.org/queue-microtask 1423ms (cache revalidated)
449 silly packumentCache corgi:https://registry.npmjs.org/queue-microtask set size:17535 disposed:false
450 http fetch GET 200 https://registry.npmjs.org/repeat-string 1426ms (cache revalidated)
451 silly packumentCache corgi:https://registry.npmjs.org/repeat-string set size:10503 disposed:false
452 http fetch GET 200 https://registry.npmjs.org/safe-buffer 1430ms (cache revalidated)
453 silly packumentCache corgi:https://registry.npmjs.org/safe-buffer set size:9110 disposed:false
454 http fetch GET 200 https://registry.npmjs.org/readable-stream 1429ms (cache revalidated)
455 silly packumentCache corgi:https://registry.npmjs.org/readable-stream set size:120297 disposed:false
456 http fetch GET 200 https://registry.npmjs.org/react-is 1460ms (cache revalidated)
457 silly packumentCache corgi:https://registry.npmjs.org/react-is set size:2450121 disposed:false
458 http fetch GET 200 https://registry.npmjs.org/promise-inflight 1479ms (cache revalidated)
459 silly packumentCache corgi:https://registry.npmjs.org/promise-inflight set size:1132 disposed:false
460 http fetch GET 200 https://registry.npmjs.org/progress 1478ms (cache revalidated)
461 silly packumentCache corgi:https://registry.npmjs.org/progress set size:12986 disposed:false
462 http fetch GET 200 https://registry.npmjs.org/unique-filename 1479ms (cache revalidated)
463 silly packumentCache corgi:https://registry.npmjs.org/unique-filename set size:9609 disposed:false
464 silly packumentCache corgi:https://registry.npmjs.org/unique-filename dispose
465 http fetch GET 200 https://registry.npmjs.org/ansi-styles 1483ms (cache revalidated)
466 silly packumentCache corgi:https://registry.npmjs.org/ansi-styles set size:29858 disposed:false
467 http fetch GET 200 https://registry.npmjs.org/minipass 1484ms (cache revalidated)
468 silly packumentCache corgi:https://registry.npmjs.org/minipass set size:115719 disposed:true
469 silly packumentCache corgi:https://registry.npmjs.org/minipass dispose
470 http fetch GET 200 https://registry.npmjs.org/promise-retry 1488ms (cache revalidated)
471 silly packumentCache corgi:https://registry.npmjs.org/promise-retry set size:12745 disposed:false
472 http fetch GET 200 https://registry.npmjs.org/picomatch 1489ms (cache revalidated)
473 silly packumentCache corgi:https://registry.npmjs.org/picomatch set size:42189 disposed:false
474 http fetch GET 200 https://registry.npmjs.org/pretty-format 1504ms (cache revalidated)
475 silly packumentCache corgi:https://registry.npmjs.org/pretty-format set size:306974 disposed:false
476 http fetch GET 200 https://registry.npmjs.org/prettyjson 1523ms (cache revalidated)
477 silly packumentCache corgi:https://registry.npmjs.org/prettyjson set size:28333 disposed:false
478 http fetch GET 200 https://registry.npmjs.org/unique-slug 1545ms (cache revalidated)
479 silly packumentCache corgi:https://registry.npmjs.org/unique-slug set size:9304 disposed:false
480 silly packumentCache corgi:https://registry.npmjs.org/unique-slug dispose
481 http fetch GET 200 https://registry.npmjs.org/proc-log 1548ms (cache revalidated)
482 silly packumentCache corgi:https://registry.npmjs.org/proc-log set size:11325 disposed:false
483 http fetch GET 200 https://registry.npmjs.org/npm-bundled 1556ms (cache revalidated)
484 silly packumentCache corgi:https://registry.npmjs.org/npm-bundled set size:19516 disposed:false
485 http fetch GET 200 https://registry.npmjs.org/punycode.js 1571ms (cache revalidated)
486 silly packumentCache corgi:https://registry.npmjs.org/punycode.js set size:2914 disposed:false
487 http fetch GET 200 https://registry.npmjs.org/path-scurry 1569ms (cache revalidated)
488 silly packumentCache corgi:https://registry.npmjs.org/path-scurry set size:41644 disposed:false
489 http fetch GET 200 https://registry.npmjs.org/pacote 1572ms (cache revalidated)
490 silly packumentCache corgi:https://registry.npmjs.org/pacote set size:388737 disposed:false
491 http fetch GET 200 https://registry.npmjs.org/wontache 1603ms (cache revalidated)
492 silly packumentCache corgi:https://registry.npmjs.org/wontache set size:5714 disposed:false
493 http fetch GET 200 https://registry.npmjs.org/ssri 1583ms (cache revalidated)
494 silly packumentCache corgi:https://registry.npmjs.org/ssri set size:42808 disposed:false
495 silly packumentCache corgi:https://registry.npmjs.org/ssri dispose
496 http fetch GET 200 https://registry.npmjs.org/npm-normalize-package-bin 1585ms (cache revalidated)
497 silly packumentCache corgi:https://registry.npmjs.org/npm-normalize-package-bin set size:10071 disposed:false
498 http fetch GET 200 https://registry.npmjs.org/node-gyp 1586ms (cache revalidated)
499 silly packumentCache corgi:https://registry.npmjs.org/node-gyp set size:156213 disposed:false
500 http fetch GET 200 https://registry.npmjs.org/path-key 1594ms (cache revalidated)
501 silly packumentCache corgi:https://registry.npmjs.org/path-key set size:7889 disposed:false
502 http fetch GET 200 https://registry.npmjs.org/minipass-collect 1592ms (cache revalidated)
503 silly packumentCache corgi:https://registry.npmjs.org/minipass-collect set size:5951 disposed:false
504 silly packumentCache corgi:https://registry.npmjs.org/minipass-collect dispose
505 http fetch GET 200 https://registry.npmjs.org/npm-pick-manifest 1597ms (cache revalidated)
506 silly packumentCache corgi:https://registry.npmjs.org/npm-pick-manifest set size:42277 disposed:false
507 http fetch GET 200 https://registry.npmjs.org/@npmcli%2ffs 1614ms (cache revalidated)
508 silly packumentCache corgi:https://registry.npmjs.org/@npmcli%2ffs set size:18922 disposed:false
509 http fetch GET 200 https://registry.npmjs.org/nopt 1616ms (cache revalidated)
510 silly packumentCache corgi:https://registry.npmjs.org/nopt set size:28082 disposed:false
511 http fetch GET 200 https://registry.npmjs.org/npm-packlist 1618ms (cache revalidated)
512 silly packumentCache corgi:https://registry.npmjs.org/npm-packlist set size:95528 disposed:false
513 http fetch GET 200 https://registry.npmjs.org/proc-log 1621ms (cache revalidated)
514 silly packumentCache corgi:https://registry.npmjs.org/proc-log set size:11325 disposed:false
515 silly packumentCache corgi:https://registry.npmjs.org/proc-log dispose
516 http fetch GET 200 https://registry.npmjs.org/path-exists 1625ms (cache revalidated)
517 silly packumentCache corgi:https://registry.npmjs.org/path-exists set size:5428 disposed:false
518 http fetch GET 200 https://registry.npmjs.org/p-locate 1647ms (cache revalidated)
519 silly packumentCache corgi:https://registry.npmjs.org/p-locate set size:9468 disposed:false
520 http fetch GET 200 https://registry.npmjs.org/abbrev 1650ms (cache revalidated)
521 silly packumentCache corgi:https://registry.npmjs.org/abbrev set size:7942 disposed:false
522 http fetch GET 200 https://registry.npmjs.org/minipass 1653ms (cache revalidated)
523 silly packumentCache corgi:https://registry.npmjs.org/minipass set size:115719 disposed:true
524 silly packumentCache corgi:https://registry.npmjs.org/minipass dispose
525 http fetch GET 200 https://registry.npmjs.org/minipass-fetch 1656ms (cache revalidated)
526 silly packumentCache corgi:https://registry.npmjs.org/minipass-fetch set size:55769 disposed:false
527 silly packumentCache corgi:https://registry.npmjs.org/minipass-fetch dispose
528 http fetch GET 200 https://registry.npmjs.org/fs-minipass 1669ms (cache revalidated)
529 silly packumentCache corgi:https://registry.npmjs.org/fs-minipass set size:19625 disposed:false
530 silly packumentCache corgi:https://registry.npmjs.org/fs-minipass dispose
531 http fetch GET 200 https://registry.npmjs.org/json-parse-even-better-errors 1689ms (cache revalidated)
532 silly packumentCache corgi:https://registry.npmjs.org/json-parse-even-better-errors set size:14454 disposed:false
533 http fetch GET 200 https://registry.npmjs.org/@npmcli%2fpackage-json 1692ms (cache revalidated)
534 silly packumentCache corgi:https://registry.npmjs.org/@npmcli%2fpackage-json set size:30570 disposed:false
535 http fetch GET 200 https://registry.npmjs.org/unique-slug 1691ms (cache revalidated)
536 silly packumentCache corgi:https://registry.npmjs.org/unique-slug set size:9304 disposed:true
537 silly packumentCache corgi:https://registry.npmjs.org/unique-slug dispose
538 http fetch GET 200 https://registry.npmjs.org/@npmcli%2frun-script 1698ms (cache revalidated)
539 silly packumentCache corgi:https://registry.npmjs.org/@npmcli%2frun-script set size:98912 disposed:false
540 http fetch GET 200 https://registry.npmjs.org/@npmcli%2ffs 1700ms (cache revalidated)
541 silly packumentCache corgi:https://registry.npmjs.org/@npmcli%2ffs set size:18922 disposed:false
542 silly packumentCache corgi:https://registry.npmjs.org/@npmcli%2ffs dispose
543 http fetch GET 200 https://registry.npmjs.org/opener 1700ms (cache revalidated)
544 silly packumentCache corgi:https://registry.npmjs.org/opener set size:9332 disposed:false
545 http fetch GET 200 https://registry.npmjs.org/npm-registry-fetch 1702ms (cache revalidated)
546 silly packumentCache corgi:https://registry.npmjs.org/npm-registry-fetch set size:133668 disposed:false
547 http fetch GET 200 https://registry.npmjs.org/proc-log 1730ms (cache revalidated)
548 silly packumentCache corgi:https://registry.npmjs.org/proc-log set size:11325 disposed:true
549 silly packumentCache corgi:https://registry.npmjs.org/proc-log dispose
550 http fetch GET 200 https://registry.npmjs.org/unique-filename 1734ms (cache revalidated)
551 silly packumentCache corgi:https://registry.npmjs.org/unique-filename set size:9609 disposed:true
552 silly packumentCache corgi:https://registry.npmjs.org/unique-filename dispose
553 http fetch GET 200 https://registry.npmjs.org/p-map 1738ms (cache revalidated)
554 silly packumentCache corgi:https://registry.npmjs.org/p-map set size:23596 disposed:false
555 http fetch GET 200 https://registry.npmjs.org/ssri 1738ms (cache revalidated)
556 silly packumentCache corgi:https://registry.npmjs.org/ssri set size:42808 disposed:true
557 silly packumentCache corgi:https://registry.npmjs.org/ssri dispose
558 http fetch GET 200 https://registry.npmjs.org/cacache 1743ms (cache revalidated)
559 silly packumentCache corgi:https://registry.npmjs.org/cacache set size:155668 disposed:false
560 silly packumentCache corgi:https://registry.npmjs.org/cacache dispose
561 http fetch GET 200 https://registry.npmjs.org/make-fetch-happen 1742ms (cache revalidated)
562 silly packumentCache corgi:https://registry.npmjs.org/make-fetch-happen set size:181868 disposed:false
563 silly packumentCache corgi:https://registry.npmjs.org/make-fetch-happen dispose
564 http fetch GET 200 https://registry.npmjs.org/minipass-collect 1762ms (cache revalidated)
565 silly packumentCache corgi:https://registry.npmjs.org/minipass-collect set size:5951 disposed:true
566 silly packumentCache corgi:https://registry.npmjs.org/minipass-collect dispose
567 http fetch GET 200 https://registry.npmjs.org/proc-log 1761ms (cache revalidated)
568 silly packumentCache corgi:https://registry.npmjs.org/proc-log set size:11325 disposed:true
569 silly packumentCache corgi:https://registry.npmjs.org/proc-log dispose
570 http fetch GET 200 https://registry.npmjs.org/p-limit 1770ms (cache revalidated)
571 silly packumentCache corgi:https://registry.npmjs.org/p-limit set size:27841 disposed:false
572 http fetch GET 200 https://registry.npmjs.org/package-json-from-dist 1775ms (cache revalidated)
573 silly packumentCache corgi:https://registry.npmjs.org/package-json-from-dist set size:1491 disposed:false
574 http fetch GET 200 https://registry.npmjs.org/@npmcli%2ffs 1786ms (cache revalidated)
575 silly packumentCache corgi:https://registry.npmjs.org/@npmcli%2ffs set size:18922 disposed:true
576 silly packumentCache corgi:https://registry.npmjs.org/@npmcli%2ffs dispose
577 http fetch GET 200 https://registry.npmjs.org/minipass 1794ms (cache revalidated)
578 silly packumentCache corgi:https://registry.npmjs.org/minipass set size:115719 disposed:true
579 silly packumentCache corgi:https://registry.npmjs.org/minipass dispose
580 http fetch GET 200 https://registry.npmjs.org/minipass-fetch 1799ms (cache revalidated)
581 silly packumentCache corgi:https://registry.npmjs.org/minipass-fetch set size:55769 disposed:true
582 silly packumentCache corgi:https://registry.npmjs.org/minipass-fetch dispose
583 http fetch GET 200 https://registry.npmjs.org/make-fetch-happen 1803ms (cache revalidated)
584 silly packumentCache corgi:https://registry.npmjs.org/make-fetch-happen set size:181868 disposed:true
585 silly packumentCache corgi:https://registry.npmjs.org/make-fetch-happen dispose
586 http fetch GET 200 https://registry.npmjs.org/npm-install-checks 1801ms (cache revalidated)
587 silly packumentCache corgi:https://registry.npmjs.org/npm-install-checks set size:25347 disposed:false
588 http fetch GET 200 https://registry.npmjs.org/mute-stream 1802ms (cache revalidated)
589 silly packumentCache corgi:https://registry.npmjs.org/mute-stream set size:8654 disposed:false
590 http fetch GET 200 https://registry.npmjs.org/mustache 1804ms (cache revalidated)
591 silly packumentCache corgi:https://registry.npmjs.org/mustache set size:39854 disposed:false
592 http fetch GET 200 https://registry.npmjs.org/negotiator 1806ms (cache revalidated)
593 silly packumentCache corgi:https://registry.npmjs.org/negotiator set size:17698 disposed:false
594 http fetch GET 200 https://registry.npmjs.org/one-time/-/one-time-1.0.0.tgz 1816ms (cache revalidated)
595 http fetch GET 200 https://registry.npmjs.org/yallist 1834ms (cache revalidated)
596 silly packumentCache corgi:https://registry.npmjs.org/yallist set size:13036 disposed:false
597 silly packumentCache corgi:https://registry.npmjs.org/yallist dispose
598 http fetch GET 200 https://registry.npmjs.org/npm-package-arg 1841ms (cache revalidated)
599 silly packumentCache corgi:https://registry.npmjs.org/npm-package-arg set size:58404 disposed:false
600 http fetch GET 200 https://registry.npmjs.org/yallist 1841ms (cache revalidated)
601 silly packumentCache corgi:https://registry.npmjs.org/yallist set size:13036 disposed:true
602 silly packumentCache corgi:https://registry.npmjs.org/yallist dispose
603 http fetch GET 200 https://registry.npmjs.org/normalize-package-data 1855ms (cache revalidated)
604 silly packumentCache corgi:https://registry.npmjs.org/normalize-package-data set size:54452 disposed:false
605 http fetch GET 200 https://registry.npmjs.org/minipass 1866ms (cache revalidated)
606 silly packumentCache corgi:https://registry.npmjs.org/minipass set size:115719 disposed:true
607 silly packumentCache corgi:https://registry.npmjs.org/minipass dispose
608 http fetch GET 200 https://registry.npmjs.org/mkdirp 1871ms (cache revalidated)
609 silly packumentCache corgi:https://registry.npmjs.org/mkdirp set size:49417 disposed:false
610 http fetch GET 200 https://registry.npmjs.org/cacache 1889ms (cache revalidated)
611 silly packumentCache corgi:https://registry.npmjs.org/cacache set size:155668 disposed:true
612 silly packumentCache corgi:https://registry.npmjs.org/cacache dispose
613 http fetch GET 200 https://registry.npmjs.org/minipass-flush 1906ms (cache revalidated)
614 silly packumentCache corgi:https://registry.npmjs.org/minipass-flush set size:9169 disposed:false
615 http fetch GET 200 https://registry.npmjs.org/minipass-sized 1908ms (cache revalidated)
616 silly packumentCache corgi:https://registry.npmjs.org/minipass-sized set size:6284 disposed:false
617 http fetch GET 200 https://registry.npmjs.org/fs-minipass 1911ms (cache revalidated)
618 silly packumentCache corgi:https://registry.npmjs.org/fs-minipass set size:19625 disposed:true
619 silly packumentCache corgi:https://registry.npmjs.org/fs-minipass dispose
620 http fetch GET 200 https://registry.npmjs.org/minizlib 1910ms (cache revalidated)
621 silly packumentCache corgi:https://registry.npmjs.org/minizlib set size:26328 disposed:false
622 http fetch GET 200 https://registry.npmjs.org/minimist 1912ms (cache revalidated)
623 silly packumentCache corgi:https://registry.npmjs.org/minimist set size:29263 disposed:false
624 http fetch GET 200 https://registry.npmjs.org/merge2 1912ms (cache revalidated)
625 silly packumentCache corgi:https://registry.npmjs.org/merge2 set size:20236 disposed:false
626 http fetch GET 200 https://registry.npmjs.org/logform/-/logform-2.7.0.tgz 1915ms (cache revalidated)
627 http fetch GET 200 https://registry.npmjs.org/minimatch/-/minimatch-9.0.5.tgz 1920ms (cache revalidated)
628 http fetch GET 200 https://registry.npmjs.org/nan 1928ms (cache revalidated)
629 silly packumentCache corgi:https://registry.npmjs.org/nan set size:65346 disposed:false
630 http fetch GET 200 https://registry.npmjs.org/mdurl 1953ms (cache revalidated)
631 silly packumentCache corgi:https://registry.npmjs.org/mdurl set size:2388 disposed:false
632 http fetch GET 200 https://registry.npmjs.org/@npmcli%2fnode-gyp 1968ms (cache revalidated)
633 silly packumentCache corgi:https://registry.npmjs.org/@npmcli%2fnode-gyp set size:10118 disposed:false
634 http fetch GET 200 https://registry.npmjs.org/lru-cache 1959ms (cache revalidated)
635 silly packumentCache corgi:https://registry.npmjs.org/lru-cache set size:183359 disposed:false
636 http fetch GET 200 https://registry.npmjs.org/minipass-pipeline 1966ms (cache revalidated)
637 silly packumentCache corgi:https://registry.npmjs.org/minipass-pipeline set size:16852 disposed:false
638 http fetch GET 200 https://registry.npmjs.org/log4js/-/log4js-6.9.1.tgz 1983ms (cache revalidated)
639 http fetch GET 200 https://registry.npmjs.org/lodash 1998ms (cache revalidated)
640 silly packumentCache corgi:https://registry.npmjs.org/lodash set size:67972 disposed:false
641 http fetch GET 200 https://registry.npmjs.org/ms 2005ms (cache revalidated)
642 silly packumentCache corgi:https://registry.npmjs.org/ms set size:29397 disposed:false
643 http fetch GET 200 https://registry.npmjs.org/locate-path 2002ms (cache revalidated)
644 silly packumentCache corgi:https://registry.npmjs.org/locate-path set size:15540 disposed:false
645 http fetch GET 200 https://registry.npmjs.org/jsonparse 2001ms (cache revalidated)
646 silly packumentCache corgi:https://registry.npmjs.org/jsonparse set size:6010 disposed:false
647 http fetch GET 200 https://registry.npmjs.org/kuler/-/kuler-2.0.0.tgz 2005ms (cache revalidated)
648 http fetch GET 200 https://registry.npmjs.org/micromatch/-/micromatch-4.0.8.tgz 2020ms (cache revalidated)
649 http fetch GET 200 https://registry.npmjs.org/jsonschema 2026ms (cache revalidated)
650 silly packumentCache corgi:https://registry.npmjs.org/jsonschema set size:32348 disposed:false
651 http fetch GET 200 https://registry.npmjs.org/@colors/colors/-/colors-1.6.0.tgz 2033ms (cache revalidated)
652 http fetch GET 200 https://registry.npmjs.org/jest-get-type 2030ms (cache revalidated)
653 silly packumentCache corgi:https://registry.npmjs.org/jest-get-type set size:98765 disposed:false
654 http fetch GET 200 https://registry.npmjs.org/jsbn 2032ms (cache revalidated)
655 silly packumentCache corgi:https://registry.npmjs.org/jsbn set size:1925 disposed:false
656 http fetch GET 200 https://registry.npmjs.org/linkify-it 2035ms (cache revalidated)
657 silly packumentCache corgi:https://registry.npmjs.org/linkify-it set size:29870 disposed:false
658 http fetch GET 200 https://registry.npmjs.org/js-yaml 2035ms (cache revalidated)
659 silly packumentCache corgi:https://registry.npmjs.org/js-yaml set size:58533 disposed:false
660 http fetch GET 200 https://registry.npmjs.org/jackspeak/-/jackspeak-3.4.3.tgz 2041ms (cache revalidated)
661 http fetch GET 200 https://registry.npmjs.org/@npmcli%2finstalled-package-contents 2060ms (cache revalidated)
662 silly packumentCache corgi:https://registry.npmjs.org/@npmcli%2finstalled-package-contents set size:22621 disposed:false
663 http fetch GET 200 https://registry.npmjs.org/is-lambda 2073ms (cache revalidated)
664 silly packumentCache corgi:https://registry.npmjs.org/is-lambda set size:1177 disposed:false
665 http fetch GET 200 https://registry.npmjs.org/is-stream 2075ms (cache revalidated)
666 silly packumentCache corgi:https://registry.npmjs.org/is-stream set size:7952 disposed:false
667 http fetch GET 200 https://registry.npmjs.org/isexe/-/isexe-3.1.1.tgz 2081ms (cache revalidated)
668 http fetch GET 200 https://registry.npmjs.org/jest-diff 2082ms (cache revalidated)
669 silly packumentCache corgi:https://registry.npmjs.org/jest-diff set size:291019 disposed:false
670 http fetch GET 200 https://registry.npmjs.org/indent-string 2095ms (cache revalidated)
671 silly packumentCache corgi:https://registry.npmjs.org/indent-string set size:11999 disposed:false
672 http fetch GET 200 https://registry.npmjs.org/inherits 2109ms (cache revalidated)
673 silly packumentCache corgi:https://registry.npmjs.org/inherits set size:4424 disposed:false
674 http fetch GET 200 https://registry.npmjs.org/imurmurhash 2109ms (cache revalidated)
675 silly packumentCache corgi:https://registry.npmjs.org/imurmurhash set size:2644 disposed:false
676 http fetch GET 200 https://registry.npmjs.org/is-glob 2113ms (cache revalidated)
677 silly packumentCache corgi:https://registry.npmjs.org/is-glob set size:11060 disposed:false
678 http fetch GET 200 https://registry.npmjs.org/is-number 2116ms (cache revalidated)
679 silly packumentCache corgi:https://registry.npmjs.org/is-number set size:9995 disposed:false
680 http fetch GET 200 https://registry.npmjs.org/markdown-it 2122ms (cache revalidated)
681 silly packumentCache corgi:https://registry.npmjs.org/markdown-it set size:122025 disposed:false
682 http fetch GET 200 https://registry.npmjs.org/jsonfile 2124ms (cache revalidated)
683 silly packumentCache corgi:https://registry.npmjs.org/jsonfile set size:18853 disposed:false
684 http fetch GET 200 https://registry.npmjs.org/is-fullwidth-code-point 2136ms (cache revalidated)
685 silly packumentCache corgi:https://registry.npmjs.org/is-fullwidth-code-point set size:5986 disposed:false
686 http fetch GET 200 https://registry.npmjs.org/hosted-git-info 2145ms (cache revalidated)
687 silly packumentCache corgi:https://registry.npmjs.org/hosted-git-info set size:77606 disposed:false
688 http fetch GET 200 https://registry.npmjs.org/minipass/-/minipass-7.1.2.tgz 2148ms (cache revalidated)
689 http fetch GET 200 https://registry.npmjs.org/ip-address 2151ms (cache revalidated)
690 silly packumentCache corgi:https://registry.npmjs.org/ip-address set size:67464 disposed:false
691 http fetch GET 200 https://registry.npmjs.org/http-cache-semantics 2154ms (cache revalidated)
692 silly packumentCache corgi:https://registry.npmjs.org/http-cache-semantics set size:23293 disposed:false
693 http fetch GET 200 https://registry.npmjs.org/ignore-walk 2158ms (cache revalidated)
694 silly packumentCache corgi:https://registry.npmjs.org/ignore-walk set size:29370 disposed:false
695 http fetch GET 200 https://registry.npmjs.org/sprintf-js 2162ms (cache revalidated)
696 silly packumentCache corgi:https://registry.npmjs.org/sprintf-js set size:6246 disposed:false
697 http fetch GET 200 https://registry.npmjs.org/has-own-prop 2186ms (cache revalidated)
698 silly packumentCache corgi:https://registry.npmjs.org/has-own-prop set size:5950 disposed:false
699 http fetch GET 200 https://registry.npmjs.org/glob-parent 2188ms (cache revalidated)
700 silly packumentCache corgi:https://registry.npmjs.org/glob-parent set size:17983 disposed:false
701 http fetch GET 200 https://registry.npmjs.org/fs-minipass 2187ms (cache revalidated)
702 silly packumentCache corgi:https://registry.npmjs.org/fs-minipass set size:19625 disposed:true
703 silly packumentCache corgi:https://registry.npmjs.org/fs-minipass dispose
704 http fetch GET 200 https://registry.npmjs.org/graceful-fs 2191ms (cache revalidated)
705 silly packumentCache corgi:https://registry.npmjs.org/graceful-fs set size:59199 disposed:false
706 http fetch GET 200 https://registry.npmjs.org/is-extglob 2197ms (cache revalidated)
707 silly packumentCache corgi:https://registry.npmjs.org/is-extglob set size:2360 disposed:false
708 http fetch GET 200 https://registry.npmjs.org/glob/-/glob-10.4.5.tgz 2198ms (cache revalidated)
709 http fetch GET 200 https://registry.npmjs.org/find-up 2219ms (cache revalidated)
710 silly packumentCache corgi:https://registry.npmjs.org/find-up set size:17489 disposed:false
711 http fetch GET 200 https://registry.npmjs.org/get-caller-file 2236ms (cache revalidated)
712 silly packumentCache corgi:https://registry.npmjs.org/get-caller-file set size:13601 disposed:false
713 http fetch GET 200 https://registry.npmjs.org/foreground-child 2238ms (cache revalidated)
714 silly packumentCache corgi:https://registry.npmjs.org/foreground-child set size:21249 disposed:false
715 http fetch GET 200 https://registry.npmjs.org/fs-extra 2242ms (cache revalidated)
716 silly packumentCache corgi:https://registry.npmjs.org/fs-extra set size:87307 disposed:false
717 http fetch GET 200 https://registry.npmjs.org/signal-exit 2247ms (cache revalidated)
718 silly packumentCache corgi:https://registry.npmjs.org/signal-exit set size:21300 disposed:false
719 http fetch GET 200 https://registry.npmjs.org/flatted 2247ms (cache revalidated)
720 silly packumentCache corgi:https://registry.npmjs.org/flatted set size:54478 disposed:false
721 http fetch GET 200 https://registry.npmjs.org/has-flag 2271ms (cache revalidated)
722 silly packumentCache corgi:https://registry.npmjs.org/has-flag set size:6334 disposed:false
723 http fetch GET 200 https://registry.npmjs.org/fill-range 2266ms (cache revalidated)
724 silly packumentCache corgi:https://registry.npmjs.org/fill-range set size:26495 disposed:false
725 http fetch GET 200 https://registry.npmjs.org/fn.name/-/fn.name-1.1.0.tgz 2273ms (cache revalidated)
726 http fetch GET 200 https://registry.npmjs.org/fecha/-/fecha-4.2.3.tgz 2274ms (cache revalidated)
727 http fetch GET 200 https://registry.npmjs.org/fastest-levenshtein 2274ms (cache revalidated)
728 silly packumentCache corgi:https://registry.npmjs.org/fastest-levenshtein set size:35398 disposed:false
729 http fetch GET 200 https://registry.npmjs.org/fastq 2277ms (cache revalidated)
730 silly packumentCache corgi:https://registry.npmjs.org/fastq set size:30940 disposed:false
731 http fetch GET 200 https://registry.npmjs.org/fast-glob 2278ms (cache revalidated)
732 silly packumentCache corgi:https://registry.npmjs.org/fast-glob set size:86036 disposed:false
733 http fetch GET 200 https://registry.npmjs.org/exponential-backoff 2287ms (cache revalidated)
734 silly packumentCache corgi:https://registry.npmjs.org/exponential-backoff set size:28268 disposed:false
735 http fetch GET 200 https://registry.npmjs.org/find-process 2305ms (cache revalidated)
736 silly packumentCache corgi:https://registry.npmjs.org/find-process set size:34240 disposed:false
737 http fetch GET 200 https://registry.npmjs.org/escalade 2304ms (cache revalidated)
738 silly packumentCache corgi:https://registry.npmjs.org/escalade set size:13344 disposed:false
739 http fetch GET 200 https://registry.npmjs.org/iconv-lite 2307ms (cache revalidated)
740 silly packumentCache corgi:https://registry.npmjs.org/iconv-lite set size:41921 disposed:false
741 http fetch GET 200 https://registry.npmjs.org/enabled/-/enabled-2.0.0.tgz 2308ms (cache revalidated)
742 http fetch GET 200 https://registry.npmjs.org/err-code 2315ms (cache revalidated)
743 silly packumentCache corgi:https://registry.npmjs.org/err-code set size:13424 disposed:false
744 http fetch GET 200 https://registry.npmjs.org/entities 2332ms (cache revalidated)
745 silly packumentCache corgi:https://registry.npmjs.org/entities set size:41739 disposed:false
746 http fetch GET 200 https://registry.npmjs.org/diff-sequences 2334ms (cache revalidated)
747 silly packumentCache corgi:https://registry.npmjs.org/diff-sequences set size:95911 disposed:false
748 http fetch GET 200 https://registry.npmjs.org/date-format/-/date-format-4.0.14.tgz 2333ms (cache revalidated)
749 http fetch GET 200 https://registry.npmjs.org/dayjs/-/dayjs-1.11.13.tgz 2353ms (cache revalidated)
750 http fetch GET 200 https://registry.npmjs.org/eastasianwidth/-/eastasianwidth-0.2.0.tgz 2350ms (cache revalidated)
751 http fetch GET 200 https://registry.npmjs.org/env-paths 2357ms (cache revalidated)
752 silly packumentCache corgi:https://registry.npmjs.org/env-paths set size:10401 disposed:false
753 http fetch GET 200 https://registry.npmjs.org/esprima 2351ms (cache revalidated)
754 silly packumentCache corgi:https://registry.npmjs.org/esprima set size:37137 disposed:false
755 http fetch GET 200 https://registry.npmjs.org/deepmerge 2353ms (cache revalidated)
756 silly packumentCache corgi:https://registry.npmjs.org/deepmerge set size:46846 disposed:false
757 http fetch GET 200 https://registry.npmjs.org/encoding 2363ms (cache revalidated)
758 silly packumentCache corgi:https://registry.npmjs.org/encoding set size:8309 disposed:false
759 http fetch GET 200 https://registry.npmjs.org/emoji-regex 2381ms (cache revalidated)
760 silly packumentCache corgi:https://registry.npmjs.org/emoji-regex set size:40047 disposed:false
761 http fetch GET 200 https://registry.npmjs.org/debug 2382ms (cache revalidated)
762 silly packumentCache corgi:https://registry.npmjs.org/debug set size:75577 disposed:false
763 http fetch GET 200 https://registry.npmjs.org/isexe/-/isexe-2.0.0.tgz 2386ms (cache revalidated)
764 http fetch GET 200 https://registry.npmjs.org/cpu-features 2397ms (cache revalidated)
765 silly packumentCache corgi:https://registry.npmjs.org/cpu-features set size:13580 disposed:false
766 http fetch GET 200 https://registry.npmjs.org/comment-json 2400ms (cache revalidated)
767 silly packumentCache corgi:https://registry.npmjs.org/comment-json set size:75783 disposed:false
768 http fetch GET 200 https://registry.npmjs.org/which/-/which-2.0.2.tgz 2405ms (cache revalidated)
769 http fetch GET 200 https://registry.npmjs.org/cross-spawn/-/cross-spawn-7.0.6.tgz 2406ms (cache revalidated)
770 http fetch GET 200 https://registry.npmjs.org/color-string/-/color-string-1.9.1.tgz 2405ms (cache revalidated)
771 http fetch GET 200 https://registry.npmjs.org/colorspace/-/colorspace-1.1.4.tgz 2406ms (cache revalidated)
772 http fetch GET 200 https://registry.npmjs.org/core-util-is 2407ms (cache revalidated)
773 silly packumentCache corgi:https://registry.npmjs.org/core-util-is set size:3047 disposed:false
774 http fetch GET 200 https://registry.npmjs.org/commander 2409ms (cache revalidated)
775 silly packumentCache corgi:https://registry.npmjs.org/commander set size:134950 disposed:false
776 http fetch GET 200 https://registry.npmjs.org/colors 2412ms (cache revalidated)
777 silly packumentCache corgi:https://registry.npmjs.org/colors set size:22146 disposed:false
778 http fetch GET 200 https://registry.npmjs.org/cli-table3 2411ms (cache revalidated)
779 silly packumentCache corgi:https://registry.npmjs.org/cli-table3 set size:14793 disposed:false
780 http fetch GET 200 https://registry.npmjs.org/chalk 2431ms (cache revalidated)
781 silly packumentCache corgi:https://registry.npmjs.org/chalk set size:47870 disposed:false
782 http fetch GET 200 https://registry.npmjs.org/buildcheck 2445ms (cache revalidated)
783 silly packumentCache corgi:https://registry.npmjs.org/buildcheck set size:9122 disposed:false
784 http fetch GET 200 https://registry.npmjs.org/asn1 2446ms (cache revalidated)
785 silly packumentCache corgi:https://registry.npmjs.org/asn1 set size:11450 disposed:false
786 http fetch GET 200 https://registry.npmjs.org/clean-stack 2450ms (cache revalidated)
787 silly packumentCache corgi:https://registry.npmjs.org/clean-stack set size:26321 disposed:false
788 http fetch GET 200 https://registry.npmjs.org/color-name/-/color-name-1.1.3.tgz 2455ms (cache revalidated)
789 http fetch GET 200 https://registry.npmjs.org/braces 2454ms (cache revalidated)
790 silly packumentCache corgi:https://registry.npmjs.org/braces set size:35919 disposed:false
791 http fetch GET 200 https://registry.npmjs.org/color-name 2464ms (cache revalidated)
792 silly packumentCache corgi:https://registry.npmjs.org/color-name set size:7908 disposed:false
793 http fetch GET 200 https://registry.npmjs.org/argparse 2462ms (cache revalidated)
794 silly packumentCache corgi:https://registry.npmjs.org/argparse set size:19850 disposed:false
795 http fetch GET 200 https://registry.npmjs.org/bcrypt-pbkdf 2465ms (cache revalidated)
796 silly packumentCache corgi:https://registry.npmjs.org/bcrypt-pbkdf set size:1700 disposed:false
797 http fetch GET 200 https://registry.npmjs.org/brace-expansion/-/brace-expansion-2.0.2.tgz 2467ms (cache revalidated)
798 http fetch GET 200 https://registry.npmjs.org/color/-/color-3.2.1.tgz 2470ms (cache revalidated)
799 http fetch GET 200 https://registry.npmjs.org/color-convert/-/color-convert-1.9.3.tgz 2470ms (cache revalidated)
800 http fetch GET 200 https://registry.npmjs.org/color-convert 2472ms (cache revalidated)
801 silly packumentCache corgi:https://registry.npmjs.org/color-convert set size:26557 disposed:false
802 http fetch GET 200 https://registry.npmjs.org/balanced-match 2488ms (cache revalidated)
803 silly packumentCache corgi:https://registry.npmjs.org/balanced-match set size:11300 disposed:false
804 http fetch GET 200 https://registry.npmjs.org/lodash-deep 2523ms (cache revalidated)
805 silly packumentCache corgi:https://registry.npmjs.org/lodash-deep set size:7803 disposed:false
806 http fetch GET 200 https://registry.npmjs.org/ansi-regex/-/ansi-regex-5.0.1.tgz 2505ms (cache revalidated)
807 http fetch GET 200 https://registry.npmjs.org/ansi-styles 2506ms (cache revalidated)
808 silly packumentCache corgi:https://registry.npmjs.org/ansi-styles set size:29858 disposed:false
809 silly packumentCache corgi:https://registry.npmjs.org/ansi-styles dispose
810 http fetch GET 200 https://registry.npmjs.org/aggregate-error 2509ms (cache revalidated)
811 silly packumentCache corgi:https://registry.npmjs.org/aggregate-error set size:14955 disposed:false
812 http fetch GET 200 https://registry.npmjs.org/array-timsort 2523ms (cache revalidated)
813 silly packumentCache corgi:https://registry.npmjs.org/array-timsort set size:6578 disposed:false
814 http fetch GET 200 https://registry.npmjs.org/https-proxy-agent/-/https-proxy-agent-7.0.6.tgz 2522ms (cache revalidated)
815 http fetch GET 200 https://registry.npmjs.org/diff2html/-/diff2html-3.4.20-usewontache.1.60e7a2e.tgz 2560ms (cache revalidated)
816 http fetch GET 200 https://registry.npmjs.org/http-proxy-agent/-/http-proxy-agent-7.0.2.tgz 2562ms (cache revalidated)
817 http fetch GET 200 https://registry.npmjs.org/diff/-/diff-5.2.0.tgz 2578ms (cache revalidated)
818 http fetch GET 200 https://registry.npmjs.org/diff/-/diff-5.1.0.tgz 2585ms (cache revalidated)
819 http fetch GET 200 https://registry.npmjs.org/agent-base/-/agent-base-7.1.4.tgz 2621ms (cache revalidated)
820 http fetch GET 200 https://registry.npmjs.org/@tufjs%2fmodels 2623ms (cache revalidated)
821 silly packumentCache corgi:https://registry.npmjs.org/@tufjs%2fmodels set size:15086 disposed:false
822 http fetch GET 200 https://registry.npmjs.org/unique-slug 2637ms (cache revalidated)
823 silly packumentCache corgi:https://registry.npmjs.org/unique-slug set size:9304 disposed:true
824 silly packumentCache corgi:https://registry.npmjs.org/unique-slug dispose
825 http fetch GET 200 https://registry.npmjs.org/highlight.js/-/highlight.js-11.6.0.tgz 2691ms (cache revalidated)
826 http fetch GET 200 https://registry.npmjs.org/@sinclair%2ftypebox 2740ms (cache revalidated)
827 silly packumentCache corgi:https://registry.npmjs.org/@sinclair%2ftypebox set size:433266 disposed:false
828 http fetch GET 200 https://registry.npmjs.org/@tufjs%2fcanonical-json 2750ms (cache revalidated)
829 silly packumentCache corgi:https://registry.npmjs.org/@tufjs%2fcanonical-json set size:2655 disposed:false
830 http fetch GET 200 https://registry.npmjs.org/dataobject-parser 2771ms (cache revalidated)
831 silly packumentCache corgi:https://registry.npmjs.org/dataobject-parser set size:11595 disposed:false
832 http fetch GET 200 https://registry.npmjs.org/@types%2fyargs-parser 2762ms (cache revalidated)
833 silly packumentCache corgi:https://registry.npmjs.org/@types%2fyargs-parser set size:23083 disposed:false
834 http fetch GET 200 https://registry.npmjs.org/@types/triple-beam/-/triple-beam-1.3.5.tgz 2791ms (cache revalidated)
835 http fetch GET 200 https://registry.npmjs.org/@sigstore%2fsign 2792ms (cache revalidated)
836 silly packumentCache corgi:https://registry.npmjs.org/@sigstore%2fsign set size:14412 disposed:false
837 http fetch GET 200 https://registry.npmjs.org/@sigstore%2fverify 2811ms (cache revalidated)
838 silly packumentCache corgi:https://registry.npmjs.org/@sigstore%2fverify set size:8421 disposed:false
839 http fetch GET 200 https://registry.npmjs.org/minipass-fetch 2833ms (cache revalidated)
840 silly packumentCache corgi:https://registry.npmjs.org/minipass-fetch set size:55769 disposed:true
841 silly packumentCache corgi:https://registry.npmjs.org/minipass-fetch dispose
842 http fetch GET 200 https://registry.npmjs.org/ssri 2836ms (cache revalidated)
843 silly packumentCache corgi:https://registry.npmjs.org/ssri set size:42808 disposed:true
844 silly packumentCache corgi:https://registry.npmjs.org/ssri dispose
845 http fetch GET 200 https://registry.npmjs.org/unique-filename 2837ms (cache revalidated)
846 silly packumentCache corgi:https://registry.npmjs.org/unique-filename set size:9609 disposed:true
847 silly packumentCache corgi:https://registry.npmjs.org/unique-filename dispose
848 http fetch GET 200 https://registry.npmjs.org/@zowe/zos-tso-for-zowe-sdk/-/zos-tso-for-zowe-sdk-8.27.1.tgz 2881ms (cache revalidated)
849 http fetch GET 200 https://registry.npmjs.org/@zowe/zosmf-for-zowe-sdk/-/zosmf-for-zowe-sdk-8.27.1.tgz 2892ms (cache revalidated)
850 http fetch GET 200 https://registry.npmjs.org/make-fetch-happen 2883ms (cache revalidated)
851 silly packumentCache corgi:https://registry.npmjs.org/make-fetch-happen set size:181868 disposed:true
852 silly packumentCache corgi:https://registry.npmjs.org/make-fetch-happen dispose
853 http fetch GET 200 https://registry.npmjs.org/minipass 2888ms (cache revalidated)
854 silly packumentCache corgi:https://registry.npmjs.org/minipass set size:115719 disposed:true
855 silly packumentCache corgi:https://registry.npmjs.org/minipass dispose
856 http fetch GET 200 https://registry.npmjs.org/@sigstore%2ftuf 2903ms (cache revalidated)
857 silly packumentCache corgi:https://registry.npmjs.org/@sigstore%2ftuf set size:14547 disposed:false
858 http fetch GET 200 https://registry.npmjs.org/@zowe/zos-jobs-for-zowe-sdk/-/zos-jobs-for-zowe-sdk-8.27.1.tgz 2917ms (cache revalidated)
859 http fetch GET 200 https://registry.npmjs.org/cacache 2932ms (cache revalidated)
860 silly packumentCache corgi:https://registry.npmjs.org/cacache set size:155668 disposed:true
861 silly packumentCache corgi:https://registry.npmjs.org/cacache dispose
862 http fetch GET 200 https://registry.npmjs.org/fs-minipass 2938ms (cache revalidated)
863 silly packumentCache corgi:https://registry.npmjs.org/fs-minipass set size:19625 disposed:true
864 silly packumentCache corgi:https://registry.npmjs.org/fs-minipass dispose
865 http fetch GET 200 https://registry.npmjs.org/@zowe/zos-uss-for-zowe-sdk/-/zos-uss-for-zowe-sdk-8.27.1.tgz 2952ms (cache revalidated)
866 http fetch GET 200 https://registry.npmjs.org/@npmcli%2ffs 2945ms (cache revalidated)
867 silly packumentCache corgi:https://registry.npmjs.org/@npmcli%2ffs set size:18922 disposed:true
868 silly packumentCache corgi:https://registry.npmjs.org/@npmcli%2ffs dispose
869 http fetch GET 200 https://registry.npmjs.org/@sigstore%2fcore 2949ms (cache revalidated)
870 silly packumentCache corgi:https://registry.npmjs.org/@sigstore%2fcore set size:4405 disposed:false
871 http fetch GET 200 https://registry.npmjs.org/@zowe/secrets-for-zowe-sdk/-/secrets-for-zowe-sdk-8.27.0.tgz 2999ms (cache revalidated)
872 http fetch GET 200 https://registry.npmjs.org/@zowe/zos-console-for-zowe-sdk/-/zos-console-for-zowe-sdk-8.27.1.tgz 3007ms (cache revalidated)
873 http fetch GET 200 https://registry.npmjs.org/@npmcli%2fpromise-spawn 2997ms (cache revalidated)
874 silly packumentCache corgi:https://registry.npmjs.org/@npmcli%2fpromise-spawn set size:31072 disposed:false
875 http fetch GET 200 https://registry.npmjs.org/@zowe/zos-files-for-zowe-sdk/-/zos-files-for-zowe-sdk-8.27.1.tgz 3021ms (cache revalidated)
876 http fetch GET 200 https://registry.npmjs.org/@zowe/zos-logs-for-zowe-sdk/-/zos-logs-for-zowe-sdk-8.27.1.tgz 3038ms (cache revalidated)
877 http fetch GET 200 https://registry.npmjs.org/minipass-collect 3029ms (cache revalidated)
878 silly packumentCache corgi:https://registry.npmjs.org/minipass-collect set size:5951 disposed:true
879 silly packumentCache corgi:https://registry.npmjs.org/minipass-collect dispose
880 http fetch GET 200 https://registry.npmjs.org/proc-log 3029ms (cache revalidated)
881 silly packumentCache corgi:https://registry.npmjs.org/proc-log set size:11325 disposed:true
882 silly packumentCache corgi:https://registry.npmjs.org/proc-log dispose
883 http fetch GET 200 https://registry.npmjs.org/socks-proxy-agent 3030ms (cache revalidated)
884 silly packumentCache corgi:https://registry.npmjs.org/socks-proxy-agent set size:40447 disposed:false
885 http fetch GET 200 https://registry.npmjs.org/@npmcli%2fgit 3060ms (cache revalidated)
886 silly packumentCache corgi:https://registry.npmjs.org/@npmcli%2fgit set size:53220 disposed:false
887 http fetch GET 200 https://registry.npmjs.org/@sigstore%2fprotobuf-specs 3071ms (cache revalidated)
888 silly packumentCache corgi:https://registry.npmjs.org/@sigstore%2fprotobuf-specs set size:13056 disposed:false
889 http fetch GET 200 https://registry.npmjs.org/https-proxy-agent 3075ms (cache revalidated)
890 silly packumentCache corgi:https://registry.npmjs.org/https-proxy-agent set size:34633 disposed:false
891 http fetch GET 200 https://registry.npmjs.org/npm-pick-manifest 3079ms (cache revalidated)
892 silly packumentCache corgi:https://registry.npmjs.org/npm-pick-manifest set size:42277 disposed:false
893 silly packumentCache corgi:https://registry.npmjs.org/npm-pick-manifest dispose
894 http fetch GET 200 https://registry.npmjs.org/@pkgjs/parseargs/-/parseargs-0.11.0.tgz 3086ms (cache revalidated)
895 http fetch GET 200 https://registry.npmjs.org/http-proxy-agent 3092ms (cache revalidated)
896 silly packumentCache corgi:https://registry.npmjs.org/http-proxy-agent set size:22735 disposed:false
897 http fetch GET 200 https://registry.npmjs.org/@zowe/imperative/-/imperative-8.27.1.tgz 3146ms (cache revalidated)
898 http fetch GET 200 https://registry.npmjs.org/@types%2fyargs 3159ms (cache revalidated)
899 silly packumentCache corgi:https://registry.npmjs.org/@types%2fyargs set size:172458 disposed:false
900 http fetch GET 200 https://registry.npmjs.org/@nodelib%2ffs.scandir 3158ms (cache revalidated)
901 silly packumentCache corgi:https://registry.npmjs.org/@nodelib%2ffs.scandir set size:26977 disposed:false
902 http fetch GET 200 https://registry.npmjs.org/agent-base 3163ms (cache revalidated)
903 silly packumentCache corgi:https://registry.npmjs.org/agent-base set size:31363 disposed:false
904 http fetch GET 200 https://registry.npmjs.org/@jest%2fschemas 3162ms (cache revalidated)
905 silly packumentCache corgi:https://registry.npmjs.org/@jest%2fschemas set size:31013 disposed:false
906 http fetch GET 200 https://registry.npmjs.org/@nodelib%2ffs.stat 3165ms (cache revalidated)
907 silly packumentCache corgi:https://registry.npmjs.org/@nodelib%2ffs.stat set size:20318 disposed:false
908 http fetch GET 200 https://registry.npmjs.org/npm-normalize-package-bin 3179ms (cache revalidated)
909 silly packumentCache corgi:https://registry.npmjs.org/npm-normalize-package-bin set size:10071 disposed:false
910 silly packumentCache corgi:https://registry.npmjs.org/npm-normalize-package-bin dispose
911 http fetch GET 200 https://registry.npmjs.org/@zowe/provisioning-for-zowe-sdk/-/provisioning-for-zowe-sdk-8.27.1.tgz 3203ms (cache revalidated)
912 http fetch GET 200 https://registry.npmjs.org/@isaacs/cliui/-/cliui-8.0.2.tgz 3210ms (cache revalidated)
913 http fetch GET 200 https://registry.npmjs.org/@nodelib%2ffs.walk 3211ms (cache revalidated)
914 silly packumentCache corgi:https://registry.npmjs.org/@nodelib%2ffs.walk set size:22168 disposed:false
915 http fetch GET 200 https://registry.npmjs.org/emoji-regex/-/emoji-regex-9.2.2.tgz 3222ms (cache revalidated)
916 http fetch GET 200 https://registry.npmjs.org/ansi-styles/-/ansi-styles-6.2.3.tgz 3228ms (cache revalidated)
917 http fetch GET 200 https://registry.npmjs.org/string-width/-/string-width-5.1.2.tgz 3230ms (cache revalidated)
918 http fetch GET 200 https://registry.npmjs.org/wrap-ansi/-/wrap-ansi-8.1.0.tgz 3231ms (cache revalidated)
919 http fetch GET 200 https://registry.npmjs.org/strip-ansi/-/strip-ansi-7.1.2.tgz 3248ms (cache revalidated)
920 http fetch GET 200 https://registry.npmjs.org/@sigstore%2fbundle 3254ms (cache revalidated)
921 silly packumentCache corgi:https://registry.npmjs.org/@sigstore%2fbundle set size:9457 disposed:false
922 http fetch GET 200 https://registry.npmjs.org/ansi-regex/-/ansi-regex-6.2.2.tgz 3251ms (cache revalidated)
923 http fetch GET 200 https://registry.npmjs.org/@zowe/zos-workflows-for-zowe-sdk/-/zos-workflows-for-zowe-sdk-8.27.1.tgz 3276ms (cache revalidated)
924 http fetch GET 200 https://registry.npmjs.org/@dabh/diagnostics/-/diagnostics-2.0.3.tgz 3260ms (cache revalidated)
925 http fetch GET 200 https://registry.npmjs.org/@colors%2fcolors 3261ms (cache revalidated)
926 silly packumentCache corgi:https://registry.npmjs.org/@colors%2fcolors set size:3781 disposed:false
927 http fetch GET 200 https://registry.npmjs.org/@zowe/core-for-zowe-sdk/-/core-for-zowe-sdk-8.27.1.tgz 3296ms (cache revalidated)
928 http fetch GET 200 https://registry.npmjs.org/yargs-parser/-/yargs-parser-21.1.1.tgz 2404ms (cache revalidated)
929 http fetch GET 200 https://registry.npmjs.org/cliui/-/cliui-8.0.1.tgz 2413ms (cache revalidated)
930 http fetch GET 200 https://registry.npmjs.org/yocto-queue/-/yocto-queue-0.1.0.tgz 2409ms (cache revalidated)
931 http fetch GET 200 https://registry.npmjs.org/@npmcli%2fredact 3321ms (cache revalidated)
932 silly packumentCache corgi:https://registry.npmjs.org/@npmcli%2fredact set size:9717 disposed:false
933 http fetch GET 200 https://registry.npmjs.org/unique-slug/-/unique-slug-4.0.0.tgz 2423ms (cache revalidated)
934 http fetch GET 200 https://registry.npmjs.org/y18n/-/y18n-5.0.8.tgz 2427ms (cache revalidated)
935 http fetch GET 200 https://registry.npmjs.org/validate-npm-package-name/-/validate-npm-package-name-5.0.1.tgz 2463ms (cache revalidated)
936 http fetch GET 200 https://registry.npmjs.org/yargs/-/yargs-17.7.2.tgz 2496ms (cache revalidated)
937 http fetch GET 200 https://registry.npmjs.org/universalify/-/universalify-2.0.0.tgz 2467ms (cache revalidated)
938 http fetch GET 200 https://registry.npmjs.org/util-deprecate/-/util-deprecate-1.0.2.tgz 2459ms (cache revalidated)
939 http fetch GET 200 https://registry.npmjs.org/tweetnacl/-/tweetnacl-0.14.5.tgz 2435ms (cache revalidated)
940 http fetch GET 200 https://registry.npmjs.org/ssri/-/ssri-10.0.5.tgz 2458ms (cache revalidated)
941 http fetch GET 200 https://registry.npmjs.org/tuf-js/-/tuf-js-2.2.0.tgz 2445ms (cache revalidated)
942 http fetch GET 200 https://registry.npmjs.org/supports-color/-/supports-color-7.2.0.tgz 2390ms (cache revalidated)
943 http fetch GET 200 https://registry.npmjs.org/uc.micro/-/uc.micro-2.1.0.tgz 2467ms (cache revalidated)
944 http fetch GET 200 https://registry.npmjs.org/make-fetch-happen/-/make-fetch-happen-13.0.0.tgz 2442ms (cache revalidated)
945 http fetch GET 200 https://registry.npmjs.org/@npmcli%2fagent 3452ms (cache revalidated)
946 silly packumentCache corgi:https://registry.npmjs.org/@npmcli%2fagent set size:10844 disposed:false
947 http fetch GET 200 https://registry.npmjs.org/minipass/-/minipass-7.0.4.tgz 2354ms (cache revalidated)
948 http fetch GET 200 https://registry.npmjs.org/tar/-/tar-6.2.1.tgz 2451ms (cache revalidated)
949 http fetch GET 200 https://registry.npmjs.org/minipass-fetch/-/minipass-fetch-3.0.4.tgz 2470ms (cache revalidated)
950 http fetch GET 200 https://registry.npmjs.org/yallist/-/yallist-4.0.0.tgz 2355ms (cache revalidated)
951 http fetch GET 200 https://registry.npmjs.org/validate-npm-package-license/-/validate-npm-package-license-3.0.4.tgz 2396ms (cache revalidated)
952 http fetch GET 200 https://registry.npmjs.org/chownr/-/chownr-2.0.0.tgz 2361ms (cache revalidated)
953 http fetch GET 200 https://registry.npmjs.org/underscore/-/underscore-1.13.6.tgz 2400ms (cache revalidated)
954 http fetch GET 200 https://registry.npmjs.org/strip-ansi/-/strip-ansi-6.0.1.tgz 2394ms (cache revalidated)
955 http fetch GET 200 https://registry.npmjs.org/unique-filename/-/unique-filename-3.0.0.tgz 2502ms (cache revalidated)
956 http fetch GET 200 https://registry.npmjs.org/minipass/-/minipass-5.0.0.tgz 2403ms (cache revalidated)
957 http fetch GET 200 https://registry.npmjs.org/string-width/-/string-width-4.2.3.tgz 2414ms (cache revalidated)
958 http fetch GET 200 https://registry.npmjs.org/spdx-correct/-/spdx-correct-3.1.1.tgz 2356ms (cache revalidated)
959 http fetch GET 200 https://registry.npmjs.org/spdx-expression-parse/-/spdx-expression-parse-3.0.1.tgz 2361ms (cache revalidated)
960 http fetch GET 200 https://registry.npmjs.org/ssh2/-/ssh2-1.15.0.tgz 2367ms (cache revalidated)
961 http fetch GET 200 https://registry.npmjs.org/minipass-collect/-/minipass-collect-2.0.1.tgz 2420ms (cache revalidated)
962 http fetch GET 200 https://registry.npmjs.org/spdx-license-ids/-/spdx-license-ids-3.0.11.tgz 2362ms (cache revalidated)
963 http fetch GET 200 https://registry.npmjs.org/spdx-exceptions/-/spdx-exceptions-2.3.0.tgz 2379ms (cache revalidated)
964 http fetch GET 200 https://registry.npmjs.org/shebang-regex/-/shebang-regex-3.0.0.tgz 2387ms (cache revalidated)
965 http fetch GET 200 https://registry.npmjs.org/smart-buffer/-/smart-buffer-4.2.0.tgz 2336ms (cache revalidated)
966 http fetch GET 200 https://registry.npmjs.org/string_decoder/-/string_decoder-1.1.1.tgz 2417ms (cache revalidated)
967 http fetch GET 200 https://registry.npmjs.org/socks/-/socks-2.7.3.tgz 2368ms (cache revalidated)
968 http fetch GET 200 https://registry.npmjs.org/semver/-/semver-7.6.2.tgz 2375ms (cache revalidated)
969 http fetch GET 200 https://registry.npmjs.org/wrap-ansi/-/wrap-ansi-7.0.0.tgz 2442ms (cache revalidated)
970 http fetch GET 200 https://registry.npmjs.org/require-directory/-/require-directory-2.1.1.tgz 2316ms (cache revalidated)
971 http fetch GET 200 https://registry.npmjs.org/run-parallel/-/run-parallel-1.2.0.tgz 2338ms (cache revalidated)
972 http fetch GET 200 https://registry.npmjs.org/to-regex-range/-/to-regex-range-5.0.1.tgz 2404ms (cache revalidated)
973 http fetch GET 200 https://registry.npmjs.org/fs-minipass/-/fs-minipass-3.0.3.tgz 2313ms (cache revalidated)
974 http fetch GET 200 https://registry.npmjs.org/stack-trace/-/stack-trace-0.0.10.tgz 2363ms (cache revalidated)
975 http fetch GET 200 https://registry.npmjs.org/read/-/read-3.0.1.tgz 2343ms (cache revalidated)
976 http fetch GET 200 https://registry.npmjs.org/cacache/-/cacache-18.0.2.tgz 2364ms (cache revalidated)
977 http fetch GET 200 https://registry.npmjs.org/shebang-command/-/shebang-command-2.0.0.tgz 2383ms (cache revalidated)
978 http fetch GET 200 https://registry.npmjs.org/sigstore/-/sigstore-2.2.2.tgz 2338ms (cache revalidated)
979 http fetch GET 200 https://registry.npmjs.org/reusify/-/reusify-1.0.4.tgz 2338ms (cache revalidated)
980 http fetch GET 200 https://registry.npmjs.org/queue-microtask/-/queue-microtask-1.2.3.tgz 2335ms (cache revalidated)
981 http fetch GET 200 https://registry.npmjs.org/safer-buffer/-/safer-buffer-2.1.2.tgz 2373ms (cache revalidated)
982 http fetch GET 200 https://registry.npmjs.org/repeat-string/-/repeat-string-1.6.1.tgz 2383ms (cache revalidated)
983 http fetch GET 200 https://registry.npmjs.org/safe-buffer/-/safe-buffer-5.1.2.tgz 2404ms (cache revalidated)
984 http fetch GET 200 https://registry.npmjs.org/minipass/-/minipass-7.0.4.tgz 2345ms (cache revalidated)
985 http fetch GET 200 https://registry.npmjs.org/readable-stream/-/readable-stream-3.6.2.tgz 2401ms (cache revalidated)
986 http fetch GET 200 https://registry.npmjs.org/retry/-/retry-0.12.0.tgz 2430ms (cache revalidated)
987 http fetch GET 200 https://registry.npmjs.org/promise-inflight/-/promise-inflight-1.0.1.tgz 2355ms (cache revalidated)
988 http fetch GET 200 https://registry.npmjs.org/progress/-/progress-2.0.3.tgz 2354ms (cache revalidated)
989 http fetch GET 200 https://registry.npmjs.org/react-is/-/react-is-18.3.1.tgz 2359ms (cache revalidated)
990 http fetch GET 200 https://registry.npmjs.org/ansi-styles/-/ansi-styles-5.2.0.tgz 2375ms (cache revalidated)
991 http fetch GET 200 https://registry.npmjs.org/picomatch/-/picomatch-2.3.1.tgz 2380ms (cache revalidated)
992 http fetch GET 200 https://registry.npmjs.org/pretty-format/-/pretty-format-29.7.0.tgz 2358ms (cache revalidated)
993 http fetch GET 200 https://registry.npmjs.org/unique-slug/-/unique-slug-4.0.0.tgz 2326ms (cache revalidated)
994 http fetch GET 200 https://registry.npmjs.org/unique-filename/-/unique-filename-3.0.0.tgz 2394ms (cache revalidated)
995 http fetch GET 200 https://registry.npmjs.org/prettyjson/-/prettyjson-1.2.5.tgz 2353ms (cache revalidated)
996 http fetch GET 200 https://registry.npmjs.org/promise-retry/-/promise-retry-2.0.1.tgz 2388ms (cache revalidated)
997 http fetch GET 200 https://registry.npmjs.org/proc-log/-/proc-log-4.2.0.tgz 2328ms (cache revalidated)
998 http fetch GET 200 https://registry.npmjs.org/path-scurry/-/path-scurry-1.11.1.tgz 2353ms (cache revalidated)
999 http fetch GET 200 https://registry.npmjs.org/npm-bundled/-/npm-bundled-3.0.0.tgz 2366ms (cache revalidated)
1000 http fetch GET 200 https://registry.npmjs.org/punycode.js/-/punycode.js-2.3.1.tgz 2358ms (cache revalidated)
1001 http fetch GET 200 https://registry.npmjs.org/pacote/-/pacote-18.0.6.tgz 2347ms (cache revalidated)
1002 http fetch GET 200 https://registry.npmjs.org/npm-normalize-package-bin/-/npm-normalize-package-bin-3.0.1.tgz 2339ms (cache revalidated)
1003 http fetch GET 200 https://registry.npmjs.org/wontache/-/wontache-0.1.0.tgz 2370ms (cache revalidated)
1004 http fetch GET 200 https://registry.npmjs.org/minipass-collect/-/minipass-collect-2.0.1.tgz 2368ms (cache revalidated)
1005 http fetch GET 200 https://registry.npmjs.org/ssri/-/ssri-10.0.6.tgz 2381ms (cache revalidated)
1006 http fetch GET 200 https://registry.npmjs.org/nopt/-/nopt-7.2.1.tgz 2346ms (cache revalidated)
1007 http fetch GET 200 https://registry.npmjs.org/node-gyp/-/node-gyp-10.1.0.tgz 2374ms (cache revalidated)
1008 http fetch GET 200 https://registry.npmjs.org/proc-log/-/proc-log-3.0.0.tgz 2343ms (cache revalidated)
1009 http fetch GET 200 https://registry.npmjs.org/npm-packlist/-/npm-packlist-8.0.2.tgz 2345ms (cache revalidated)
1010 http fetch GET 200 https://registry.npmjs.org/path-key/-/path-key-3.1.1.tgz 2373ms (cache revalidated)
1011 http fetch GET 200 https://registry.npmjs.org/npm-pick-manifest/-/npm-pick-manifest-9.0.0.tgz 2370ms (cache revalidated)
1012 http fetch GET 200 https://registry.npmjs.org/@npmcli/fs/-/fs-3.1.0.tgz 2390ms (cache revalidated)
1013 http fetch GET 200 https://registry.npmjs.org/p-locate/-/p-locate-5.0.0.tgz 2347ms (cache revalidated)
1014 http fetch GET 200 https://registry.npmjs.org/path-exists/-/path-exists-4.0.0.tgz 2376ms (cache revalidated)
1015 http fetch GET 200 https://registry.npmjs.org/fs-minipass/-/fs-minipass-3.0.3.tgz 2330ms (cache revalidated)
1016 http fetch GET 200 https://registry.npmjs.org/abbrev/-/abbrev-2.0.0.tgz 2358ms (cache revalidated)
1017 http fetch GET 200 https://registry.npmjs.org/minipass/-/minipass-7.1.2.tgz 2362ms (cache revalidated)
1018 http fetch GET 200 https://registry.npmjs.org/minipass-fetch/-/minipass-fetch-3.0.5.tgz 2373ms (cache revalidated)
1019 http fetch GET 200 https://registry.npmjs.org/npm-registry-fetch/-/npm-registry-fetch-17.1.0.tgz 2341ms (cache revalidated)
1020 http fetch GET 200 https://registry.npmjs.org/proc-log/-/proc-log-4.2.0.tgz 2313ms (cache revalidated)
1021 http fetch GET 200 https://registry.npmjs.org/json-parse-even-better-errors/-/json-parse-even-better-errors-3.0.2.tgz 2360ms (cache revalidated)
1022 http fetch GET 200 https://registry.npmjs.org/opener/-/opener-1.5.2.tgz 2349ms (cache revalidated)
1023 http fetch GET 200 https://registry.npmjs.org/unique-slug/-/unique-slug-4.0.0.tgz 2357ms (cache revalidated)
1024 http fetch GET 200 https://registry.npmjs.org/@npmcli/run-script/-/run-script-8.1.0.tgz 2373ms (cache revalidated)
1025 http fetch GET 200 https://registry.npmjs.org/p-limit/-/p-limit-3.1.0.tgz 2311ms (cache revalidated)
1026 http fetch GET 200 https://registry.npmjs.org/@npmcli/fs/-/fs-3.1.1.tgz 2383ms (cache revalidated)
1027 http fetch GET 200 https://registry.npmjs.org/unique-filename/-/unique-filename-3.0.0.tgz 2348ms (cache revalidated)
1028 http fetch GET 200 https://registry.npmjs.org/proc-log/-/proc-log-4.2.0.tgz 2315ms (cache revalidated)
1029 http fetch GET 200 https://registry.npmjs.org/cacache/-/cacache-18.0.3.tgz 2341ms (cache revalidated)
1030 http fetch GET 200 https://registry.npmjs.org/p-map/-/p-map-4.0.0.tgz 2348ms (cache revalidated)
1031 http fetch GET 200 https://registry.npmjs.org/ssri/-/ssri-10.0.6.tgz 2346ms (cache revalidated)
1032 http fetch GET 200 https://registry.npmjs.org/make-fetch-happen/-/make-fetch-happen-13.0.1.tgz 2339ms (cache revalidated)
1033 http fetch GET 200 https://registry.npmjs.org/make-fetch-happen/-/make-fetch-happen-13.0.1.tgz 2314ms (cache revalidated)
1034 http fetch GET 200 https://registry.npmjs.org/minipass-fetch/-/minipass-fetch-3.0.5.tgz 2318ms (cache revalidated)
1035 http fetch GET 200 https://registry.npmjs.org/package-json-from-dist/-/package-json-from-dist-1.0.0.tgz 2347ms (cache revalidated)
1036 http fetch GET 200 https://registry.npmjs.org/minipass-collect/-/minipass-collect-2.0.1.tgz 2359ms (cache revalidated)
1037 http fetch GET 200 https://registry.npmjs.org/minipass/-/minipass-7.1.2.tgz 2355ms (cache revalidated)
1038 http fetch GET 200 https://registry.npmjs.org/yallist/-/yallist-4.0.0.tgz 2328ms (cache revalidated)
1039 http fetch GET 200 https://registry.npmjs.org/negotiator/-/negotiator-0.6.3.tgz 2359ms (cache revalidated)
1040 http fetch GET 200 https://registry.npmjs.org/@npmcli/fs/-/fs-3.1.1.tgz 2384ms (cache revalidated)
1041 http fetch GET 200 https://registry.npmjs.org/npm-package-arg/-/npm-package-arg-11.0.2.tgz 2328ms (cache revalidated)
1042 http fetch GET 200 https://registry.npmjs.org/mustache/-/mustache-4.2.0.tgz 2365ms (cache revalidated)
1043 http fetch GET 200 https://registry.npmjs.org/normalize-package-data/-/normalize-package-data-6.0.2.tgz 2313ms (cache revalidated)
1044 http fetch GET 200 https://registry.npmjs.org/mute-stream/-/mute-stream-1.0.0.tgz 2368ms (cache revalidated)
1045 http fetch GET 200 https://registry.npmjs.org/yallist/-/yallist-4.0.0.tgz 2334ms (cache revalidated)
1046 http fetch GET 200 https://registry.npmjs.org/npm-install-checks/-/npm-install-checks-6.3.0.tgz 2406ms (cache revalidated)
1047 http fetch GET 200 https://registry.npmjs.org/cacache/-/cacache-18.0.3.tgz 2318ms (cache revalidated)
1048 http fetch GET 200 https://registry.npmjs.org/mkdirp/-/mkdirp-1.0.4.tgz 2336ms (cache revalidated)
1049 http fetch GET 200 https://registry.npmjs.org/minipass/-/minipass-3.3.5.tgz 2343ms (cache revalidated)
1050 http fetch GET 200 https://registry.npmjs.org/minizlib/-/minizlib-2.1.2.tgz 2334ms (cache revalidated)
1051 http fetch GET 200 https://registry.npmjs.org/minipass-flush/-/minipass-flush-1.0.5.tgz 2354ms (cache revalidated)
1052 http fetch GET 200 https://registry.npmjs.org/fs-minipass/-/fs-minipass-3.0.3.tgz 2373ms (cache revalidated)
1053 http fetch GET 200 https://registry.npmjs.org/lru-cache/-/lru-cache-10.2.0.tgz 2319ms (cache revalidated)
1054 http fetch GET 200 https://registry.npmjs.org/merge2/-/merge2-1.4.1.tgz 2370ms (cache revalidated)
1055 http fetch GET 200 https://registry.npmjs.org/minimist/-/minimist-1.2.6.tgz 2372ms (cache revalidated)
1056 http fetch GET 200 https://registry.npmjs.org/nan/-/nan-2.18.0.tgz 2356ms (cache revalidated)
1057 http fetch GET 200 https://registry.npmjs.org/minipass-sized/-/minipass-sized-1.0.3.tgz 2380ms (cache revalidated)
1058 http fetch GET 200 https://registry.npmjs.org/mdurl/-/mdurl-2.0.0.tgz 2332ms (cache revalidated)
1059 http fetch GET 200 https://registry.npmjs.org/jsonparse/-/jsonparse-1.3.1.tgz 2316ms (cache revalidated)
1060 http fetch GET 200 https://registry.npmjs.org/ms/-/ms-2.1.2.tgz 2320ms (cache revalidated)
1061 http fetch GET 200 https://registry.npmjs.org/locate-path/-/locate-path-6.0.0.tgz 2319ms (cache revalidated)
1062 http fetch GET 200 https://registry.npmjs.org/lodash/-/lodash-4.17.21.tgz 2325ms (cache revalidated)
1063 http fetch GET 200 https://registry.npmjs.org/jest-get-type/-/jest-get-type-29.6.3.tgz 2293ms (cache revalidated)
1064 http fetch GET 200 https://registry.npmjs.org/minipass-pipeline/-/minipass-pipeline-1.2.4.tgz 2363ms (cache revalidated)
1065 http fetch GET 200 https://registry.npmjs.org/linkify-it/-/linkify-it-5.0.0.tgz 2332ms (cache revalidated)
1066 http fetch GET 200 https://registry.npmjs.org/js-yaml/-/js-yaml-4.1.0.tgz 2331ms (cache revalidated)
1067 http fetch GET 200 https://registry.npmjs.org/jsonschema/-/jsonschema-1.4.1.tgz 2344ms (cache revalidated)
1068 http fetch GET 200 https://registry.npmjs.org/is-lambda/-/is-lambda-1.0.1.tgz 2295ms (cache revalidated)
1069 http fetch GET 200 https://registry.npmjs.org/jsbn/-/jsbn-1.1.0.tgz 2339ms (cache revalidated)
1070 http fetch GET 200 https://registry.npmjs.org/is-stream/-/is-stream-2.0.1.tgz 2313ms (cache revalidated)
1071 http fetch GET 200 https://registry.npmjs.org/is-glob/-/is-glob-4.0.3.tgz 2299ms (cache revalidated)
1072 http fetch GET 200 https://registry.npmjs.org/imurmurhash/-/imurmurhash-0.1.4.tgz 2302ms (cache revalidated)
1073 http fetch GET 200 https://registry.npmjs.org/jest-diff/-/jest-diff-29.7.0.tgz 2330ms (cache revalidated)
1074 http fetch GET 200 https://registry.npmjs.org/is-number/-/is-number-7.0.0.tgz 2302ms (cache revalidated)
1075 http fetch GET 200 https://registry.npmjs.org/indent-string/-/indent-string-4.0.0.tgz 2329ms (cache revalidated)
1076 http fetch GET 200 https://registry.npmjs.org/inherits/-/inherits-2.0.4.tgz 2370ms (cache revalidated)
1077 http fetch GET 200 https://registry.npmjs.org/is-fullwidth-code-point/-/is-fullwidth-code-point-3.0.0.tgz 2346ms (cache revalidated)
1078 http fetch GET 200 https://registry.npmjs.org/markdown-it/-/markdown-it-14.1.0.tgz 2370ms (cache revalidated)
1079 http fetch GET 200 https://registry.npmjs.org/ip-address/-/ip-address-9.0.5.tgz 2335ms (cache revalidated)
1080 http fetch GET 200 https://registry.npmjs.org/sprintf-js/-/sprintf-js-1.1.3.tgz 2328ms (cache revalidated)
1081 http fetch GET 200 https://registry.npmjs.org/jsonfile/-/jsonfile-6.1.0.tgz 2370ms (cache revalidated)
1082 http fetch GET 200 https://registry.npmjs.org/hosted-git-info/-/hosted-git-info-7.0.2.tgz 2344ms (cache revalidated)
1083 http fetch GET 200 https://registry.npmjs.org/graceful-fs/-/graceful-fs-4.2.11.tgz 2335ms (cache revalidated)
1084 http fetch GET 200 https://registry.npmjs.org/ignore-walk/-/ignore-walk-6.0.4.tgz 2371ms (cache revalidated)
1085 http fetch GET 200 https://registry.npmjs.org/has-own-prop/-/has-own-prop-2.0.0.tgz 2344ms (cache revalidated)
1086 http fetch GET 200 https://registry.npmjs.org/http-cache-semantics/-/http-cache-semantics-4.1.1.tgz 2377ms (cache revalidated)
1087 http fetch GET 200 https://registry.npmjs.org/glob-parent/-/glob-parent-5.1.2.tgz 2343ms (cache revalidated)
1088 http fetch GET 200 https://registry.npmjs.org/get-caller-file/-/get-caller-file-2.0.5.tgz 2346ms (cache revalidated)
1089 http fetch GET 200 https://registry.npmjs.org/find-up/-/find-up-5.0.0.tgz 2361ms (cache revalidated)
1090 http fetch GET 200 https://registry.npmjs.org/foreground-child/-/foreground-child-3.1.1.tgz 2345ms (cache revalidated)
1091 http fetch GET 200 https://registry.npmjs.org/is-extglob/-/is-extglob-2.1.1.tgz 2393ms (cache revalidated)
1092 http fetch GET 200 https://registry.npmjs.org/fs-minipass/-/fs-minipass-2.1.0.tgz 2398ms (cache revalidated)
1093 http fetch GET 200 https://registry.npmjs.org/fs-extra/-/fs-extra-11.2.0.tgz 2343ms (cache revalidated)
1094 http fetch GET 200 https://registry.npmjs.org/signal-exit/-/signal-exit-4.1.0.tgz 2340ms (cache revalidated)
1095 http fetch GET 200 https://registry.npmjs.org/has-flag/-/has-flag-4.0.0.tgz 2354ms (cache revalidated)
1096 http fetch GET 200 https://registry.npmjs.org/fastest-levenshtein/-/fastest-levenshtein-1.0.16.tgz 2344ms (cache revalidated)
1097 http fetch GET 200 https://registry.npmjs.org/fill-range/-/fill-range-7.1.1.tgz 2352ms (cache revalidated)
1098 http fetch GET 200 https://registry.npmjs.org/fast-glob/-/fast-glob-3.3.2.tgz 2342ms (cache revalidated)
1099 http fetch GET 200 https://registry.npmjs.org/flatted/-/flatted-3.3.1.tgz 2382ms (cache revalidated)
1100 http fetch GET 200 https://registry.npmjs.org/escalade/-/escalade-3.1.1.tgz 2346ms (cache revalidated)
1101 http fetch GET 200 https://registry.npmjs.org/fastq/-/fastq-1.13.0.tgz 2376ms (cache revalidated)
1102 http fetch GET 200 https://registry.npmjs.org/iconv-lite/-/iconv-lite-0.6.3.tgz 2346ms (cache revalidated)
1103 http fetch GET 200 https://registry.npmjs.org/exponential-backoff/-/exponential-backoff-3.1.1.tgz 2367ms (cache revalidated)
1104 http fetch GET 200 https://registry.npmjs.org/err-code/-/err-code-2.0.3.tgz 2338ms (cache revalidated)
1105 http fetch GET 200 https://registry.npmjs.org/entities/-/entities-4.5.0.tgz 2323ms (cache revalidated)
1106 http fetch GET 200 https://registry.npmjs.org/find-process/-/find-process-1.4.7.tgz 2357ms (cache revalidated)
1107 http fetch GET 200 https://registry.npmjs.org/esprima/-/esprima-4.0.1.tgz 2337ms (cache revalidated)
1108 http fetch GET 200 https://registry.npmjs.org/deepmerge/-/deepmerge-4.3.1.tgz 2337ms (cache revalidated)
1109 http fetch GET 200 https://registry.npmjs.org/encoding/-/encoding-0.1.13.tgz 2339ms (cache revalidated)
1110 http fetch GET 200 https://registry.npmjs.org/diff-sequences/-/diff-sequences-29.6.3.tgz 2369ms (cache revalidated)
1111 http fetch GET 200 https://registry.npmjs.org/env-paths/-/env-paths-2.2.1.tgz 2354ms (cache revalidated)
1112 http fetch GET 200 https://registry.npmjs.org/emoji-regex/-/emoji-regex-8.0.0.tgz 2362ms (cache revalidated)
1113 http fetch GET 200 https://registry.npmjs.org/@npmcli/package-json/-/package-json-5.2.0.tgz 3083ms (cache revalidated)
1114 http fetch GET 200 https://registry.npmjs.org/comment-json/-/comment-json-4.2.3.tgz 2334ms (cache revalidated)
1115 http fetch GET 200 https://registry.npmjs.org/commander/-/commander-5.1.0.tgz 2324ms (cache revalidated)
1116 http fetch GET 200 https://registry.npmjs.org/core-util-is/-/core-util-is-1.0.3.tgz 2329ms (cache revalidated)
1117 http fetch GET 200 https://registry.npmjs.org/cpu-features/-/cpu-features-0.0.9.tgz 2338ms (cache revalidated)
1118 http fetch GET 200 https://registry.npmjs.org/colors/-/colors-1.4.0.tgz 2324ms (cache revalidated)
1119 http fetch GET 200 https://registry.npmjs.org/debug/-/debug-4.3.4.tgz 2362ms (cache revalidated)
1120 http fetch GET 200 https://registry.npmjs.org/buildcheck/-/buildcheck-0.0.6.tgz 2314ms (cache revalidated)
1121 http fetch GET 200 https://registry.npmjs.org/cli-table3/-/cli-table3-0.6.5.tgz 2350ms (cache revalidated)
1122 http fetch GET 200 https://registry.npmjs.org/chalk/-/chalk-4.1.2.tgz 2329ms (cache revalidated)
1123 http fetch GET 200 https://registry.npmjs.org/color-name/-/color-name-1.1.4.tgz 2300ms (cache revalidated)
1124 http fetch GET 200 https://registry.npmjs.org/braces/-/braces-3.0.3.tgz 2308ms (cache revalidated)
1125 http fetch GET 200 https://registry.npmjs.org/clean-stack/-/clean-stack-2.2.0.tgz 2335ms (cache revalidated)
1126 http fetch GET 200 https://registry.npmjs.org/bcrypt-pbkdf/-/bcrypt-pbkdf-1.0.2.tgz 2321ms (cache revalidated)
1127 http fetch GET 200 https://registry.npmjs.org/@npmcli/node-gyp/-/node-gyp-3.0.0.tgz 2862ms (cache revalidated)
1128 http fetch GET 200 https://registry.npmjs.org/color-convert/-/color-convert-2.0.1.tgz 2317ms (cache revalidated)
1129 http fetch GET 200 https://registry.npmjs.org/ansi-styles/-/ansi-styles-4.3.0.tgz 2278ms (cache revalidated)
1130 http fetch GET 200 https://registry.npmjs.org/asn1/-/asn1-0.2.6.tgz 2340ms (cache revalidated)
1131 http fetch GET 200 https://registry.npmjs.org/balanced-match/-/balanced-match-1.0.2.tgz 2299ms (cache revalidated)
1132 http fetch GET 200 https://registry.npmjs.org/argparse/-/argparse-2.0.1.tgz 2325ms (cache revalidated)
1133 http fetch GET 200 https://registry.npmjs.org/unique-slug/-/unique-slug-4.0.0.tgz 2160ms (cache revalidated)
1134 http fetch GET 200 https://registry.npmjs.org/aggregate-error/-/aggregate-error-3.1.0.tgz 2297ms (cache revalidated)
1135 http fetch GET 200 https://registry.npmjs.org/array-timsort/-/array-timsort-1.0.3.tgz 2286ms (cache revalidated)
1136 http fetch GET 200 https://registry.npmjs.org/ssri/-/ssri-10.0.5.tgz 1991ms (cache revalidated)
1137 http fetch GET 200 https://registry.npmjs.org/dataobject-parser/-/dataobject-parser-1.2.25.tgz 2073ms (cache revalidated)
1138 http fetch GET 200 https://registry.npmjs.org/minipass-fetch/-/minipass-fetch-3.0.4.tgz 1995ms (cache revalidated)
1139 http fetch GET 200 https://registry.npmjs.org/@sinclair/typebox/-/typebox-0.27.8.tgz 2087ms (cache revalidated)
1140 http fetch GET 200 https://registry.npmjs.org/unique-filename/-/unique-filename-3.0.0.tgz 1991ms (cache revalidated)
1141 http fetch GET 200 https://registry.npmjs.org/@tufjs/canonical-json/-/canonical-json-2.0.0.tgz 2081ms (cache revalidated)
1142 http fetch GET 200 https://registry.npmjs.org/@types/yargs-parser/-/yargs-parser-20.2.1.tgz 2072ms (cache revalidated)
1143 http fetch GET 200 https://registry.npmjs.org/cacache/-/cacache-18.0.2.tgz 1922ms (cache revalidated)
1144 http fetch GET 200 https://registry.npmjs.org/make-fetch-happen/-/make-fetch-happen-13.0.0.tgz 1974ms (cache revalidated)
1145 http fetch GET 200 https://registry.npmjs.org/@npmcli/installed-package-contents/-/installed-package-contents-2.0.2.tgz 2895ms (cache revalidated)
1146 http fetch GET 200 https://registry.npmjs.org/fs-minipass/-/fs-minipass-3.0.3.tgz 1959ms (cache revalidated)
1147 http fetch GET 200 https://registry.npmjs.org/@npmcli/fs/-/fs-3.1.0.tgz 1951ms (cache revalidated)
1148 http fetch GET 200 https://registry.npmjs.org/socks-proxy-agent/-/socks-proxy-agent-8.0.2.tgz 1864ms (cache revalidated)
1149 http fetch GET 200 https://registry.npmjs.org/minipass-collect/-/minipass-collect-2.0.1.tgz 1870ms (cache revalidated)
1150 http fetch GET 200 https://registry.npmjs.org/minipass/-/minipass-7.0.4.tgz 2010ms (cache revalidated)
1151 http fetch GET 200 https://registry.npmjs.org/http-proxy-agent/-/http-proxy-agent-7.0.2.tgz 1869ms (cache revalidated)
1152 http fetch GET 200 https://registry.npmjs.org/proc-log/-/proc-log-3.0.0.tgz 1935ms (cache revalidated)
1153 http fetch GET 200 https://registry.npmjs.org/https-proxy-agent/-/https-proxy-agent-7.0.4.tgz 1886ms (cache revalidated)
1154 http fetch GET 200 https://registry.npmjs.org/npm-pick-manifest/-/npm-pick-manifest-9.0.0.tgz 1887ms (cache revalidated)
1155 http fetch GET 200 https://registry.npmjs.org/@nodelib/fs.scandir/-/fs.scandir-2.1.5.tgz 1838ms (cache revalidated)
1156 http fetch GET 200 https://registry.npmjs.org/npm-normalize-package-bin/-/npm-normalize-package-bin-3.0.1.tgz 1984ms (cache revalidated)
1157 http fetch GET 200 https://registry.npmjs.org/agent-base/-/agent-base-7.1.0.tgz 2002ms (cache revalidated)
1158 http fetch GET 200 https://registry.npmjs.org/@jest/schemas/-/schemas-29.6.3.tgz 2036ms (cache revalidated)
1159 http fetch GET 200 https://registry.npmjs.org/@nodelib/fs.stat/-/fs.stat-2.0.5.tgz 2036ms (cache revalidated)
1160 http fetch GET 200 https://registry.npmjs.org/@nodelib/fs.walk/-/fs.walk-1.2.8.tgz 1991ms (cache revalidated)
1161 http fetch GET 200 https://registry.npmjs.org/@npmcli/redact/-/redact-2.0.1.tgz 1947ms (cache revalidated)
1162 http fetch GET 200 https://registry.npmjs.org/lodash-deep/-/lodash-deep-2.0.0.tgz 2896ms (cache revalidated)
1163 http fetch GET 200 https://registry.npmjs.org/@tufjs/models/-/models-2.0.0.tgz 2780ms (cache revalidated)
1164 http fetch GET 200 https://registry.npmjs.org/@sigstore/bundle/-/bundle-2.2.0.tgz 2155ms (cache revalidated)
1165 http fetch GET 200 https://registry.npmjs.org/@sigstore/verify/-/verify-1.1.0.tgz 2605ms (cache revalidated)
1166 http fetch GET 200 https://registry.npmjs.org/@sigstore/sign/-/sign-2.2.3.tgz 2636ms (cache revalidated)
1167 http fetch GET 200 https://registry.npmjs.org/@colors/colors/-/colors-1.5.0.tgz 2161ms (cache revalidated)
1168 http fetch GET 200 https://registry.npmjs.org/@sigstore/tuf/-/tuf-2.3.1.tgz 2556ms (cache revalidated)
1169 http fetch GET 200 https://registry.npmjs.org/@types/yargs/-/yargs-17.0.32.tgz 2325ms (cache revalidated)
1170 http fetch GET 200 https://registry.npmjs.org/@sigstore/core/-/core-1.0.0.tgz 2532ms (cache revalidated)
1171 http fetch GET 200 https://registry.npmjs.org/@npmcli/git/-/git-5.0.4.tgz 2423ms (cache revalidated)
1172 http fetch GET 200 https://registry.npmjs.org/@sigstore/protobuf-specs/-/protobuf-specs-0.3.0.tgz 2414ms (cache revalidated)
1173 http fetch GET 200 https://registry.npmjs.org/@npmcli/promise-spawn/-/promise-spawn-7.0.1.tgz 2617ms (cache revalidated)
1174 http fetch GET 200 https://registry.npmjs.org/@npmcli/agent/-/agent-2.2.1.tgz 2209ms (cache revalidated)
1175 info run @zowe/secrets-for-zowe-sdk@8.27.0 install node_modules/@zowe/cli/node_modules/@zowe/secrets-for-zowe-sdk node scripts/prebuildCheck.js || npm run rebuild
1176 info run cpu-features@0.0.9 install node_modules/@zowe/cli/node_modules/cpu-features node buildcheck.js > buildcheck.gypi && node-gyp rebuild
1177 info run ssh2@1.15.0 install node_modules/@zowe/cli/node_modules/ssh2 node install.js
1178 info run @zowe/secrets-for-zowe-sdk@8.27.0 install { code: 0, signal: null }
1179 info run ssh2@1.15.0 install { code: 0, signal: null }
1180 info run cpu-features@0.0.9 install { code: 1, signal: null }
1181 verbose reify failed optional dependency C:\Users\NicholasChien\Documents\VSCode4z-InstantPack-work\npm-cache\npm-tmp\node_modules\@zowe\cli\node_modules\cpu-features
1182 silly reify mark deleted [
1182 silly reify   'C:\\Users\\NicholasChien\\Documents\\VSCode4z-InstantPack-work\\npm-cache\\npm-tmp\\node_modules\\@zowe\\cli\\node_modules\\cpu-features'
1182 silly reify ]
1183 verbose reify failed optional dependency C:\Users\NicholasChien\Documents\VSCode4z-InstantPack-work\npm-cache\npm-tmp\node_modules\@zowe\cli\node_modules\buildcheck
1184 silly reify mark deleted [
1184 silly reify   'C:\\Users\\NicholasChien\\Documents\\VSCode4z-InstantPack-work\\npm-cache\\npm-tmp\\node_modules\\@zowe\\cli\\node_modules\\buildcheck'
1184 silly reify ]
1185 verbose reify failed optional dependency C:\Users\NicholasChien\Documents\VSCode4z-InstantPack-work\npm-cache\npm-tmp\node_modules\@zowe\cli\node_modules\nan
1186 silly reify mark deleted [
1186 silly reify   'C:\\Users\\NicholasChien\\Documents\\VSCode4z-InstantPack-work\\npm-cache\\npm-tmp\\node_modules\\@zowe\\cli\\node_modules\\nan'
1186 silly reify ]
1187 info run @zowe/cli@8.27.1 postinstall node_modules/@zowe/cli node ./scripts/validatePlugins && node ./scripts/printSuccessMessage
1188 info run @zowe/cli@8.27.1 postinstall { code: 0, signal: null }
1189 silly ADD node_modules/@zowe/cli
1190 silly ADD node_modules/@zowe/cli/node_modules/yocto-queue
1191 silly ADD node_modules/@zowe/cli/node_modules/yargs-parser
1192 silly ADD node_modules/@zowe/cli/node_modules/yargs
1193 silly ADD node_modules/@zowe/cli/node_modules/yargs/node_modules/y18n
1194 silly ADD node_modules/@zowe/cli/node_modules/yargs/node_modules/cliui
1195 silly ADD node_modules/@zowe/cli/node_modules/wrap-ansi-cjs
1196 silly ADD node_modules/@zowe/cli/node_modules/wrap-ansi
1197 silly ADD node_modules/@zowe/cli/node_modules/wontache
1198 silly ADD node_modules/@zowe/cli/node_modules/winston-transport
1199 silly ADD node_modules/@zowe/cli/node_modules/winston
1200 silly ADD node_modules/@zowe/cli/node_modules/winston/node_modules/async
1201 silly ADD node_modules/@zowe/cli/node_modules/winston/node_modules/@colors/colors
1202 silly ADD node_modules/@zowe/cli/node_modules/which
1203 silly ADD node_modules/@zowe/cli/node_modules/validate-npm-package-name
1204 silly ADD node_modules/@zowe/cli/node_modules/validate-npm-package-license
1205 silly ADD node_modules/@zowe/cli/node_modules/util-deprecate
1206 silly ADD node_modules/@zowe/cli/node_modules/universalify
1207 silly ADD node_modules/@zowe/cli/node_modules/underscore
1208 silly ADD node_modules/@zowe/cli/node_modules/uc.micro
1209 silly ADD node_modules/@zowe/cli/node_modules/tweetnacl
1210 silly ADD node_modules/@zowe/cli/node_modules/tuf-js
1211 silly ADD node_modules/@zowe/cli/node_modules/tuf-js/node_modules/unique-slug
1212 silly ADD node_modules/@zowe/cli/node_modules/tuf-js/node_modules/unique-filename
1213 silly ADD node_modules/@zowe/cli/node_modules/tuf-js/node_modules/ssri
1214 silly ADD node_modules/@zowe/cli/node_modules/tuf-js/node_modules/minipass-fetch
1215 silly ADD node_modules/@zowe/cli/node_modules/tuf-js/node_modules/minipass-collect
1216 silly ADD node_modules/@zowe/cli/node_modules/tuf-js/node_modules/minipass
1217 silly ADD node_modules/@zowe/cli/node_modules/tuf-js/node_modules/make-fetch-happen
1218 silly ADD node_modules/@zowe/cli/node_modules/tuf-js/node_modules/fs-minipass
1219 silly ADD node_modules/@zowe/cli/node_modules/tuf-js/node_modules/cacache
1220 silly ADD node_modules/@zowe/cli/node_modules/tuf-js/node_modules/@npmcli/fs
1221 silly ADD node_modules/@zowe/cli/node_modules/triple-beam
1222 silly ADD node_modules/@zowe/cli/node_modules/to-regex-range
1223 silly ADD node_modules/@zowe/cli/node_modules/text-hex
1224 silly ADD node_modules/@zowe/cli/node_modules/tar
1225 silly ADD node_modules/@zowe/cli/node_modules/tar/node_modules/yallist
1226 silly ADD node_modules/@zowe/cli/node_modules/tar/node_modules/minipass
1227 silly ADD node_modules/@zowe/cli/node_modules/tar/node_modules/chownr
1228 silly ADD node_modules/@zowe/cli/node_modules/supports-color
1229 silly ADD node_modules/@zowe/cli/node_modules/strip-ansi-cjs
1230 silly ADD node_modules/@zowe/cli/node_modules/strip-ansi
1231 silly ADD node_modules/@zowe/cli/node_modules/string-width-cjs
1232 silly ADD node_modules/@zowe/cli/node_modules/string-width
1233 silly ADD node_modules/@zowe/cli/node_modules/string_decoder
1234 silly ADD node_modules/@zowe/cli/node_modules/streamroller
1235 silly ADD node_modules/@zowe/cli/node_modules/streamroller/node_modules/universalify
1236 silly ADD node_modules/@zowe/cli/node_modules/streamroller/node_modules/jsonfile
1237 silly ADD node_modules/@zowe/cli/node_modules/streamroller/node_modules/fs-extra
1238 silly ADD node_modules/@zowe/cli/node_modules/stack-trace
1239 silly ADD node_modules/@zowe/cli/node_modules/ssh2
1240 silly ADD node_modules/@zowe/cli/node_modules/spdx-license-ids
1241 silly ADD node_modules/@zowe/cli/node_modules/spdx-expression-parse
1242 silly ADD node_modules/@zowe/cli/node_modules/spdx-exceptions
1243 silly ADD node_modules/@zowe/cli/node_modules/spdx-correct
1244 silly ADD node_modules/@zowe/cli/node_modules/socks
1245 silly ADD node_modules/@zowe/cli/node_modules/smart-buffer
1246 silly ADD node_modules/@zowe/cli/node_modules/simple-swizzle
1247 silly ADD node_modules/@zowe/cli/node_modules/simple-swizzle/node_modules/is-arrayish
1248 silly ADD node_modules/@zowe/cli/node_modules/sigstore
1249 silly ADD node_modules/@zowe/cli/node_modules/shebang-command
1250 silly ADD node_modules/@zowe/cli/node_modules/shebang-command/node_modules/shebang-regex
1251 silly ADD node_modules/@zowe/cli/node_modules/semver
1252 silly ADD node_modules/@zowe/cli/node_modules/safer-buffer
1253 silly ADD node_modules/@zowe/cli/node_modules/safe-stable-stringify
1254 silly ADD node_modules/@zowe/cli/node_modules/safe-buffer
1255 silly ADD node_modules/@zowe/cli/node_modules/run-parallel
1256 silly ADD node_modules/@zowe/cli/node_modules/rfdc
1257 silly ADD node_modules/@zowe/cli/node_modules/reusify
1258 silly ADD node_modules/@zowe/cli/node_modules/retry
1259 silly ADD node_modules/@zowe/cli/node_modules/require-directory
1260 silly ADD node_modules/@zowe/cli/node_modules/repeat-string
1261 silly ADD node_modules/@zowe/cli/node_modules/readable-stream
1262 silly ADD node_modules/@zowe/cli/node_modules/read
1263 silly ADD node_modules/@zowe/cli/node_modules/react-is
1264 silly ADD node_modules/@zowe/cli/node_modules/queue-microtask
1265 silly ADD node_modules/@zowe/cli/node_modules/punycode.js
1266 silly ADD node_modules/@zowe/cli/node_modules/promise-retry
1267 silly ADD node_modules/@zowe/cli/node_modules/promise-inflight
1268 silly ADD node_modules/@zowe/cli/node_modules/progress
1269 silly ADD node_modules/@zowe/cli/node_modules/prettyjson
1270 silly ADD node_modules/@zowe/cli/node_modules/pretty-format
1271 silly ADD node_modules/@zowe/cli/node_modules/pretty-format/node_modules/ansi-styles
1272 silly ADD node_modules/@zowe/cli/node_modules/picomatch
1273 silly ADD node_modules/@zowe/cli/node_modules/path-scurry
1274 silly ADD node_modules/@zowe/cli/node_modules/path-scurry/node_modules/minipass
1275 silly ADD node_modules/@zowe/cli/node_modules/path-key
1276 silly ADD node_modules/@zowe/cli/node_modules/path-exists
1277 silly ADD node_modules/@zowe/cli/node_modules/pacote
1278 silly ADD node_modules/@zowe/cli/node_modules/pacote/node_modules/unique-slug
1279 silly ADD node_modules/@zowe/cli/node_modules/pacote/node_modules/unique-filename
1280 silly ADD node_modules/@zowe/cli/node_modules/pacote/node_modules/ssri
1281 silly ADD node_modules/@zowe/cli/node_modules/pacote/node_modules/proc-log
1282 silly ADD node_modules/@zowe/cli/node_modules/pacote/node_modules/npm-pick-manifest
1283 silly ADD node_modules/@zowe/cli/node_modules/pacote/node_modules/npm-packlist
1284 silly ADD node_modules/@zowe/cli/node_modules/pacote/node_modules/npm-normalize-package-bin
1285 silly ADD node_modules/@zowe/cli/node_modules/pacote/node_modules/npm-bundled
1286 silly ADD node_modules/@zowe/cli/node_modules/pacote/node_modules/nopt
1287 silly ADD node_modules/@zowe/cli/node_modules/pacote/node_modules/node-gyp
1288 silly ADD node_modules/@zowe/cli/node_modules/pacote/node_modules/node-gyp/node_modules/proc-log
1289 silly ADD node_modules/@zowe/cli/node_modules/pacote/node_modules/minipass-fetch
1290 silly ADD node_modules/@zowe/cli/node_modules/pacote/node_modules/minipass-collect
1291 silly ADD node_modules/@zowe/cli/node_modules/pacote/node_modules/minipass
1292 silly ADD node_modules/@zowe/cli/node_modules/pacote/node_modules/make-fetch-happen
1293 silly ADD node_modules/@zowe/cli/node_modules/pacote/node_modules/json-parse-even-better-errors
1294 silly ADD node_modules/@zowe/cli/node_modules/pacote/node_modules/fs-minipass
1295 silly ADD node_modules/@zowe/cli/node_modules/pacote/node_modules/cacache
1296 silly ADD node_modules/@zowe/cli/node_modules/pacote/node_modules/abbrev
1297 silly ADD node_modules/@zowe/cli/node_modules/pacote/node_modules/@npmcli/run-script
1298 silly ADD node_modules/@zowe/cli/node_modules/pacote/node_modules/@npmcli/package-json
1299 silly ADD node_modules/@zowe/cli/node_modules/pacote/node_modules/@npmcli/node-gyp
1300 silly ADD node_modules/@zowe/cli/node_modules/pacote/node_modules/@npmcli/installed-package-contents
1301 silly ADD node_modules/@zowe/cli/node_modules/pacote/node_modules/@npmcli/fs
1302 silly ADD node_modules/@zowe/cli/node_modules/package-json-from-dist
1303 silly ADD node_modules/@zowe/cli/node_modules/p-map
1304 silly ADD node_modules/@zowe/cli/node_modules/p-locate
1305 silly ADD node_modules/@zowe/cli/node_modules/p-limit
1306 silly ADD node_modules/@zowe/cli/node_modules/opener
1307 silly ADD node_modules/@zowe/cli/node_modules/one-time
1308 silly ADD node_modules/@zowe/cli/node_modules/npm-registry-fetch
1309 silly ADD node_modules/@zowe/cli/node_modules/npm-registry-fetch/node_modules/unique-slug
1310 silly ADD node_modules/@zowe/cli/node_modules/npm-registry-fetch/node_modules/unique-filename
1311 silly ADD node_modules/@zowe/cli/node_modules/npm-registry-fetch/node_modules/ssri
1312 silly ADD node_modules/@zowe/cli/node_modules/npm-registry-fetch/node_modules/proc-log
1313 silly ADD node_modules/@zowe/cli/node_modules/npm-registry-fetch/node_modules/minipass-fetch
1314 silly ADD node_modules/@zowe/cli/node_modules/npm-registry-fetch/node_modules/minipass-collect
1315 silly ADD node_modules/@zowe/cli/node_modules/npm-registry-fetch/node_modules/minipass
1316 silly ADD node_modules/@zowe/cli/node_modules/npm-registry-fetch/node_modules/make-fetch-happen
1317 silly ADD node_modules/@zowe/cli/node_modules/npm-registry-fetch/node_modules/fs-minipass
1318 silly ADD node_modules/@zowe/cli/node_modules/npm-registry-fetch/node_modules/cacache
1319 silly ADD node_modules/@zowe/cli/node_modules/npm-registry-fetch/node_modules/@npmcli/fs
1320 silly ADD node_modules/@zowe/cli/node_modules/npm-package-arg
1321 silly ADD node_modules/@zowe/cli/node_modules/npm-package-arg/node_modules/proc-log
1322 silly ADD node_modules/@zowe/cli/node_modules/npm-install-checks
1323 silly ADD node_modules/@zowe/cli/node_modules/normalize-package-data
1324 silly ADD node_modules/@zowe/cli/node_modules/negotiator
1325 silly ADD
1326 silly ADD node_modules/@zowe/cli/node_modules/mute-stream
1327 silly ADD node_modules/@zowe/cli/node_modules/mustache
1328 silly ADD node_modules/@zowe/cli/node_modules/ms
1329 silly ADD node_modules/@zowe/cli/node_modules/mkdirp
1330 silly ADD node_modules/@zowe/cli/node_modules/minizlib
1331 silly ADD node_modules/@zowe/cli/node_modules/minizlib/node_modules/yallist
1332 silly ADD node_modules/@zowe/cli/node_modules/minipass-sized
1333 silly ADD node_modules/@zowe/cli/node_modules/minipass-pipeline
1334 silly ADD node_modules/@zowe/cli/node_modules/minipass-flush
1335 silly ADD node_modules/@zowe/cli/node_modules/minipass
1336 silly ADD node_modules/@zowe/cli/node_modules/minipass/node_modules/yallist
1337 silly ADD node_modules/@zowe/cli/node_modules/minimist
1338 silly ADD node_modules/@zowe/cli/node_modules/minimatch
1339 silly ADD node_modules/@zowe/cli/node_modules/micromatch
1340 silly ADD node_modules/@zowe/cli/node_modules/merge2
1341 silly ADD node_modules/@zowe/cli/node_modules/mdurl
1342 silly ADD node_modules/@zowe/cli/node_modules/markdown-it
1343 silly ADD node_modules/@zowe/cli/node_modules/lru-cache
1344 silly ADD node_modules/@zowe/cli/node_modules/logform
1345 silly ADD node_modules/@zowe/cli/node_modules/logform/node_modules/@colors/colors
1346 silly ADD node_modules/@zowe/cli/node_modules/log4js
1347 silly ADD node_modules/@zowe/cli/node_modules/lodash-deep
1348 silly ADD node_modules/@zowe/cli/node_modules/lodash
1349 silly ADD node_modules/@zowe/cli/node_modules/locate-path
1350 silly ADD node_modules/@zowe/cli/node_modules/linkify-it
1351 silly ADD node_modules/@zowe/cli/node_modules/kuler
1352 silly ADD node_modules/@zowe/cli/node_modules/jsonschema
1353 silly ADD node_modules/@zowe/cli/node_modules/jsonparse
1354 silly ADD node_modules/@zowe/cli/node_modules/jsonfile
1355 silly ADD node_modules/@zowe/cli/node_modules/jsbn
1356 silly ADD node_modules/@zowe/cli/node_modules/js-yaml
1357 silly ADD node_modules/@zowe/cli/node_modules/jest-get-type
1358 silly ADD node_modules/@zowe/cli/node_modules/jest-diff
1359 silly ADD node_modules/@zowe/cli/node_modules/jackspeak
1360 silly ADD node_modules/@zowe/cli/node_modules/isexe
1361 silly ADD node_modules/@zowe/cli/node_modules/is-stream
1362 silly ADD node_modules/@zowe/cli/node_modules/is-number
1363 silly ADD node_modules/@zowe/cli/node_modules/is-lambda
1364 silly ADD node_modules/@zowe/cli/node_modules/is-glob
1365 silly ADD node_modules/@zowe/cli/node_modules/is-fullwidth-code-point
1366 silly ADD node_modules/@zowe/cli/node_modules/is-extglob
1367 silly ADD node_modules/@zowe/cli/node_modules/ip-address
1368 silly ADD node_modules/@zowe/cli/node_modules/ip-address/node_modules/sprintf-js
1369 silly ADD node_modules/@zowe/cli/node_modules/inherits
1370 silly ADD node_modules/@zowe/cli/node_modules/indent-string
1371 silly ADD node_modules/@zowe/cli/node_modules/imurmurhash
1372 silly ADD node_modules/@zowe/cli/node_modules/ignore-walk
1373 silly ADD node_modules/@zowe/cli/node_modules/http-cache-semantics
1374 silly ADD node_modules/@zowe/cli/node_modules/hosted-git-info
1375 silly ADD node_modules/@zowe/cli/node_modules/has-own-prop
1376 silly ADD node_modules/@zowe/cli/node_modules/has-flag
1377 silly ADD node_modules/@zowe/cli/node_modules/graceful-fs
1378 silly ADD node_modules/@zowe/cli/node_modules/glob-parent
1379 silly ADD node_modules/@zowe/cli/node_modules/glob
1380 silly ADD node_modules/@zowe/cli/node_modules/glob/node_modules/minipass
1381 silly ADD node_modules/@zowe/cli/node_modules/get-caller-file
1382 silly ADD node_modules/@zowe/cli/node_modules/fs-minipass
1383 silly ADD node_modules/@zowe/cli/node_modules/fs-extra
1384 silly ADD node_modules/@zowe/cli/node_modules/foreground-child
1385 silly ADD node_modules/@zowe/cli/node_modules/foreground-child/node_modules/signal-exit
1386 silly ADD node_modules/@zowe/cli/node_modules/fn.name
1387 silly ADD node_modules/@zowe/cli/node_modules/flatted
1388 silly ADD node_modules/@zowe/cli/node_modules/find-up
1389 silly ADD node_modules/@zowe/cli/node_modules/find-process
1390 silly ADD node_modules/@zowe/cli/node_modules/fill-range
1391 silly ADD node_modules/@zowe/cli/node_modules/fecha
1392 silly ADD node_modules/@zowe/cli/node_modules/fastq
1393 silly ADD node_modules/@zowe/cli/node_modules/fastest-levenshtein
1394 silly ADD node_modules/@zowe/cli/node_modules/fast-glob
1395 silly ADD node_modules/@zowe/cli/node_modules/exponential-backoff
1396 silly ADD node_modules/@zowe/cli/node_modules/esprima
1397 silly ADD node_modules/@zowe/cli/node_modules/escalade
1398 silly ADD node_modules/@zowe/cli/node_modules/err-code
1399 silly ADD node_modules/@zowe/cli/node_modules/env-paths
1400 silly ADD node_modules/@zowe/cli/node_modules/entities
1401 silly ADD node_modules/@zowe/cli/node_modules/encoding
1402 silly ADD node_modules/@zowe/cli/node_modules/encoding/node_modules/iconv-lite
1403 silly ADD node_modules/@zowe/cli/node_modules/enabled
1404 silly ADD node_modules/@zowe/cli/node_modules/emoji-regex
1405 silly ADD node_modules/@zowe/cli/node_modules/eastasianwidth
1406 silly ADD node_modules/@zowe/cli/node_modules/diff-sequences
1407 silly ADD node_modules/@zowe/cli/node_modules/deepmerge
1408 silly ADD node_modules/@zowe/cli/node_modules/debug
1409 silly ADD node_modules/@zowe/cli/node_modules/dayjs
1410 silly ADD node_modules/@zowe/cli/node_modules/date-format
1411 silly ADD node_modules/@zowe/cli/node_modules/dataobject-parser
1412 silly ADD node_modules/@zowe/cli/node_modules/cross-spawn
1413 silly ADD node_modules/@zowe/cli/node_modules/cross-spawn/node_modules/which
1414 silly ADD node_modules/@zowe/cli/node_modules/cross-spawn/node_modules/isexe
1415 silly ADD
1416 silly ADD node_modules/@zowe/cli/node_modules/core-util-is
1417 silly ADD node_modules/@zowe/cli/node_modules/comment-json
1418 silly ADD node_modules/@zowe/cli/node_modules/commander
1419 silly ADD node_modules/@zowe/cli/node_modules/colorspace
1420 silly ADD node_modules/@zowe/cli/node_modules/colors
1421 silly ADD node_modules/@zowe/cli/node_modules/color-string
1422 silly ADD node_modules/@zowe/cli/node_modules/color-name
1423 silly ADD node_modules/@zowe/cli/node_modules/color-convert
1424 silly ADD node_modules/@zowe/cli/node_modules/color
1425 silly ADD node_modules/@zowe/cli/node_modules/color/node_modules/color-name
1426 silly ADD node_modules/@zowe/cli/node_modules/color/node_modules/color-convert
1427 silly ADD node_modules/@zowe/cli/node_modules/cli-table3
1428 silly ADD node_modules/@zowe/cli/node_modules/clean-stack
1429 silly ADD node_modules/@zowe/cli/node_modules/chalk
1430 silly ADD
1431 silly ADD node_modules/@zowe/cli/node_modules/braces
1432 silly ADD node_modules/@zowe/cli/node_modules/brace-expansion
1433 silly ADD node_modules/@zowe/cli/node_modules/bcrypt-pbkdf
1434 silly ADD node_modules/@zowe/cli/node_modules/balanced-match
1435 silly ADD node_modules/@zowe/cli/node_modules/asn1
1436 silly ADD node_modules/@zowe/cli/node_modules/array-timsort
1437 silly ADD node_modules/@zowe/cli/node_modules/argparse
1438 silly ADD node_modules/@zowe/cli/node_modules/ansi-styles
1439 silly ADD node_modules/@zowe/cli/node_modules/ansi-regex
1440 silly ADD node_modules/@zowe/cli/node_modules/aggregate-error
1441 silly ADD node_modules/@zowe/cli/node_modules/@zowe/zosmf-for-zowe-sdk
1442 silly ADD node_modules/@zowe/cli/node_modules/@zowe/zos-workflows-for-zowe-sdk
1443 silly ADD node_modules/@zowe/cli/node_modules/@zowe/zos-uss-for-zowe-sdk
1444 silly ADD node_modules/@zowe/cli/node_modules/@zowe/zos-tso-for-zowe-sdk
1445 silly ADD node_modules/@zowe/cli/node_modules/@zowe/zos-logs-for-zowe-sdk
1446 silly ADD node_modules/@zowe/cli/node_modules/@zowe/zos-jobs-for-zowe-sdk
1447 silly ADD node_modules/@zowe/cli/node_modules/@zowe/zos-files-for-zowe-sdk
1448 silly ADD node_modules/@zowe/cli/node_modules/@zowe/zos-console-for-zowe-sdk
1449 silly ADD node_modules/@zowe/cli/node_modules/@zowe/secrets-for-zowe-sdk
1450 silly ADD node_modules/@zowe/cli/node_modules/@zowe/provisioning-for-zowe-sdk
1451 silly ADD node_modules/@zowe/cli/node_modules/@zowe/imperative
1452 silly ADD node_modules/@zowe/cli/node_modules/@zowe/imperative/node_modules/https-proxy-agent
1453 silly ADD node_modules/@zowe/cli/node_modules/@zowe/imperative/node_modules/http-proxy-agent
1454 silly ADD node_modules/@zowe/cli/node_modules/@zowe/imperative/node_modules/highlight.js
1455 silly ADD node_modules/@zowe/cli/node_modules/@zowe/imperative/node_modules/diff2html
1456 silly ADD node_modules/@zowe/cli/node_modules/@zowe/imperative/node_modules/diff2html/node_modules/diff
1457 silly ADD node_modules/@zowe/cli/node_modules/@zowe/imperative/node_modules/diff
1458 silly ADD node_modules/@zowe/cli/node_modules/@zowe/imperative/node_modules/agent-base
1459 silly ADD node_modules/@zowe/cli/node_modules/@zowe/core-for-zowe-sdk
1460 silly ADD node_modules/@zowe/cli/node_modules/@types/yargs-parser
1461 silly ADD node_modules/@zowe/cli/node_modules/@types/yargs
1462 silly ADD node_modules/@zowe/cli/node_modules/@types/triple-beam
1463 silly ADD node_modules/@zowe/cli/node_modules/@tufjs/models
1464 silly ADD node_modules/@zowe/cli/node_modules/@tufjs/canonical-json
1465 silly ADD node_modules/@zowe/cli/node_modules/@sinclair/typebox
1466 silly ADD node_modules/@zowe/cli/node_modules/@sigstore/verify
1467 silly ADD node_modules/@zowe/cli/node_modules/@sigstore/tuf
1468 silly ADD node_modules/@zowe/cli/node_modules/@sigstore/sign
1469 silly ADD node_modules/@zowe/cli/node_modules/@sigstore/sign/node_modules/unique-slug
1470 silly ADD node_modules/@zowe/cli/node_modules/@sigstore/sign/node_modules/unique-filename
1471 silly ADD node_modules/@zowe/cli/node_modules/@sigstore/sign/node_modules/ssri
1472 silly ADD node_modules/@zowe/cli/node_modules/@sigstore/sign/node_modules/minipass-fetch
1473 silly ADD node_modules/@zowe/cli/node_modules/@sigstore/sign/node_modules/minipass-collect
1474 silly ADD node_modules/@zowe/cli/node_modules/@sigstore/sign/node_modules/minipass
1475 silly ADD node_modules/@zowe/cli/node_modules/@sigstore/sign/node_modules/make-fetch-happen
1476 silly ADD node_modules/@zowe/cli/node_modules/@sigstore/sign/node_modules/fs-minipass
1477 silly ADD node_modules/@zowe/cli/node_modules/@sigstore/sign/node_modules/cacache
1478 silly ADD node_modules/@zowe/cli/node_modules/@sigstore/sign/node_modules/@npmcli/fs
1479 silly ADD node_modules/@zowe/cli/node_modules/@sigstore/protobuf-specs
1480 silly ADD node_modules/@zowe/cli/node_modules/@sigstore/core
1481 silly ADD node_modules/@zowe/cli/node_modules/@sigstore/bundle
1482 silly ADD node_modules/@zowe/cli/node_modules/@pkgjs/parseargs
1483 silly ADD node_modules/@zowe/cli/node_modules/@npmcli/redact
1484 silly ADD node_modules/@zowe/cli/node_modules/@npmcli/promise-spawn
1485 silly ADD node_modules/@zowe/cli/node_modules/@npmcli/git
1486 silly ADD node_modules/@zowe/cli/node_modules/@npmcli/git/node_modules/proc-log
1487 silly ADD node_modules/@zowe/cli/node_modules/@npmcli/git/node_modules/npm-pick-manifest
1488 silly ADD node_modules/@zowe/cli/node_modules/@npmcli/git/node_modules/npm-normalize-package-bin
1489 silly ADD node_modules/@zowe/cli/node_modules/@npmcli/agent
1490 silly ADD node_modules/@zowe/cli/node_modules/@npmcli/agent/node_modules/socks-proxy-agent
1491 silly ADD node_modules/@zowe/cli/node_modules/@npmcli/agent/node_modules/https-proxy-agent
1492 silly ADD node_modules/@zowe/cli/node_modules/@npmcli/agent/node_modules/http-proxy-agent
1493 silly ADD node_modules/@zowe/cli/node_modules/@npmcli/agent/node_modules/agent-base
1494 silly ADD node_modules/@zowe/cli/node_modules/@nodelib/fs.walk
1495 silly ADD node_modules/@zowe/cli/node_modules/@nodelib/fs.stat
1496 silly ADD node_modules/@zowe/cli/node_modules/@nodelib/fs.scandir
1497 silly ADD node_modules/@zowe/cli/node_modules/@jest/schemas
1498 silly ADD node_modules/@zowe/cli/node_modules/@isaacs/cliui
1499 silly ADD node_modules/@zowe/cli/node_modules/@isaacs/cliui/node_modules/wrap-ansi
1500 silly ADD node_modules/@zowe/cli/node_modules/@isaacs/cliui/node_modules/strip-ansi
1501 silly ADD node_modules/@zowe/cli/node_modules/@isaacs/cliui/node_modules/string-width
1502 silly ADD node_modules/@zowe/cli/node_modules/@isaacs/cliui/node_modules/emoji-regex
1503 silly ADD node_modules/@zowe/cli/node_modules/@isaacs/cliui/node_modules/ansi-styles
1504 silly ADD node_modules/@zowe/cli/node_modules/@isaacs/cliui/node_modules/ansi-regex
1505 silly ADD node_modules/@zowe/cli/node_modules/@dabh/diagnostics
1506 silly ADD node_modules/@zowe/cli/node_modules/@colors/colors
1507 verbose cwd C:\Users\NicholasChien\Documents\VSCode4z-InstantPack-work\npm-cache\npm-tmp
1508 verbose os Windows_NT 10.0.26100
1509 verbose node v22.16.0
1510 verbose npm  v10.9.2
1511 notice
1511 notice New [31mmajor[39m version of npm available! [31m10.9.2[39m -> [34m11.6.4[39m
1511 notice Changelog: [34mhttps://github.com/npm/cli/releases/tag/v11.6.4[39m
1511 notice To update run: [4mnpm install -g npm@11.6.4[24m
1511 notice  { force: true, [Symbol(proc-log.meta)]: true }
1512 verbose exit 0
1513 info ok
