0 verbose cli C:\Program Files\nodejs\node.exe C:\Program Files\nodejs\node_modules\npm\bin\npm-cli.js
1 info using npm@10.9.2
2 info using node@v22.16.0
3 silly config load:file:C:\Program Files\nodejs\node_modules\npm\npmrc
4 silly config load:file:C:\Users\NicholasChien\Documents\VSCode4z-InstantPack-work\npm-cache\npm-tmp\.npmrc
5 silly config load:file:C:\Users\NicholasChien\.npmrc
6 silly config load:file:C:\Users\NicholasChien\AppData\Roaming\npm\etc\npmrc
7 verbose title npm install @zowe/cli@8.27.1
8 verbose argv "install" "--no-fund" "--no-audit" "--no-save" "--no-package-lock" "--prefer-online" "--cache" "C:\\Users\\NicholasChien\\Documents\\VSCode4z-InstantPack-work\\npm-cache" "@zowe/cli@8.27.1"
9 verbose logfile logs-max:10 dir:C:\Users\NicholasChien\Documents\VSCode4z-InstantPack-work\npm-cache\_logs\2025-11-27T06_40_08_253Z-
10 verbose logfile C:\Users\NicholasChien\Documents\VSCode4z-InstantPack-work\npm-cache\_logs\2025-11-27T06_40_08_253Z-debug-0.log
11 silly logfile done cleaning log files
12 silly packumentCache heap:4345298944 maxSize:1086324736 maxEntrySize:543162368
13 silly idealTree buildDeps
14 silly fetch manifest @zowe/cli@8.27.1
15 silly packumentCache full:https://registry.npmjs.org/@zowe%2fcli cache-miss
16 http fetch GET 200 https://registry.npmjs.org/npm 633ms
17 http fetch GET 200 https://registry.npmjs.org/@zowe%2fcli 2468ms (cache updated)
18 silly packumentCache full:https://registry.npmjs.org/@zowe%2fcli set size:undefined disposed:false
19 silly placeDep ROOT @zowe/cli@8.27.1 OK for:  want: 8.27.1
20 silly fetch manifest tar@6.2.1
21 silly packumentCache full:https://registry.npmjs.org/tar cache-miss
22 silly fetch manifest lodash@4.17.21
23 silly packumentCache full:https://registry.npmjs.org/lodash cache-miss
24 silly fetch manifest minimatch@9.0.5
25 silly packumentCache full:https://registry.npmjs.org/minimatch cache-miss
26 silly fetch manifest find-process@1.4.7
27 silly packumentCache full:https://registry.npmjs.org/find-process cache-miss
28 silly fetch manifest @zowe/imperative@8.27.1
29 silly packumentCache full:https://registry.npmjs.org/@zowe%2fimperative cache-miss
30 silly fetch manifest @zowe/core-for-zowe-sdk@8.27.1
31 silly packumentCache full:https://registry.npmjs.org/@zowe%2fcore-for-zowe-sdk cache-miss
32 silly fetch manifest @zowe/zosmf-for-zowe-sdk@8.27.1
33 silly packumentCache full:https://registry.npmjs.org/@zowe%2fzosmf-for-zowe-sdk cache-miss
34 silly fetch manifest @zowe/zos-tso-for-zowe-sdk@8.27.1
35 silly packumentCache full:https://registry.npmjs.org/@zowe%2fzos-tso-for-zowe-sdk cache-miss
36 silly fetch manifest @zowe/zos-uss-for-zowe-sdk@8.27.1
37 silly packumentCache full:https://registry.npmjs.org/@zowe%2fzos-uss-for-zowe-sdk cache-miss
38 silly fetch manifest @zowe/zos-jobs-for-zowe-sdk@8.27.1
39 silly packumentCache full:https://registry.npmjs.org/@zowe%2fzos-jobs-for-zowe-sdk cache-miss
40 silly fetch manifest @zowe/zos-logs-for-zowe-sdk@8.27.1
41 silly packumentCache full:https://registry.npmjs.org/@zowe%2fzos-logs-for-zowe-sdk cache-miss
42 silly fetch manifest @zowe/zos-files-for-zowe-sdk@8.27.1
43 silly packumentCache full:https://registry.npmjs.org/@zowe%2fzos-files-for-zowe-sdk cache-miss
44 silly fetch manifest @zowe/zos-console-for-zowe-sdk@8.27.1
45 silly packumentCache full:https://registry.npmjs.org/@zowe%2fzos-console-for-zowe-sdk cache-miss
46 http fetch GET 200 https://registry.npmjs.org/minimatch 137ms (cache updated)
47 silly packumentCache full:https://registry.npmjs.org/minimatch set size:undefined disposed:false
48 silly fetch manifest @zowe/provisioning-for-zowe-sdk@8.27.1
49 silly packumentCache full:https://registry.npmjs.org/@zowe%2fprovisioning-for-zowe-sdk cache-miss
50 http fetch GET 200 https://registry.npmjs.org/lodash 141ms (cache updated)
51 silly packumentCache full:https://registry.npmjs.org/lodash set size:undefined disposed:false
52 silly fetch manifest @zowe/zos-workflows-for-zowe-sdk@8.27.1
53 silly packumentCache full:https://registry.npmjs.org/@zowe%2fzos-workflows-for-zowe-sdk cache-miss
54 http fetch GET 200 https://registry.npmjs.org/find-process 262ms (cache revalidated)
55 silly packumentCache full:https://registry.npmjs.org/find-process set size:76817 disposed:false
56 silly fetch manifest @zowe/secrets-for-zowe-sdk@8.27.0
57 silly packumentCache full:https://registry.npmjs.org/@zowe%2fsecrets-for-zowe-sdk cache-miss
58 http fetch GET 200 https://registry.npmjs.org/tar 336ms (cache updated)
59 silly packumentCache full:https://registry.npmjs.org/tar set size:undefined disposed:false
60 http fetch GET 200 https://registry.npmjs.org/@zowe%2fsecrets-for-zowe-sdk 363ms (cache updated)
61 silly packumentCache full:https://registry.npmjs.org/@zowe%2fsecrets-for-zowe-sdk set size:undefined disposed:false
62 http fetch GET 200 https://registry.npmjs.org/@zowe%2fzos-workflows-for-zowe-sdk 1549ms (cache updated)
63 silly packumentCache full:https://registry.npmjs.org/@zowe%2fzos-workflows-for-zowe-sdk set size:undefined disposed:false
64 http fetch GET 200 https://registry.npmjs.org/@zowe%2fzos-logs-for-zowe-sdk 1829ms (cache updated)
65 silly packumentCache full:https://registry.npmjs.org/@zowe%2fzos-logs-for-zowe-sdk set size:undefined disposed:false
66 http fetch GET 200 https://registry.npmjs.org/@zowe%2fimperative 2087ms (cache updated)
67 silly packumentCache full:https://registry.npmjs.org/@zowe%2fimperative set size:undefined disposed:false
68 http fetch GET 200 https://registry.npmjs.org/@zowe%2fprovisioning-for-zowe-sdk 1998ms (cache updated)
69 silly packumentCache full:https://registry.npmjs.org/@zowe%2fprovisioning-for-zowe-sdk set size:undefined disposed:false
70 http fetch GET 200 https://registry.npmjs.org/@zowe%2fzos-jobs-for-zowe-sdk 2596ms (cache updated)
71 silly packumentCache full:https://registry.npmjs.org/@zowe%2fzos-jobs-for-zowe-sdk set size:undefined disposed:false
72 http fetch GET 200 https://registry.npmjs.org/@zowe%2fzos-uss-for-zowe-sdk 2655ms (cache updated)
73 silly packumentCache full:https://registry.npmjs.org/@zowe%2fzos-uss-for-zowe-sdk set size:undefined disposed:false
74 http fetch GET 200 https://registry.npmjs.org/@zowe%2fzosmf-for-zowe-sdk 2666ms (cache updated)
75 silly packumentCache full:https://registry.npmjs.org/@zowe%2fzosmf-for-zowe-sdk set size:undefined disposed:false
76 http fetch GET 200 https://registry.npmjs.org/@zowe%2fcore-for-zowe-sdk 2681ms (cache updated)
77 silly packumentCache full:https://registry.npmjs.org/@zowe%2fcore-for-zowe-sdk set size:undefined disposed:false
78 http fetch GET 200 https://registry.npmjs.org/@zowe%2fzos-tso-for-zowe-sdk 3037ms (cache updated)
79 silly packumentCache full:https://registry.npmjs.org/@zowe%2fzos-tso-for-zowe-sdk set size:undefined disposed:false
80 http fetch GET 200 https://registry.npmjs.org/@zowe%2fzos-files-for-zowe-sdk 3206ms (cache updated)
81 silly packumentCache full:https://registry.npmjs.org/@zowe%2fzos-files-for-zowe-sdk set size:undefined disposed:false
82 http fetch GET 200 https://registry.npmjs.org/@zowe%2fzos-console-for-zowe-sdk 3240ms (cache updated)
83 silly packumentCache full:https://registry.npmjs.org/@zowe%2fzos-console-for-zowe-sdk set size:undefined disposed:false
84 silly reify moves {}
85 http fetch GET 200 https://registry.npmjs.org/@zowe/cli/-/cli-8.27.1.tgz 1350ms (cache revalidated)
86 silly packumentCache corgi:https://registry.npmjs.org/yargs cache-miss
87 silly packumentCache corgi:https://registry.npmjs.org/yargs-parser cache-miss
88 silly packumentCache corgi:https://registry.npmjs.org/yocto-queue cache-miss
89 silly packumentCache corgi:https://registry.npmjs.org/cliui cache-miss
90 silly packumentCache corgi:https://registry.npmjs.org/y18n cache-miss
91 silly packumentCache corgi:https://registry.npmjs.org/wrap-ansi cache-miss
92 silly packumentCache corgi:https://registry.npmjs.org/validate-npm-package-license cache-miss
93 silly packumentCache corgi:https://registry.npmjs.org/universalify cache-miss
94 silly packumentCache corgi:https://registry.npmjs.org/wontache cache-miss
95 silly packumentCache corgi:https://registry.npmjs.org/tuf-js cache-miss
96 silly packumentCache corgi:https://registry.npmjs.org/underscore cache-miss
97 silly packumentCache corgi:https://registry.npmjs.org/minipass-collect cache-miss
98 silly packumentCache corgi:https://registry.npmjs.org/util-deprecate cache-miss
99 silly packumentCache corgi:https://registry.npmjs.org/validate-npm-package-name cache-miss
100 silly packumentCache corgi:https://registry.npmjs.org/tweetnacl cache-miss
101 silly packumentCache corgi:https://registry.npmjs.org/uc.micro cache-miss
102 silly packumentCache corgi:https://registry.npmjs.org/unique-slug cache-miss
103 silly packumentCache corgi:https://registry.npmjs.org/minipass-fetch cache-miss
104 silly packumentCache corgi:https://registry.npmjs.org/fs-minipass cache-miss
105 silly packumentCache corgi:https://registry.npmjs.org/unique-filename cache-miss
106 silly packumentCache corgi:https://registry.npmjs.org/make-fetch-happen cache-miss
107 silly packumentCache corgi:https://registry.npmjs.org/ssri cache-miss
108 silly packumentCache corgi:https://registry.npmjs.org/tar cache-miss
109 silly packumentCache corgi:https://registry.npmjs.org/to-regex-range cache-miss
110 silly packumentCache corgi:https://registry.npmjs.org/minipass cache-miss
111 silly packumentCache corgi:https://registry.npmjs.org/cacache cache-miss
112 silly packumentCache corgi:https://registry.npmjs.org/minipass cache-miss
113 silly packumentCache corgi:https://registry.npmjs.org/yallist cache-miss
114 silly packumentCache corgi:https://registry.npmjs.org/supports-color cache-miss
115 silly packumentCache corgi:https://registry.npmjs.org/strip-ansi cache-miss
116 silly packumentCache corgi:https://registry.npmjs.org/chownr cache-miss
117 silly packumentCache corgi:https://registry.npmjs.org/string-width cache-miss
118 silly packumentCache corgi:https://registry.npmjs.org/@npmcli%2ffs cache-miss
119 silly packumentCache corgi:https://registry.npmjs.org/stack-trace cache-miss
120 silly packumentCache corgi:https://registry.npmjs.org/spdx-license-ids cache-miss
121 silly packumentCache corgi:https://registry.npmjs.org/ssh2 cache-miss
122 silly packumentCache corgi:https://registry.npmjs.org/string_decoder cache-miss
123 silly packumentCache corgi:https://registry.npmjs.org/spdx-expression-parse cache-miss
124 silly packumentCache corgi:https://registry.npmjs.org/spdx-correct cache-miss
125 silly packumentCache corgi:https://registry.npmjs.org/smart-buffer cache-miss
126 silly packumentCache corgi:https://registry.npmjs.org/socks cache-miss
127 silly packumentCache corgi:https://registry.npmjs.org/sigstore cache-miss
128 silly packumentCache corgi:https://registry.npmjs.org/semver cache-miss
129 silly packumentCache corgi:https://registry.npmjs.org/shebang-command cache-miss
130 silly packumentCache corgi:https://registry.npmjs.org/safer-buffer cache-miss
131 silly packumentCache corgi:https://registry.npmjs.org/spdx-exceptions cache-miss
132 silly packumentCache corgi:https://registry.npmjs.org/retry cache-miss
133 silly packumentCache corgi:https://registry.npmjs.org/shebang-regex cache-miss
134 silly packumentCache corgi:https://registry.npmjs.org/safe-buffer cache-miss
135 silly packumentCache corgi:https://registry.npmjs.org/reusify cache-miss
136 silly packumentCache corgi:https://registry.npmjs.org/readable-stream cache-miss
137 silly packumentCache corgi:https://registry.npmjs.org/require-directory cache-miss
138 silly packumentCache corgi:https://registry.npmjs.org/react-is cache-miss
139 silly packumentCache corgi:https://registry.npmjs.org/run-parallel cache-miss
140 silly packumentCache corgi:https://registry.npmjs.org/read cache-miss
141 silly packumentCache corgi:https://registry.npmjs.org/punycode.js cache-miss
142 silly packumentCache corgi:https://registry.npmjs.org/repeat-string cache-miss
143 silly packumentCache corgi:https://registry.npmjs.org/promise-retry cache-miss
144 silly packumentCache corgi:https://registry.npmjs.org/queue-microtask cache-miss
145 silly packumentCache corgi:https://registry.npmjs.org/prettyjson cache-miss
146 silly packumentCache corgi:https://registry.npmjs.org/progress cache-miss
147 silly packumentCache corgi:https://registry.npmjs.org/ansi-styles cache-miss
148 silly packumentCache corgi:https://registry.npmjs.org/promise-inflight cache-miss
149 silly packumentCache corgi:https://registry.npmjs.org/pretty-format cache-miss
150 silly packumentCache corgi:https://registry.npmjs.org/path-key cache-miss
151 silly packumentCache corgi:https://registry.npmjs.org/pacote cache-miss
152 silly packumentCache corgi:https://registry.npmjs.org/unique-slug cache-miss
153 silly packumentCache corgi:https://registry.npmjs.org/ssri cache-miss
154 silly packumentCache corgi:https://registry.npmjs.org/picomatch cache-miss
155 silly packumentCache corgi:https://registry.npmjs.org/npm-packlist cache-miss
156 silly packumentCache corgi:https://registry.npmjs.org/path-exists cache-miss
157 silly packumentCache corgi:https://registry.npmjs.org/npm-pick-manifest cache-miss
158 silly packumentCache corgi:https://registry.npmjs.org/unique-filename cache-miss
159 silly packumentCache corgi:https://registry.npmjs.org/path-scurry cache-miss
160 silly packumentCache corgi:https://registry.npmjs.org/minipass cache-miss
161 silly packumentCache corgi:https://registry.npmjs.org/proc-log cache-miss
162 silly packumentCache corgi:https://registry.npmjs.org/npm-normalize-package-bin cache-miss
163 silly packumentCache corgi:https://registry.npmjs.org/nopt cache-miss
164 silly packumentCache corgi:https://registry.npmjs.org/minipass-collect cache-miss
165 silly packumentCache corgi:https://registry.npmjs.org/node-gyp cache-miss
166 silly packumentCache corgi:https://registry.npmjs.org/npm-bundled cache-miss
167 silly packumentCache corgi:https://registry.npmjs.org/fs-minipass cache-miss
168 silly packumentCache corgi:https://registry.npmjs.org/@npmcli%2frun-script cache-miss
169 silly packumentCache corgi:https://registry.npmjs.org/make-fetch-happen cache-miss
170 silly packumentCache corgi:https://registry.npmjs.org/minipass-fetch cache-miss
171 silly packumentCache corgi:https://registry.npmjs.org/minipass cache-miss
172 silly packumentCache corgi:https://registry.npmjs.org/abbrev cache-miss
173 silly packumentCache corgi:https://registry.npmjs.org/@npmcli%2fnode-gyp cache-miss
174 silly packumentCache corgi:https://registry.npmjs.org/json-parse-even-better-errors cache-miss
175 silly packumentCache corgi:https://registry.npmjs.org/cacache cache-miss
176 silly packumentCache corgi:https://registry.npmjs.org/@npmcli%2fpackage-json cache-miss
177 silly packumentCache corgi:https://registry.npmjs.org/package-json-from-dist cache-miss
178 silly packumentCache corgi:https://registry.npmjs.org/@npmcli%2ffs cache-miss
179 silly packumentCache corgi:https://registry.npmjs.org/proc-log cache-miss
180 silly packumentCache corgi:https://registry.npmjs.org/p-map cache-miss
181 silly packumentCache corgi:https://registry.npmjs.org/p-locate cache-miss
182 silly packumentCache corgi:https://registry.npmjs.org/@npmcli%2finstalled-package-contents cache-miss
183 silly packumentCache corgi:https://registry.npmjs.org/npm-registry-fetch cache-miss
184 silly packumentCache corgi:https://registry.npmjs.org/opener cache-miss
185 silly packumentCache corgi:https://registry.npmjs.org/ssri cache-miss
186 silly packumentCache corgi:https://registry.npmjs.org/unique-filename cache-miss
187 silly packumentCache corgi:https://registry.npmjs.org/unique-slug cache-miss
188 silly packumentCache corgi:https://registry.npmjs.org/p-limit cache-miss
189 silly packumentCache corgi:https://registry.npmjs.org/cacache cache-miss
190 silly packumentCache corgi:https://registry.npmjs.org/minipass-fetch cache-miss
191 silly packumentCache corgi:https://registry.npmjs.org/proc-log cache-miss
192 silly packumentCache corgi:https://registry.npmjs.org/minipass cache-miss
193 silly packumentCache corgi:https://registry.npmjs.org/minipass-collect cache-miss
194 silly packumentCache corgi:https://registry.npmjs.org/npm-install-checks cache-miss
195 silly packumentCache corgi:https://registry.npmjs.org/make-fetch-happen cache-miss
196 silly packumentCache corgi:https://registry.npmjs.org/negotiator cache-miss
197 silly packumentCache corgi:https://registry.npmjs.org/npm-package-arg cache-miss
198 silly packumentCache corgi:https://registry.npmjs.org/nan cache-miss
199 silly packumentCache corgi:https://registry.npmjs.org/mute-stream cache-miss
200 silly packumentCache corgi:https://registry.npmjs.org/mustache cache-miss
201 silly packumentCache corgi:https://registry.npmjs.org/fs-minipass cache-miss
202 silly packumentCache corgi:https://registry.npmjs.org/proc-log cache-miss
203 silly packumentCache corgi:https://registry.npmjs.org/minipass-sized cache-miss
204 silly packumentCache corgi:https://registry.npmjs.org/@npmcli%2ffs cache-miss
205 silly packumentCache corgi:https://registry.npmjs.org/ms cache-miss
206 silly packumentCache corgi:https://registry.npmjs.org/mkdirp cache-miss
207 silly packumentCache corgi:https://registry.npmjs.org/minipass-flush cache-miss
208 silly packumentCache corgi:https://registry.npmjs.org/minizlib cache-miss
209 silly packumentCache corgi:https://registry.npmjs.org/normalize-package-data cache-miss
210 silly packumentCache corgi:https://registry.npmjs.org/yallist cache-miss
211 silly packumentCache corgi:https://registry.npmjs.org/minipass-pipeline cache-miss
212 silly packumentCache corgi:https://registry.npmjs.org/merge2 cache-miss
213 silly packumentCache corgi:https://registry.npmjs.org/minipass cache-miss
214 silly packumentCache corgi:https://registry.npmjs.org/minimist cache-miss
215 silly packumentCache corgi:https://registry.npmjs.org/yallist cache-miss
216 silly packumentCache corgi:https://registry.npmjs.org/lru-cache cache-miss
217 silly packumentCache corgi:https://registry.npmjs.org/mdurl cache-miss
218 silly packumentCache corgi:https://registry.npmjs.org/markdown-it cache-miss
219 silly packumentCache corgi:https://registry.npmjs.org/lodash cache-miss
220 silly packumentCache corgi:https://registry.npmjs.org/linkify-it cache-miss
221 silly packumentCache corgi:https://registry.npmjs.org/locate-path cache-miss
222 silly packumentCache corgi:https://registry.npmjs.org/jsonparse cache-miss
223 silly packumentCache corgi:https://registry.npmjs.org/jsonschema cache-miss
224 silly packumentCache corgi:https://registry.npmjs.org/js-yaml cache-miss
225 silly packumentCache corgi:https://registry.npmjs.org/jsbn cache-miss
226 silly packumentCache corgi:https://registry.npmjs.org/lodash-deep cache-miss
227 silly packumentCache corgi:https://registry.npmjs.org/jest-diff cache-miss
228 silly packumentCache corgi:https://registry.npmjs.org/jest-get-type cache-miss
229 silly packumentCache corgi:https://registry.npmjs.org/is-extglob cache-miss
230 silly packumentCache corgi:https://registry.npmjs.org/is-number cache-miss
231 silly packumentCache corgi:https://registry.npmjs.org/jsonfile cache-miss
232 silly packumentCache corgi:https://registry.npmjs.org/is-stream cache-miss
233 silly packumentCache corgi:https://registry.npmjs.org/is-glob cache-miss
234 silly packumentCache corgi:https://registry.npmjs.org/is-fullwidth-code-point cache-miss
235 silly packumentCache corgi:https://registry.npmjs.org/ip-address cache-miss
236 silly packumentCache corgi:https://registry.npmjs.org/is-lambda cache-miss
237 silly packumentCache corgi:https://registry.npmjs.org/imurmurhash cache-miss
238 silly packumentCache corgi:https://registry.npmjs.org/inherits cache-miss
239 silly packumentCache corgi:https://registry.npmjs.org/http-cache-semantics cache-miss
240 silly packumentCache corgi:https://registry.npmjs.org/hosted-git-info cache-miss
241 silly packumentCache corgi:https://registry.npmjs.org/sprintf-js cache-miss
242 silly packumentCache corgi:https://registry.npmjs.org/has-flag cache-miss
243 silly packumentCache corgi:https://registry.npmjs.org/indent-string cache-miss
244 silly packumentCache corgi:https://registry.npmjs.org/get-caller-file cache-miss
245 silly packumentCache corgi:https://registry.npmjs.org/has-own-prop cache-miss
246 silly packumentCache corgi:https://registry.npmjs.org/graceful-fs cache-miss
247 silly packumentCache corgi:https://registry.npmjs.org/fs-minipass cache-miss
248 silly packumentCache corgi:https://registry.npmjs.org/ignore-walk cache-miss
249 silly packumentCache corgi:https://registry.npmjs.org/find-up cache-miss
250 silly packumentCache corgi:https://registry.npmjs.org/find-process cache-miss
251 silly packumentCache corgi:https://registry.npmjs.org/flatted cache-miss
252 silly packumentCache corgi:https://registry.npmjs.org/glob-parent cache-miss
253 silly packumentCache corgi:https://registry.npmjs.org/fill-range cache-miss
254 silly packumentCache corgi:https://registry.npmjs.org/fastq cache-miss
255 silly packumentCache corgi:https://registry.npmjs.org/foreground-child cache-miss
256 silly packumentCache corgi:https://registry.npmjs.org/fastest-levenshtein cache-miss
257 silly packumentCache corgi:https://registry.npmjs.org/fs-extra cache-miss
258 silly packumentCache corgi:https://registry.npmjs.org/signal-exit cache-miss
259 silly packumentCache corgi:https://registry.npmjs.org/fast-glob cache-miss
260 silly packumentCache corgi:https://registry.npmjs.org/escalade cache-miss
261 silly packumentCache corgi:https://registry.npmjs.org/exponential-backoff cache-miss
262 silly packumentCache corgi:https://registry.npmjs.org/env-paths cache-miss
263 silly packumentCache corgi:https://registry.npmjs.org/esprima cache-miss
264 silly packumentCache corgi:https://registry.npmjs.org/encoding cache-miss
265 silly packumentCache corgi:https://registry.npmjs.org/entities cache-miss
266 silly packumentCache corgi:https://registry.npmjs.org/err-code cache-miss
267 silly packumentCache corgi:https://registry.npmjs.org/iconv-lite cache-miss
268 silly packumentCache corgi:https://registry.npmjs.org/diff-sequences cache-miss
269 silly packumentCache corgi:https://registry.npmjs.org/emoji-regex cache-miss
270 silly packumentCache corgi:https://registry.npmjs.org/debug cache-miss
271 silly packumentCache corgi:https://registry.npmjs.org/dataobject-parser cache-miss
272 silly packumentCache corgi:https://registry.npmjs.org/deepmerge cache-miss
273 silly packumentCache corgi:https://registry.npmjs.org/commander cache-miss
274 silly packumentCache corgi:https://registry.npmjs.org/core-util-is cache-miss
275 silly packumentCache corgi:https://registry.npmjs.org/color-name cache-miss
276 silly packumentCache corgi:https://registry.npmjs.org/comment-json cache-miss
277 silly packumentCache corgi:https://registry.npmjs.org/color-convert cache-miss
278 silly packumentCache corgi:https://registry.npmjs.org/colors cache-miss
279 silly packumentCache corgi:https://registry.npmjs.org/chalk cache-miss
280 silly packumentCache corgi:https://registry.npmjs.org/cli-table3 cache-miss
281 silly packumentCache corgi:https://registry.npmjs.org/cpu-features cache-miss
282 silly packumentCache corgi:https://registry.npmjs.org/braces cache-miss
283 silly packumentCache corgi:https://registry.npmjs.org/clean-stack cache-miss
284 silly packumentCache corgi:https://registry.npmjs.org/bcrypt-pbkdf cache-miss
285 silly packumentCache corgi:https://registry.npmjs.org/balanced-match cache-miss
286 silly packumentCache corgi:https://registry.npmjs.org/argparse cache-miss
287 silly packumentCache corgi:https://registry.npmjs.org/buildcheck cache-miss
288 silly packumentCache corgi:https://registry.npmjs.org/asn1 cache-miss
289 silly packumentCache corgi:https://registry.npmjs.org/array-timsort cache-miss
290 silly packumentCache corgi:https://registry.npmjs.org/ansi-styles cache-miss
291 silly packumentCache corgi:https://registry.npmjs.org/aggregate-error cache-miss
292 silly packumentCache corgi:https://registry.npmjs.org/@types%2fyargs cache-miss
293 silly packumentCache corgi:https://registry.npmjs.org/@types%2fyargs-parser cache-miss
294 silly packumentCache corgi:https://registry.npmjs.org/@tufjs%2fmodels cache-miss
295 silly packumentCache corgi:https://registry.npmjs.org/@tufjs%2fcanonical-json cache-miss
296 silly packumentCache corgi:https://registry.npmjs.org/@sigstore%2fverify cache-miss
297 silly packumentCache corgi:https://registry.npmjs.org/@sigstore%2fsign cache-miss
298 silly packumentCache corgi:https://registry.npmjs.org/unique-filename cache-miss
299 silly packumentCache corgi:https://registry.npmjs.org/unique-slug cache-miss
300 silly packumentCache corgi:https://registry.npmjs.org/minipass-fetch cache-miss
301 silly packumentCache corgi:https://registry.npmjs.org/minipass-collect cache-miss
302 silly packumentCache corgi:https://registry.npmjs.org/ssri cache-miss
303 silly packumentCache corgi:https://registry.npmjs.org/@sinclair%2ftypebox cache-miss
304 silly packumentCache corgi:https://registry.npmjs.org/make-fetch-happen cache-miss
305 silly packumentCache corgi:https://registry.npmjs.org/minipass cache-miss
306 silly packumentCache corgi:https://registry.npmjs.org/@sigstore%2fcore cache-miss
307 silly packumentCache corgi:https://registry.npmjs.org/fs-minipass cache-miss
308 silly packumentCache corgi:https://registry.npmjs.org/cacache cache-miss
309 silly packumentCache corgi:https://registry.npmjs.org/@sigstore%2ftuf cache-miss
310 silly packumentCache corgi:https://registry.npmjs.org/@npmcli%2fpromise-spawn cache-miss
311 silly packumentCache corgi:https://registry.npmjs.org/@sigstore%2fprotobuf-specs cache-miss
312 silly packumentCache corgi:https://registry.npmjs.org/@sigstore%2fbundle cache-miss
313 silly packumentCache corgi:https://registry.npmjs.org/proc-log cache-miss
314 silly packumentCache corgi:https://registry.npmjs.org/@npmcli%2fredact cache-miss
315 silly packumentCache corgi:https://registry.npmjs.org/@npmcli%2ffs cache-miss
316 silly packumentCache corgi:https://registry.npmjs.org/@npmcli%2fgit cache-miss
317 silly packumentCache corgi:https://registry.npmjs.org/npm-normalize-package-bin cache-miss
318 silly packumentCache corgi:https://registry.npmjs.org/@npmcli%2fagent cache-miss
319 silly packumentCache corgi:https://registry.npmjs.org/npm-pick-manifest cache-miss
320 silly packumentCache corgi:https://registry.npmjs.org/@nodelib%2ffs.walk cache-miss
321 silly packumentCache corgi:https://registry.npmjs.org/https-proxy-agent cache-miss
322 silly packumentCache corgi:https://registry.npmjs.org/@jest%2fschemas cache-miss
323 silly packumentCache corgi:https://registry.npmjs.org/@nodelib%2ffs.scandir cache-miss
324 silly packumentCache corgi:https://registry.npmjs.org/socks-proxy-agent cache-miss
325 silly packumentCache corgi:https://registry.npmjs.org/agent-base cache-miss
326 silly packumentCache corgi:https://registry.npmjs.org/@nodelib%2ffs.stat cache-miss
327 silly packumentCache corgi:https://registry.npmjs.org/http-proxy-agent cache-miss
328 silly packumentCache corgi:https://registry.npmjs.org/@colors%2fcolors cache-miss
329 http fetch GET 200 https://registry.npmjs.org/underscore 635ms (cache revalidated)
330 silly packumentCache corgi:https://registry.npmjs.org/underscore set size:53727 disposed:false
331 http fetch GET 200 https://registry.npmjs.org/yargs-parser 640ms (cache revalidated)
332 silly packumentCache corgi:https://registry.npmjs.org/yargs-parser set size:114022 disposed:false
333 http fetch GET 200 https://registry.npmjs.org/tweetnacl 638ms (cache revalidated)
334 silly packumentCache corgi:https://registry.npmjs.org/tweetnacl set size:19726 disposed:false
335 http fetch GET 200 https://registry.npmjs.org/y18n 641ms (cache revalidated)
336 silly packumentCache corgi:https://registry.npmjs.org/y18n set size:28451 disposed:false
337 http fetch GET 200 https://registry.npmjs.org/yargs 644ms (cache revalidated)
338 silly packumentCache corgi:https://registry.npmjs.org/yargs set size:342846 disposed:false
339 http fetch GET 200 https://registry.npmjs.org/async/-/async-3.2.6.tgz 646ms (cache revalidated)
340 http fetch GET 200 https://registry.npmjs.org/cliui 648ms (cache revalidated)
341 silly packumentCache corgi:https://registry.npmjs.org/cliui set size:30917 disposed:false
342 http fetch GET 200 https://registry.npmjs.org/minipass-collect 646ms (cache revalidated)
343 silly packumentCache corgi:https://registry.npmjs.org/minipass-collect set size:5951 disposed:false
344 http fetch GET 200 https://registry.npmjs.org/wrap-ansi/-/wrap-ansi-7.0.0.tgz 650ms (cache revalidated)
345 http fetch GET 200 https://registry.npmjs.org/winston-transport/-/winston-transport-4.9.0.tgz 650ms (cache revalidated)
346 http fetch GET 200 https://registry.npmjs.org/wrap-ansi 650ms (cache revalidated)
347 silly packumentCache corgi:https://registry.npmjs.org/wrap-ansi set size:24757 disposed:false
348 http fetch GET 200 https://registry.npmjs.org/winston/-/winston-3.17.0.tgz 652ms (cache revalidated)
349 http fetch GET 200 https://registry.npmjs.org/yocto-queue 661ms (cache updated)
350 silly packumentCache corgi:https://registry.npmjs.org/yocto-queue set size:undefined disposed:false
351 http fetch GET 200 https://registry.npmjs.org/validate-npm-package-name 714ms (cache updated)
352 silly packumentCache corgi:https://registry.npmjs.org/validate-npm-package-name set size:undefined disposed:false
353 http fetch GET 200 https://registry.npmjs.org/which/-/which-4.0.0.tgz 734ms (cache revalidated)
354 http fetch GET 200 https://registry.npmjs.org/triple-beam/-/triple-beam-1.4.1.tgz 733ms (cache revalidated)
355 http fetch GET 200 https://registry.npmjs.org/fs-minipass 733ms (cache revalidated)
356 silly packumentCache corgi:https://registry.npmjs.org/fs-minipass set size:19625 disposed:false
357 http fetch GET 200 https://registry.npmjs.org/validate-npm-package-license 737ms (cache revalidated)
358 silly packumentCache corgi:https://registry.npmjs.org/validate-npm-package-license set size:7773 disposed:false
359 http fetch GET 200 https://registry.npmjs.org/universalify 738ms (cache revalidated)
360 silly packumentCache corgi:https://registry.npmjs.org/universalify set size:8781 disposed:false
361 http fetch GET 200 https://registry.npmjs.org/minipass-fetch 755ms (cache updated)
362 silly packumentCache corgi:https://registry.npmjs.org/minipass-fetch set size:undefined disposed:false
363 http fetch GET 200 https://registry.npmjs.org/@colors/colors/-/colors-1.6.0.tgz 771ms (cache revalidated)
364 http fetch GET 200 https://registry.npmjs.org/tuf-js 772ms (cache revalidated)
365 silly packumentCache corgi:https://registry.npmjs.org/tuf-js set size:37326 disposed:false
366 http fetch GET 200 https://registry.npmjs.org/cacache 775ms (cache updated)
367 silly packumentCache corgi:https://registry.npmjs.org/cacache set size:undefined disposed:false
368 http fetch GET 200 https://registry.npmjs.org/tar 785ms (cache updated)
369 silly packumentCache corgi:https://registry.npmjs.org/tar set size:undefined disposed:false
370 http fetch GET 200 https://registry.npmjs.org/unique-filename 817ms (cache updated)
371 silly packumentCache corgi:https://registry.npmjs.org/unique-filename set size:undefined disposed:false
372 http fetch GET 200 https://registry.npmjs.org/uc.micro 824ms (cache revalidated)
373 silly packumentCache corgi:https://registry.npmjs.org/uc.micro set size:6536 disposed:false
374 http fetch GET 200 https://registry.npmjs.org/util-deprecate 826ms (cache revalidated)
375 silly packumentCache corgi:https://registry.npmjs.org/util-deprecate set size:1568 disposed:false
376 http fetch GET 200 https://registry.npmjs.org/yallist 837ms (cache revalidated)
377 silly packumentCache corgi:https://registry.npmjs.org/yallist set size:13036 disposed:false
378 http fetch GET 200 https://registry.npmjs.org/strip-ansi 837ms (cache revalidated)
379 silly packumentCache corgi:https://registry.npmjs.org/strip-ansi set size:18603 disposed:false
380 http fetch GET 200 https://registry.npmjs.org/text-hex/-/text-hex-1.0.0.tgz 840ms (cache revalidated)
381 http fetch GET 200 https://registry.npmjs.org/to-regex-range 842ms (cache revalidated)
382 silly packumentCache corgi:https://registry.npmjs.org/to-regex-range set size:17851 disposed:false
383 http fetch GET 200 https://registry.npmjs.org/string-width/-/string-width-4.2.3.tgz 839ms (cache revalidated)
384 http fetch GET 200 https://registry.npmjs.org/streamroller/-/streamroller-3.1.5.tgz 841ms (cache revalidated)
385 http fetch GET 200 https://registry.npmjs.org/minipass 858ms (cache revalidated)
386 silly packumentCache corgi:https://registry.npmjs.org/minipass set size:115719 disposed:false
387 http fetch GET 200 https://registry.npmjs.org/string-width 870ms (cache revalidated)
388 silly packumentCache corgi:https://registry.npmjs.org/string-width set size:29561 disposed:false
389 http fetch GET 200 https://registry.npmjs.org/stack-trace 870ms (cache revalidated)
390 silly packumentCache corgi:https://registry.npmjs.org/stack-trace set size:8817 disposed:false
391 http fetch GET 200 https://registry.npmjs.org/supports-color 873ms (cache revalidated)
392 silly packumentCache corgi:https://registry.npmjs.org/supports-color set size:54084 disposed:false
393 http fetch GET 200 https://registry.npmjs.org/make-fetch-happen 887ms (cache updated)
394 silly packumentCache corgi:https://registry.npmjs.org/make-fetch-happen set size:undefined disposed:false
395 http fetch GET 200 https://registry.npmjs.org/chownr 886ms (cache revalidated)
396 silly packumentCache corgi:https://registry.npmjs.org/chownr set size:11768 disposed:false
397 http fetch GET 200 https://registry.npmjs.org/universalify/-/universalify-0.1.2.tgz 887ms (cache revalidated)
398 http fetch GET 200 https://registry.npmjs.org/strip-ansi/-/strip-ansi-6.0.1.tgz 887ms (cache revalidated)
399 http fetch GET 200 https://registry.npmjs.org/spdx-expression-parse 889ms (cache revalidated)
400 silly packumentCache corgi:https://registry.npmjs.org/spdx-expression-parse set size:8640 disposed:false
401 http fetch GET 200 https://registry.npmjs.org/jsonfile/-/jsonfile-4.0.0.tgz 891ms (cache revalidated)
402 http fetch GET 200 https://registry.npmjs.org/ssri 900ms (cache updated)
403 silly packumentCache corgi:https://registry.npmjs.org/ssri set size:undefined disposed:false
404 http fetch GET 200 https://registry.npmjs.org/spdx-license-ids 906ms (cache revalidated)
405 silly packumentCache corgi:https://registry.npmjs.org/spdx-license-ids set size:36421 disposed:false
406 http fetch GET 200 https://registry.npmjs.org/socks 978ms (cache revalidated)
407 silly packumentCache corgi:https://registry.npmjs.org/socks set size:65181 disposed:false
408 http fetch GET 200 https://registry.npmjs.org/string_decoder 981ms (cache revalidated)
409 silly packumentCache corgi:https://registry.npmjs.org/string_decoder set size:11185 disposed:false
410 http fetch GET 200 https://registry.npmjs.org/fs-extra/-/fs-extra-8.1.0.tgz 983ms (cache revalidated)
411 http fetch GET 200 https://registry.npmjs.org/sigstore 983ms (cache revalidated)
412 silly packumentCache corgi:https://registry.npmjs.org/sigstore set size:61429 disposed:false
413 http fetch GET 200 https://registry.npmjs.org/smart-buffer 985ms (cache revalidated)
414 silly packumentCache corgi:https://registry.npmjs.org/smart-buffer set size:25136 disposed:false
415 http fetch GET 200 https://registry.npmjs.org/shebang-command 986ms (cache revalidated)
416 silly packumentCache corgi:https://registry.npmjs.org/shebang-command set size:3464 disposed:false
417 http fetch GET 200 https://registry.npmjs.org/spdx-exceptions 988ms (cache revalidated)
418 silly packumentCache corgi:https://registry.npmjs.org/spdx-exceptions set size:8077 disposed:false
419 http fetch GET 200 https://registry.npmjs.org/safe-stable-stringify/-/safe-stable-stringify-2.5.0.tgz 990ms (cache revalidated)
420 http fetch GET 200 https://registry.npmjs.org/spdx-correct 992ms (cache revalidated)
421 silly packumentCache corgi:https://registry.npmjs.org/spdx-correct set size:17118 disposed:false
422 http fetch GET 200 https://registry.npmjs.org/@npmcli%2ffs 1015ms (cache updated)
423 silly packumentCache corgi:https://registry.npmjs.org/@npmcli%2ffs set size:undefined disposed:false
424 http fetch GET 200 https://registry.npmjs.org/ssh2 1034ms (cache updated)
425 silly packumentCache corgi:https://registry.npmjs.org/ssh2 set size:undefined disposed:false
426 http fetch GET 200 https://registry.npmjs.org/semver 1035ms (cache updated)
427 silly packumentCache corgi:https://registry.npmjs.org/semver set size:undefined disposed:false
428 http fetch GET 200 https://registry.npmjs.org/simple-swizzle/-/simple-swizzle-0.2.2.tgz 1051ms (cache revalidated)
429 http fetch GET 200 https://registry.npmjs.org/readable-stream 1049ms (cache revalidated)
430 silly packumentCache corgi:https://registry.npmjs.org/readable-stream set size:120297 disposed:false
431 http fetch GET 200 https://registry.npmjs.org/shebang-regex 1052ms (cache revalidated)
432 silly packumentCache corgi:https://registry.npmjs.org/shebang-regex set size:4332 disposed:false
433 http fetch GET 200 https://registry.npmjs.org/safe-buffer 1052ms (cache revalidated)
434 silly packumentCache corgi:https://registry.npmjs.org/safe-buffer set size:9110 disposed:false
435 http fetch GET 200 https://registry.npmjs.org/repeat-string 1053ms (cache revalidated)
436 silly packumentCache corgi:https://registry.npmjs.org/repeat-string set size:10503 disposed:false
437 http fetch GET 200 https://registry.npmjs.org/reusify 1055ms (cache revalidated)
438 silly packumentCache corgi:https://registry.npmjs.org/reusify set size:3975 disposed:false
439 http fetch GET 200 https://registry.npmjs.org/safer-buffer 1057ms (cache revalidated)
440 silly packumentCache corgi:https://registry.npmjs.org/safer-buffer set size:3543 disposed:false
441 http fetch GET 200 https://registry.npmjs.org/retry 1057ms (cache revalidated)
442 silly packumentCache corgi:https://registry.npmjs.org/retry set size:9526 disposed:false
443 http fetch GET 200 https://registry.npmjs.org/is-arrayish/-/is-arrayish-0.3.2.tgz 1060ms (cache revalidated)
444 http fetch GET 200 https://registry.npmjs.org/require-directory 1089ms (cache revalidated)
445 silly packumentCache corgi:https://registry.npmjs.org/require-directory set size:6877 disposed:false
446 http fetch GET 200 https://registry.npmjs.org/queue-microtask 1097ms (cache revalidated)
447 silly packumentCache corgi:https://registry.npmjs.org/queue-microtask set size:17535 disposed:false
448 http fetch GET 200 https://registry.npmjs.org/ansi-styles 1099ms (cache revalidated)
449 silly packumentCache corgi:https://registry.npmjs.org/ansi-styles set size:29858 disposed:false
450 http fetch GET 200 https://registry.npmjs.org/promise-retry 1101ms (cache revalidated)
451 silly packumentCache corgi:https://registry.npmjs.org/promise-retry set size:12745 disposed:false
452 http fetch GET 200 https://registry.npmjs.org/rfdc/-/rfdc-1.4.1.tgz 1113ms (cache revalidated)
453 http fetch GET 200 https://registry.npmjs.org/run-parallel 1117ms (cache revalidated)
454 silly packumentCache corgi:https://registry.npmjs.org/run-parallel set size:12723 disposed:false
455 http fetch GET 200 https://registry.npmjs.org/picomatch 1122ms (cache revalidated)
456 silly packumentCache corgi:https://registry.npmjs.org/picomatch set size:42189 disposed:false
457 http fetch GET 200 https://registry.npmjs.org/path-exists 1131ms (cache revalidated)
458 silly packumentCache corgi:https://registry.npmjs.org/path-exists set size:5428 disposed:false
459 http fetch GET 200 https://registry.npmjs.org/path-key 1134ms (cache revalidated)
460 silly packumentCache corgi:https://registry.npmjs.org/path-key set size:7889 disposed:false
461 http fetch GET 200 https://registry.npmjs.org/unique-filename 1144ms (cache updated)
462 silly packumentCache corgi:https://registry.npmjs.org/unique-filename set size:undefined disposed:false
463 http fetch GET 200 https://registry.npmjs.org/read 1150ms (cache updated)
464 silly packumentCache corgi:https://registry.npmjs.org/read set size:undefined disposed:false
465 http fetch GET 200 https://registry.npmjs.org/punycode.js 1157ms (cache revalidated)
466 silly packumentCache corgi:https://registry.npmjs.org/punycode.js set size:2914 disposed:false
467 http fetch GET 200 https://registry.npmjs.org/fs-minipass 1163ms (cache revalidated)
468 silly packumentCache corgi:https://registry.npmjs.org/fs-minipass set size:19625 disposed:false
469 silly packumentCache corgi:https://registry.npmjs.org/fs-minipass dispose
470 http fetch GET 200 https://registry.npmjs.org/ssri 1186ms (cache updated)
471 silly packumentCache corgi:https://registry.npmjs.org/ssri set size:undefined disposed:false
472 http fetch GET 200 https://registry.npmjs.org/pretty-format 1191ms (cache revalidated)
473 silly packumentCache corgi:https://registry.npmjs.org/pretty-format set size:306974 disposed:false
474 http fetch GET 200 https://registry.npmjs.org/npm-pick-manifest 1199ms (cache updated)
475 silly packumentCache corgi:https://registry.npmjs.org/npm-pick-manifest set size:undefined disposed:false
476 http fetch GET 200 https://registry.npmjs.org/npm-packlist 1211ms (cache updated)
477 silly packumentCache corgi:https://registry.npmjs.org/npm-packlist set size:undefined disposed:false
478 http fetch GET 200 https://registry.npmjs.org/minipass-collect 1235ms (cache revalidated)
479 silly packumentCache corgi:https://registry.npmjs.org/minipass-collect set size:5951 disposed:false
480 silly packumentCache corgi:https://registry.npmjs.org/minipass-collect dispose
481 http fetch GET 200 https://registry.npmjs.org/minipass 1236ms (cache revalidated)
482 silly packumentCache corgi:https://registry.npmjs.org/minipass set size:115719 disposed:false
483 silly packumentCache corgi:https://registry.npmjs.org/minipass dispose
484 http fetch GET 200 https://registry.npmjs.org/pacote 1249ms (cache updated)
485 silly packumentCache corgi:https://registry.npmjs.org/pacote set size:undefined disposed:false
486 http fetch GET 200 https://registry.npmjs.org/react-is 1254ms (cache updated)
487 silly packumentCache corgi:https://registry.npmjs.org/react-is set size:undefined disposed:false
488 http fetch GET 200 https://registry.npmjs.org/make-fetch-happen 1276ms (cache updated)
489 silly packumentCache corgi:https://registry.npmjs.org/make-fetch-happen set size:undefined disposed:false
490 http fetch GET 200 https://registry.npmjs.org/unique-slug 1294ms (cache updated)
491 silly packumentCache corgi:https://registry.npmjs.org/unique-slug set size:undefined disposed:false
492 http fetch GET 200 https://registry.npmjs.org/path-scurry 1313ms (cache updated)
493 silly packumentCache corgi:https://registry.npmjs.org/path-scurry set size:undefined disposed:false
494 http fetch GET 200 https://registry.npmjs.org/wontache 1365ms (cache revalidated)
495 silly packumentCache corgi:https://registry.npmjs.org/wontache set size:5714 disposed:false
496 http fetch GET 200 https://registry.npmjs.org/nopt 1490ms (cache updated)
497 silly packumentCache corgi:https://registry.npmjs.org/nopt set size:undefined disposed:false
498 http fetch GET 200 https://registry.npmjs.org/promise-inflight 1555ms (cache revalidated)
499 silly packumentCache corgi:https://registry.npmjs.org/promise-inflight set size:1132 disposed:false
500 http fetch GET 200 https://registry.npmjs.org/p-locate 1553ms (cache revalidated)
501 silly packumentCache corgi:https://registry.npmjs.org/p-locate set size:9468 disposed:false
502 http fetch GET 200 https://registry.npmjs.org/npm-bundled 1563ms (cache updated)
503 silly packumentCache corgi:https://registry.npmjs.org/npm-bundled set size:undefined disposed:false
504 http fetch GET 200 https://registry.npmjs.org/proc-log 1562ms (cache updated)
505 silly packumentCache corgi:https://registry.npmjs.org/proc-log set size:undefined disposed:false
506 http fetch GET 200 https://registry.npmjs.org/npm-normalize-package-bin 1568ms (cache updated)
507 silly packumentCache corgi:https://registry.npmjs.org/npm-normalize-package-bin set size:undefined disposed:false
508 http fetch GET 200 https://registry.npmjs.org/node-gyp 1570ms (cache updated)
509 silly packumentCache corgi:https://registry.npmjs.org/node-gyp set size:undefined disposed:false
510 http fetch GET 200 https://registry.npmjs.org/cacache 1571ms (cache updated)
511 silly packumentCache corgi:https://registry.npmjs.org/cacache set size:undefined disposed:false
512 http fetch GET 200 https://registry.npmjs.org/minipass-fetch 1594ms (cache updated)
513 silly packumentCache corgi:https://registry.npmjs.org/minipass-fetch set size:undefined disposed:false
514 http fetch GET 200 https://registry.npmjs.org/opener 1617ms (cache revalidated)
515 silly packumentCache corgi:https://registry.npmjs.org/opener set size:9332 disposed:false
516 http fetch GET 200 https://registry.npmjs.org/prettyjson 1621ms (cache revalidated)
517 silly packumentCache corgi:https://registry.npmjs.org/prettyjson set size:28333 disposed:false
518 http fetch GET 200 https://registry.npmjs.org/unique-slug 1628ms (cache updated)
519 silly packumentCache corgi:https://registry.npmjs.org/unique-slug set size:undefined disposed:false
520 http fetch GET 200 https://registry.npmjs.org/json-parse-even-better-errors 1629ms (cache updated)
521 silly packumentCache corgi:https://registry.npmjs.org/json-parse-even-better-errors set size:undefined disposed:false
522 http fetch GET 200 https://registry.npmjs.org/@npmcli%2frun-script 1633ms (cache updated)
523 silly packumentCache corgi:https://registry.npmjs.org/@npmcli%2frun-script set size:undefined disposed:false
524 http fetch GET 200 https://registry.npmjs.org/abbrev 1634ms (cache updated)
525 silly packumentCache corgi:https://registry.npmjs.org/abbrev set size:undefined disposed:false
526 http fetch GET 200 https://registry.npmjs.org/package-json-from-dist 1649ms (cache revalidated)
527 silly packumentCache corgi:https://registry.npmjs.org/package-json-from-dist set size:1491 disposed:false
528 http fetch GET 200 https://registry.npmjs.org/ssri 1662ms (cache updated)
529 silly packumentCache corgi:https://registry.npmjs.org/ssri set size:undefined disposed:false
530 http fetch GET 200 https://registry.npmjs.org/minipass 1667ms (cache revalidated)
531 silly packumentCache corgi:https://registry.npmjs.org/minipass set size:115719 disposed:true
532 silly packumentCache corgi:https://registry.npmjs.org/minipass dispose
533 http fetch GET 200 https://registry.npmjs.org/unique-filename 1674ms (cache updated)
534 silly packumentCache corgi:https://registry.npmjs.org/unique-filename set size:undefined disposed:false
535 http fetch GET 200 https://registry.npmjs.org/unique-slug 1676ms (cache updated)
536 silly packumentCache corgi:https://registry.npmjs.org/unique-slug set size:undefined disposed:false
537 http fetch GET 200 https://registry.npmjs.org/npm-registry-fetch 1679ms (cache updated)
538 silly packumentCache corgi:https://registry.npmjs.org/npm-registry-fetch set size:undefined disposed:false
539 http fetch GET 200 https://registry.npmjs.org/@npmcli%2finstalled-package-contents 1682ms (cache updated)
540 silly packumentCache corgi:https://registry.npmjs.org/@npmcli%2finstalled-package-contents set size:undefined disposed:false
541 http fetch GET 200 https://registry.npmjs.org/minipass-collect 1738ms (cache revalidated)
542 silly packumentCache corgi:https://registry.npmjs.org/minipass-collect set size:5951 disposed:true
543 silly packumentCache corgi:https://registry.npmjs.org/minipass-collect dispose
544 http fetch GET 200 https://registry.npmjs.org/progress 1744ms (cache revalidated)
545 silly packumentCache corgi:https://registry.npmjs.org/progress set size:12986 disposed:false
546 http fetch GET 200 https://registry.npmjs.org/p-map 1757ms (cache updated)
547 silly packumentCache corgi:https://registry.npmjs.org/p-map set size:undefined disposed:false
548 http fetch GET 200 https://registry.npmjs.org/@npmcli%2ffs 1759ms (cache updated)
549 silly packumentCache corgi:https://registry.npmjs.org/@npmcli%2ffs set size:undefined disposed:false
550 http fetch GET 200 https://registry.npmjs.org/npm-install-checks 1759ms (cache updated)
551 silly packumentCache corgi:https://registry.npmjs.org/npm-install-checks set size:undefined disposed:false
552 http fetch GET 200 https://registry.npmjs.org/@npmcli%2fnode-gyp 1764ms (cache updated)
553 silly packumentCache corgi:https://registry.npmjs.org/@npmcli%2fnode-gyp set size:undefined disposed:false
554 http fetch GET 200 https://registry.npmjs.org/fs-minipass 1771ms (cache revalidated)
555 silly packumentCache corgi:https://registry.npmjs.org/fs-minipass set size:19625 disposed:true
556 silly packumentCache corgi:https://registry.npmjs.org/fs-minipass dispose
557 http fetch GET 200 https://registry.npmjs.org/proc-log 1776ms (cache updated)
558 silly packumentCache corgi:https://registry.npmjs.org/proc-log set size:undefined disposed:false
559 http fetch GET 200 https://registry.npmjs.org/negotiator 1779ms (cache revalidated)
560 silly packumentCache corgi:https://registry.npmjs.org/negotiator set size:17698 disposed:false
561 http fetch GET 200 https://registry.npmjs.org/minipass-fetch 1780ms (cache updated)
562 silly packumentCache corgi:https://registry.npmjs.org/minipass-fetch set size:undefined disposed:false
563 http fetch GET 200 https://registry.npmjs.org/cacache 1783ms (cache updated)
564 silly packumentCache corgi:https://registry.npmjs.org/cacache set size:undefined disposed:false
565 http fetch GET 200 https://registry.npmjs.org/proc-log 1791ms (cache updated)
566 silly packumentCache corgi:https://registry.npmjs.org/proc-log set size:undefined disposed:false
567 http fetch GET 200 https://registry.npmjs.org/one-time/-/one-time-1.0.0.tgz 1797ms (cache revalidated)
568 http fetch GET 200 https://registry.npmjs.org/make-fetch-happen 1796ms (cache updated)
569 silly packumentCache corgi:https://registry.npmjs.org/make-fetch-happen set size:undefined disposed:false
570 http fetch GET 200 https://registry.npmjs.org/p-limit 1800ms (cache updated)
571 silly packumentCache corgi:https://registry.npmjs.org/p-limit set size:undefined disposed:false
572 http fetch GET 200 https://registry.npmjs.org/yallist 1803ms (cache revalidated)
573 silly packumentCache corgi:https://registry.npmjs.org/yallist set size:13036 disposed:false
574 silly packumentCache corgi:https://registry.npmjs.org/yallist dispose
575 http fetch GET 200 https://registry.npmjs.org/ms 1806ms (cache revalidated)
576 silly packumentCache corgi:https://registry.npmjs.org/ms set size:29397 disposed:false
577 http fetch GET 200 https://registry.npmjs.org/minipass 1806ms (cache revalidated)
578 silly packumentCache corgi:https://registry.npmjs.org/minipass set size:115719 disposed:true
579 silly packumentCache corgi:https://registry.npmjs.org/minipass dispose
580 http fetch GET 200 https://registry.npmjs.org/mustache 1808ms (cache revalidated)
581 silly packumentCache corgi:https://registry.npmjs.org/mustache set size:39854 disposed:false
582 http fetch GET 200 https://registry.npmjs.org/proc-log 1822ms (cache updated)
583 silly packumentCache corgi:https://registry.npmjs.org/proc-log set size:undefined disposed:false
584 http fetch GET 200 https://registry.npmjs.org/yallist 1825ms (cache revalidated)
585 silly packumentCache corgi:https://registry.npmjs.org/yallist set size:13036 disposed:true
586 silly packumentCache corgi:https://registry.npmjs.org/yallist dispose
587 http fetch GET 200 https://registry.npmjs.org/merge2 1826ms (cache revalidated)
588 silly packumentCache corgi:https://registry.npmjs.org/merge2 set size:20236 disposed:false
589 http fetch GET 200 https://registry.npmjs.org/mute-stream 1828ms (cache updated)
590 silly packumentCache corgi:https://registry.npmjs.org/mute-stream set size:undefined disposed:false
591 http fetch GET 200 https://registry.npmjs.org/mkdirp 1829ms (cache revalidated)
592 silly packumentCache corgi:https://registry.npmjs.org/mkdirp set size:49417 disposed:false
593 http fetch GET 200 https://registry.npmjs.org/@npmcli%2ffs 1837ms (cache updated)
594 silly packumentCache corgi:https://registry.npmjs.org/@npmcli%2ffs set size:undefined disposed:false
595 http fetch GET 200 https://registry.npmjs.org/nan 1846ms (cache updated)
596 silly packumentCache corgi:https://registry.npmjs.org/nan set size:undefined disposed:false
597 http fetch GET 200 https://registry.npmjs.org/@colors/colors/-/colors-1.6.0.tgz 1871ms (cache revalidated)
598 http fetch GET 200 https://registry.npmjs.org/minimatch/-/minimatch-9.0.5.tgz 1873ms (cache revalidated)
599 http fetch GET 200 https://registry.npmjs.org/lru-cache 1874ms (cache revalidated)
600 silly packumentCache corgi:https://registry.npmjs.org/lru-cache set size:183359 disposed:false
601 http fetch GET 200 https://registry.npmjs.org/minipass-sized 1877ms (cache revalidated)
602 silly packumentCache corgi:https://registry.npmjs.org/minipass-sized set size:6284 disposed:false
603 http fetch GET 200 https://registry.npmjs.org/minipass-flush 1878ms (cache revalidated)
604 silly packumentCache corgi:https://registry.npmjs.org/minipass-flush set size:9169 disposed:false
605 http fetch GET 200 https://registry.npmjs.org/kuler/-/kuler-2.0.0.tgz 1876ms (cache revalidated)
606 http fetch GET 200 https://registry.npmjs.org/minizlib 1879ms (cache revalidated)
607 silly packumentCache corgi:https://registry.npmjs.org/minizlib set size:26328 disposed:false
608 http fetch GET 200 https://registry.npmjs.org/lodash 1879ms (cache updated)
609 silly packumentCache corgi:https://registry.npmjs.org/lodash set size:undefined disposed:false
610 http fetch GET 200 https://registry.npmjs.org/log4js/-/log4js-6.9.1.tgz 1882ms (cache revalidated)
611 http fetch GET 200 https://registry.npmjs.org/minimist 1889ms (cache updated)
612 silly packumentCache corgi:https://registry.npmjs.org/minimist set size:undefined disposed:false
613 http fetch GET 200 https://registry.npmjs.org/jackspeak/-/jackspeak-3.4.3.tgz 1892ms (cache revalidated)
614 http fetch GET 200 https://registry.npmjs.org/markdown-it 1908ms (cache revalidated)
615 silly packumentCache corgi:https://registry.npmjs.org/markdown-it set size:122025 disposed:false
616 http fetch GET 200 https://registry.npmjs.org/linkify-it 1916ms (cache revalidated)
617 silly packumentCache corgi:https://registry.npmjs.org/linkify-it set size:29870 disposed:false
618 http fetch GET 200 https://registry.npmjs.org/micromatch/-/micromatch-4.0.8.tgz 1928ms (cache revalidated)
619 http fetch GET 200 https://registry.npmjs.org/minipass-pipeline 1929ms (cache revalidated)
620 silly packumentCache corgi:https://registry.npmjs.org/minipass-pipeline set size:16852 disposed:false
621 http fetch GET 200 https://registry.npmjs.org/locate-path 1938ms (cache revalidated)
622 silly packumentCache corgi:https://registry.npmjs.org/locate-path set size:15540 disposed:false
623 http fetch GET 200 https://registry.npmjs.org/isexe/-/isexe-3.1.1.tgz 1949ms (cache revalidated)
624 http fetch GET 200 https://registry.npmjs.org/normalize-package-data 1953ms (cache revalidated)
625 silly packumentCache corgi:https://registry.npmjs.org/normalize-package-data set size:54452 disposed:false
626 http fetch GET 200 https://registry.npmjs.org/mdurl 1953ms (cache revalidated)
627 silly packumentCache corgi:https://registry.npmjs.org/mdurl set size:2388 disposed:false
628 http fetch GET 200 https://registry.npmjs.org/jest-diff 1953ms (cache revalidated)
629 silly packumentCache corgi:https://registry.npmjs.org/jest-diff set size:291019 disposed:false
630 http fetch GET 200 https://registry.npmjs.org/jsbn 1962ms (cache revalidated)
631 silly packumentCache corgi:https://registry.npmjs.org/jsbn set size:1925 disposed:false
632 http fetch GET 200 https://registry.npmjs.org/jest-get-type 1963ms (cache revalidated)
633 silly packumentCache corgi:https://registry.npmjs.org/jest-get-type set size:98765 disposed:false
634 http fetch GET 200 https://registry.npmjs.org/@npmcli%2fpackage-json 1979ms (cache updated)
635 silly packumentCache corgi:https://registry.npmjs.org/@npmcli%2fpackage-json set size:undefined disposed:false
636 http fetch GET 200 https://registry.npmjs.org/is-stream 1973ms (cache revalidated)
637 silly packumentCache corgi:https://registry.npmjs.org/is-stream set size:7952 disposed:false
638 http fetch GET 200 https://registry.npmjs.org/is-number 1976ms (cache revalidated)
639 silly packumentCache corgi:https://registry.npmjs.org/is-number set size:9995 disposed:false
640 http fetch GET 200 https://registry.npmjs.org/jsonschema 1978ms (cache revalidated)
641 silly packumentCache corgi:https://registry.npmjs.org/jsonschema set size:32348 disposed:false
642 http fetch GET 200 https://registry.npmjs.org/js-yaml 1983ms (cache updated)
643 silly packumentCache corgi:https://registry.npmjs.org/js-yaml set size:undefined disposed:false
644 http fetch GET 200 https://registry.npmjs.org/imurmurhash 1999ms (cache revalidated)
645 silly packumentCache corgi:https://registry.npmjs.org/imurmurhash set size:2644 disposed:false
646 http fetch GET 200 https://registry.npmjs.org/ip-address 2002ms (cache updated)
647 silly packumentCache corgi:https://registry.npmjs.org/ip-address set size:undefined disposed:false
648 http fetch GET 200 https://registry.npmjs.org/inherits 2014ms (cache revalidated)
649 silly packumentCache corgi:https://registry.npmjs.org/inherits set size:4424 disposed:false
650 http fetch GET 200 https://registry.npmjs.org/is-fullwidth-code-point 2016ms (cache revalidated)
651 silly packumentCache corgi:https://registry.npmjs.org/is-fullwidth-code-point set size:5986 disposed:false
652 http fetch GET 200 https://registry.npmjs.org/indent-string 2016ms (cache revalidated)
653 silly packumentCache corgi:https://registry.npmjs.org/indent-string set size:11999 disposed:false
654 http fetch GET 200 https://registry.npmjs.org/is-extglob 2019ms (cache revalidated)
655 silly packumentCache corgi:https://registry.npmjs.org/is-extglob set size:2360 disposed:false
656 http fetch GET 200 https://registry.npmjs.org/glob/-/glob-10.4.5.tgz 2031ms (cache revalidated)
657 http fetch GET 200 https://registry.npmjs.org/sprintf-js 2032ms (cache revalidated)
658 silly packumentCache corgi:https://registry.npmjs.org/sprintf-js set size:6246 disposed:false
659 http fetch GET 200 https://registry.npmjs.org/jsonparse 2035ms (cache revalidated)
660 silly packumentCache corgi:https://registry.npmjs.org/jsonparse set size:6010 disposed:false
661 http fetch GET 200 https://registry.npmjs.org/fs-minipass 2032ms (cache revalidated)
662 silly packumentCache corgi:https://registry.npmjs.org/fs-minipass set size:19625 disposed:true
663 silly packumentCache corgi:https://registry.npmjs.org/fs-minipass dispose
664 http fetch GET 200 https://registry.npmjs.org/http-cache-semantics 2035ms (cache revalidated)
665 silly packumentCache corgi:https://registry.npmjs.org/http-cache-semantics set size:23293 disposed:false
666 http fetch GET 200 https://registry.npmjs.org/is-lambda 2037ms (cache revalidated)
667 silly packumentCache corgi:https://registry.npmjs.org/is-lambda set size:1177 disposed:false
668 http fetch GET 200 https://registry.npmjs.org/jsonfile 2062ms (cache updated)
669 silly packumentCache corgi:https://registry.npmjs.org/jsonfile set size:undefined disposed:false
670 http fetch GET 200 https://registry.npmjs.org/minipass/-/minipass-7.1.2.tgz 2063ms (cache revalidated)
671 http fetch GET 200 https://registry.npmjs.org/has-flag 2068ms (cache revalidated)
672 silly packumentCache corgi:https://registry.npmjs.org/has-flag set size:6334 disposed:false
673 http fetch GET 200 https://registry.npmjs.org/is-glob 2070ms (cache revalidated)
674 silly packumentCache corgi:https://registry.npmjs.org/is-glob set size:11060 disposed:false
675 http fetch GET 200 https://registry.npmjs.org/hosted-git-info 2071ms (cache updated)
676 silly packumentCache corgi:https://registry.npmjs.org/hosted-git-info set size:undefined disposed:false
677 http fetch GET 200 https://registry.npmjs.org/ignore-walk 2076ms (cache revalidated)
678 silly packumentCache corgi:https://registry.npmjs.org/ignore-walk set size:29370 disposed:false
679 http fetch GET 200 https://registry.npmjs.org/fastq 2078ms (cache revalidated)
680 silly packumentCache corgi:https://registry.npmjs.org/fastq set size:30940 disposed:false
681 http fetch GET 200 https://registry.npmjs.org/get-caller-file 2088ms (cache revalidated)
682 silly packumentCache corgi:https://registry.npmjs.org/get-caller-file set size:13601 disposed:false
683 http fetch GET 200 https://registry.npmjs.org/fn.name/-/fn.name-1.1.0.tgz 2091ms (cache revalidated)
684 http fetch GET 200 https://registry.npmjs.org/glob-parent 2092ms (cache revalidated)
685 silly packumentCache corgi:https://registry.npmjs.org/glob-parent set size:17983 disposed:false
686 http fetch GET 200 https://registry.npmjs.org/find-process 2096ms (cache revalidated)
687 silly packumentCache corgi:https://registry.npmjs.org/find-process set size:34240 disposed:false
688 http fetch GET 200 https://registry.npmjs.org/logform/-/logform-2.7.0.tgz 2112ms (cache revalidated)
689 http fetch GET 200 https://registry.npmjs.org/fecha/-/fecha-4.2.3.tgz 2121ms (cache revalidated)
690 http fetch GET 200 https://registry.npmjs.org/has-own-prop 2124ms (cache revalidated)
691 silly packumentCache corgi:https://registry.npmjs.org/has-own-prop set size:5950 disposed:false
692 http fetch GET 200 https://registry.npmjs.org/fill-range 2124ms (cache revalidated)
693 silly packumentCache corgi:https://registry.npmjs.org/fill-range set size:26495 disposed:false
694 http fetch GET 200 https://registry.npmjs.org/find-up 2136ms (cache revalidated)
695 silly packumentCache corgi:https://registry.npmjs.org/find-up set size:17489 disposed:false
696 http fetch GET 200 https://registry.npmjs.org/fast-glob 2136ms (cache revalidated)
697 silly packumentCache corgi:https://registry.npmjs.org/fast-glob set size:86036 disposed:false
698 http fetch GET 200 https://registry.npmjs.org/encoding 2138ms (cache revalidated)
699 silly packumentCache corgi:https://registry.npmjs.org/encoding set size:8309 disposed:false
700 http fetch GET 200 https://registry.npmjs.org/foreground-child 2141ms (cache revalidated)
701 silly packumentCache corgi:https://registry.npmjs.org/foreground-child set size:21249 disposed:false
702 http fetch GET 200 https://registry.npmjs.org/esprima 2141ms (cache revalidated)
703 silly packumentCache corgi:https://registry.npmjs.org/esprima set size:37137 disposed:false
704 http fetch GET 200 https://registry.npmjs.org/signal-exit 2147ms (cache revalidated)
705 silly packumentCache corgi:https://registry.npmjs.org/signal-exit set size:21300 disposed:false
706 http fetch GET 200 https://registry.npmjs.org/graceful-fs 2154ms (cache revalidated)
707 silly packumentCache corgi:https://registry.npmjs.org/graceful-fs set size:59199 disposed:false
708 http fetch GET 200 https://registry.npmjs.org/escalade 2166ms (cache revalidated)
709 silly packumentCache corgi:https://registry.npmjs.org/escalade set size:13344 disposed:false
710 http fetch GET 200 https://registry.npmjs.org/fastest-levenshtein 2169ms (cache revalidated)
711 silly packumentCache corgi:https://registry.npmjs.org/fastest-levenshtein set size:35398 disposed:false
712 http fetch GET 200 https://registry.npmjs.org/err-code 2171ms (cache revalidated)
713 silly packumentCache corgi:https://registry.npmjs.org/err-code set size:13424 disposed:false
714 http fetch GET 200 https://registry.npmjs.org/deepmerge 2168ms (cache revalidated)
715 silly packumentCache corgi:https://registry.npmjs.org/deepmerge set size:46846 disposed:false
716 http fetch GET 200 https://registry.npmjs.org/exponential-backoff 2175ms (cache updated)
717 silly packumentCache corgi:https://registry.npmjs.org/exponential-backoff set size:undefined disposed:false
718 http fetch GET 200 https://registry.npmjs.org/fs-extra 2177ms (cache updated)
719 silly packumentCache corgi:https://registry.npmjs.org/fs-extra set size:undefined disposed:false
720 http fetch GET 200 https://registry.npmjs.org/iconv-lite 2179ms (cache revalidated)
721 silly packumentCache corgi:https://registry.npmjs.org/iconv-lite set size:41921 disposed:false
722 http fetch GET 200 https://registry.npmjs.org/debug 2181ms (cache revalidated)
723 silly packumentCache corgi:https://registry.npmjs.org/debug set size:75577 disposed:false
724 http fetch GET 200 https://registry.npmjs.org/entities 2187ms (cache revalidated)
725 silly packumentCache corgi:https://registry.npmjs.org/entities set size:41739 disposed:false
726 http fetch GET 200 https://registry.npmjs.org/eastasianwidth/-/eastasianwidth-0.2.0.tgz 2191ms (cache revalidated)
727 http fetch GET 200 https://registry.npmjs.org/env-paths 2198ms (cache revalidated)
728 silly packumentCache corgi:https://registry.npmjs.org/env-paths set size:10401 disposed:false
729 http fetch GET 200 https://registry.npmjs.org/date-format/-/date-format-4.0.14.tgz 2202ms (cache revalidated)
730 http fetch GET 200 https://registry.npmjs.org/dayjs/-/dayjs-1.11.13.tgz 2213ms (cache revalidated)
731 http fetch GET 200 https://registry.npmjs.org/emoji-regex 2236ms (cache updated)
732 silly packumentCache corgi:https://registry.npmjs.org/emoji-regex set size:undefined disposed:false
733 http fetch GET 200 https://registry.npmjs.org/cli-table3 2239ms (cache revalidated)
734 silly packumentCache corgi:https://registry.npmjs.org/cli-table3 set size:14793 disposed:false
735 http fetch GET 200 https://registry.npmjs.org/isexe/-/isexe-2.0.0.tgz 2246ms (cache revalidated)
736 http fetch GET 200 https://registry.npmjs.org/flatted 2256ms (cache revalidated)
737 silly packumentCache corgi:https://registry.npmjs.org/flatted set size:54478 disposed:false
738 http fetch GET 200 https://registry.npmjs.org/diff-sequences 2254ms (cache revalidated)
739 silly packumentCache corgi:https://registry.npmjs.org/diff-sequences set size:95911 disposed:false
740 http fetch GET 200 https://registry.npmjs.org/core-util-is 2252ms (cache revalidated)
741 silly packumentCache corgi:https://registry.npmjs.org/core-util-is set size:3047 disposed:false
742 http fetch GET 200 https://registry.npmjs.org/which/-/which-2.0.2.tgz 2255ms (cache revalidated)
743 http fetch GET 200 https://registry.npmjs.org/color-string/-/color-string-1.9.1.tgz 2255ms (cache revalidated)
744 http fetch GET 200 https://registry.npmjs.org/enabled/-/enabled-2.0.0.tgz 2271ms (cache revalidated)
745 http fetch GET 200 https://registry.npmjs.org/color-name 2288ms (cache updated)
746 silly packumentCache corgi:https://registry.npmjs.org/color-name set size:undefined disposed:false
747 http fetch GET 200 https://registry.npmjs.org/braces 2292ms (cache revalidated)
748 silly packumentCache corgi:https://registry.npmjs.org/braces set size:35919 disposed:false
749 http fetch GET 200 https://registry.npmjs.org/colorspace/-/colorspace-1.1.4.tgz 2295ms (cache revalidated)
750 http fetch GET 200 https://registry.npmjs.org/comment-json 2299ms (cache revalidated)
751 silly packumentCache corgi:https://registry.npmjs.org/comment-json set size:75783 disposed:false
752 http fetch GET 200 https://registry.npmjs.org/color-convert 2301ms (cache updated)
753 silly packumentCache corgi:https://registry.npmjs.org/color-convert set size:undefined disposed:false
754 http fetch GET 200 https://registry.npmjs.org/color/-/color-3.2.1.tgz 2307ms (cache revalidated)
755 http fetch GET 200 https://registry.npmjs.org/argparse 2307ms (cache revalidated)
756 silly packumentCache corgi:https://registry.npmjs.org/argparse set size:19850 disposed:false
757 http fetch GET 200 https://registry.npmjs.org/color-name/-/color-name-1.1.3.tgz 2312ms (cache revalidated)
758 http fetch GET 200 https://registry.npmjs.org/commander 2338ms (cache updated)
759 silly packumentCache corgi:https://registry.npmjs.org/commander set size:undefined disposed:false
760 http fetch GET 200 https://registry.npmjs.org/cpu-features 2340ms (cache revalidated)
761 silly packumentCache corgi:https://registry.npmjs.org/cpu-features set size:13580 disposed:false
762 http fetch GET 200 https://registry.npmjs.org/colors 2377ms (cache revalidated)
763 silly packumentCache corgi:https://registry.npmjs.org/colors set size:22146 disposed:false
764 http fetch GET 200 https://registry.npmjs.org/chalk 2379ms (cache updated)
765 silly packumentCache corgi:https://registry.npmjs.org/chalk set size:undefined disposed:false
766 http fetch GET 200 https://registry.npmjs.org/color-convert/-/color-convert-1.9.3.tgz 2380ms (cache revalidated)
767 http fetch GET 200 https://registry.npmjs.org/aggregate-error 2407ms (cache revalidated)
768 silly packumentCache corgi:https://registry.npmjs.org/aggregate-error set size:14955 disposed:false
769 http fetch GET 200 https://registry.npmjs.org/balanced-match 2409ms (cache revalidated)
770 silly packumentCache corgi:https://registry.npmjs.org/balanced-match set size:11300 disposed:false
771 http fetch GET 200 https://registry.npmjs.org/ansi-styles 2410ms (cache revalidated)
772 silly packumentCache corgi:https://registry.npmjs.org/ansi-styles set size:29858 disposed:false
773 silly packumentCache corgi:https://registry.npmjs.org/ansi-styles dispose
774 http fetch GET 200 https://registry.npmjs.org/http-proxy-agent/-/http-proxy-agent-7.0.2.tgz 2411ms (cache revalidated)
775 http fetch GET 200 https://registry.npmjs.org/brace-expansion/-/brace-expansion-2.0.2.tgz 2413ms (cache revalidated)
776 http fetch GET 200 https://registry.npmjs.org/asn1 2420ms (cache updated)
777 silly packumentCache corgi:https://registry.npmjs.org/asn1 set size:undefined disposed:false
778 http fetch GET 200 https://registry.npmjs.org/array-timsort 2422ms (cache revalidated)
779 silly packumentCache corgi:https://registry.npmjs.org/array-timsort set size:6578 disposed:false
780 http fetch GET 200 https://registry.npmjs.org/npm-package-arg 2460ms (cache updated)
781 silly packumentCache corgi:https://registry.npmjs.org/npm-package-arg set size:undefined disposed:false
782 http fetch GET 200 https://registry.npmjs.org/https-proxy-agent/-/https-proxy-agent-7.0.6.tgz 2450ms (cache revalidated)
783 http fetch GET 200 https://registry.npmjs.org/bcrypt-pbkdf 2452ms (cache updated)
784 silly packumentCache corgi:https://registry.npmjs.org/bcrypt-pbkdf set size:undefined disposed:false
785 http fetch GET 200 https://registry.npmjs.org/clean-stack 2455ms (cache updated)
786 silly packumentCache corgi:https://registry.npmjs.org/clean-stack set size:undefined disposed:false
787 http fetch GET 200 https://registry.npmjs.org/highlight.js/-/highlight.js-11.6.0.tgz 2476ms (cache revalidated)
788 http fetch GET 200 https://registry.npmjs.org/diff/-/diff-5.2.0.tgz 2477ms (cache revalidated)
789 http fetch GET 200 https://registry.npmjs.org/lodash-deep 2510ms (cache revalidated)
790 silly packumentCache corgi:https://registry.npmjs.org/lodash-deep set size:7803 disposed:false
791 http fetch GET 200 https://registry.npmjs.org/@types%2fyargs-parser 2497ms (cache revalidated)
792 silly packumentCache corgi:https://registry.npmjs.org/@types%2fyargs-parser set size:23083 disposed:false
793 http fetch GET 200 https://registry.npmjs.org/buildcheck 2509ms (cache updated)
794 silly packumentCache corgi:https://registry.npmjs.org/buildcheck set size:undefined disposed:false
795 http fetch GET 200 https://registry.npmjs.org/@zowe/secrets-for-zowe-sdk/-/secrets-for-zowe-sdk-8.27.0.tgz 2555ms (cache revalidated)
796 http fetch GET 200 https://registry.npmjs.org/unique-filename 2557ms (cache updated)
797 silly packumentCache corgi:https://registry.npmjs.org/unique-filename set size:undefined disposed:false
798 http fetch GET 200 https://registry.npmjs.org/minipass-fetch 2571ms (cache updated)
799 silly packumentCache corgi:https://registry.npmjs.org/minipass-fetch set size:undefined disposed:false
800 http fetch GET 200 https://registry.npmjs.org/ansi-regex/-/ansi-regex-5.0.1.tgz 2591ms (cache revalidated)
801 http fetch GET 200 https://registry.npmjs.org/@tufjs%2fcanonical-json 2588ms (cache revalidated)
802 silly packumentCache corgi:https://registry.npmjs.org/@tufjs%2fcanonical-json set size:2655 disposed:false
803 http fetch GET 200 https://registry.npmjs.org/agent-base/-/agent-base-7.1.4.tgz 2593ms (cache revalidated)
804 http fetch GET 200 https://registry.npmjs.org/@types%2fyargs 2604ms (cache updated)
805 silly packumentCache corgi:https://registry.npmjs.org/@types%2fyargs set size:undefined disposed:false
806 http fetch GET 200 https://registry.npmjs.org/unique-slug 2607ms (cache updated)
807 silly packumentCache corgi:https://registry.npmjs.org/unique-slug set size:undefined disposed:false
808 http fetch GET 200 https://registry.npmjs.org/minipass 2635ms (cache revalidated)
809 silly packumentCache corgi:https://registry.npmjs.org/minipass set size:115719 disposed:true
810 silly packumentCache corgi:https://registry.npmjs.org/minipass dispose
811 http fetch GET 200 https://registry.npmjs.org/minipass-collect 2636ms (cache revalidated)
812 silly packumentCache corgi:https://registry.npmjs.org/minipass-collect set size:5951 disposed:true
813 silly packumentCache corgi:https://registry.npmjs.org/minipass-collect dispose
814 http fetch GET 200 https://registry.npmjs.org/ssri 2700ms (cache updated)
815 silly packumentCache corgi:https://registry.npmjs.org/ssri set size:undefined disposed:false
816 http fetch GET 200 https://registry.npmjs.org/cacache 2713ms (cache updated)
817 silly packumentCache corgi:https://registry.npmjs.org/cacache set size:undefined disposed:false
818 http fetch GET 200 https://registry.npmjs.org/dataobject-parser 2755ms (cache revalidated)
819 silly packumentCache corgi:https://registry.npmjs.org/dataobject-parser set size:11595 disposed:false
820 http fetch GET 200 https://registry.npmjs.org/fs-minipass 2749ms (cache revalidated)
821 silly packumentCache corgi:https://registry.npmjs.org/fs-minipass set size:19625 disposed:true
822 silly packumentCache corgi:https://registry.npmjs.org/fs-minipass dispose
823 http fetch GET 200 https://registry.npmjs.org/make-fetch-happen 2771ms (cache updated)
824 silly packumentCache corgi:https://registry.npmjs.org/make-fetch-happen set size:undefined disposed:false
825 http fetch GET 200 https://registry.npmjs.org/@types/triple-beam/-/triple-beam-1.3.5.tgz 2819ms (cache revalidated)
826 http fetch GET 200 https://registry.npmjs.org/@sigstore%2fverify 2847ms (cache revalidated)
827 silly packumentCache corgi:https://registry.npmjs.org/@sigstore%2fverify set size:8421 disposed:false
828 http fetch GET 200 https://registry.npmjs.org/@sinclair%2ftypebox 2897ms (cache revalidated)
829 silly packumentCache corgi:https://registry.npmjs.org/@sinclair%2ftypebox set size:433266 disposed:false
830 http fetch GET 200 https://registry.npmjs.org/@npmcli%2ffs 2910ms (cache updated)
831 silly packumentCache corgi:https://registry.npmjs.org/@npmcli%2ffs set size:undefined disposed:false
832 http fetch GET 200 https://registry.npmjs.org/@pkgjs/parseargs/-/parseargs-0.11.0.tgz 2971ms (cache revalidated)
833 http fetch GET 200 https://registry.npmjs.org/@sigstore%2ftuf 3031ms (cache revalidated)
834 silly packumentCache corgi:https://registry.npmjs.org/@sigstore%2ftuf set size:14547 disposed:false
835 http fetch GET 200 https://registry.npmjs.org/diff/-/diff-5.1.0.tgz 3081ms (cache revalidated)
836 http fetch GET 200 https://registry.npmjs.org/@sigstore%2fcore 3087ms (cache revalidated)
837 silly packumentCache corgi:https://registry.npmjs.org/@sigstore%2fcore set size:4405 disposed:false
838 http fetch GET 200 https://registry.npmjs.org/@tufjs%2fmodels 3097ms (cache revalidated)
839 silly packumentCache corgi:https://registry.npmjs.org/@tufjs%2fmodels set size:15086 disposed:false
840 http fetch GET 200 https://registry.npmjs.org/diff2html/-/diff2html-3.4.20-usewontache.1.60e7a2e.tgz 3125ms (cache revalidated)
841 http fetch GET 200 https://registry.npmjs.org/proc-log 3165ms (cache updated)
842 silly packumentCache corgi:https://registry.npmjs.org/proc-log set size:undefined disposed:false
843 http fetch GET 200 https://registry.npmjs.org/npm-normalize-package-bin 3175ms (cache updated)
844 silly packumentCache corgi:https://registry.npmjs.org/npm-normalize-package-bin set size:undefined disposed:false
845 http fetch GET 200 https://registry.npmjs.org/npm-pick-manifest 3179ms (cache updated)
846 silly packumentCache corgi:https://registry.npmjs.org/npm-pick-manifest set size:undefined disposed:false
847 http fetch GET 200 https://registry.npmjs.org/@sigstore%2fbundle 3208ms (cache revalidated)
848 silly packumentCache corgi:https://registry.npmjs.org/@sigstore%2fbundle set size:9457 disposed:false
849 http fetch GET 200 https://registry.npmjs.org/@sigstore%2fprotobuf-specs 3256ms (cache revalidated)
850 silly packumentCache corgi:https://registry.npmjs.org/@sigstore%2fprotobuf-specs set size:13056 disposed:false
851 http fetch GET 200 https://registry.npmjs.org/@jest%2fschemas 3256ms (cache revalidated)
852 silly packumentCache corgi:https://registry.npmjs.org/@jest%2fschemas set size:31013 disposed:false
853 http fetch GET 200 https://registry.npmjs.org/@sigstore%2fsign 3334ms (cache revalidated)
854 silly packumentCache corgi:https://registry.npmjs.org/@sigstore%2fsign set size:14412 disposed:false
855 http fetch GET 200 https://registry.npmjs.org/@nodelib%2ffs.scandir 3334ms (cache revalidated)
856 silly packumentCache corgi:https://registry.npmjs.org/@nodelib%2ffs.scandir set size:26977 disposed:false
857 http fetch GET 200 https://registry.npmjs.org/socks-proxy-agent 3356ms (cache revalidated)
858 silly packumentCache corgi:https://registry.npmjs.org/socks-proxy-agent set size:40447 disposed:false
859 http fetch GET 200 https://registry.npmjs.org/agent-base 3392ms (cache revalidated)
860 silly packumentCache corgi:https://registry.npmjs.org/agent-base set size:31363 disposed:false
861 http fetch GET 200 https://registry.npmjs.org/@isaacs/cliui/-/cliui-8.0.2.tgz 3413ms (cache revalidated)
862 http fetch GET 200 https://registry.npmjs.org/@npmcli%2fpromise-spawn 3416ms (cache updated)
863 silly packumentCache corgi:https://registry.npmjs.org/@npmcli%2fpromise-spawn set size:undefined disposed:false
864 http fetch GET 200 https://registry.npmjs.org/@nodelib%2ffs.walk 3465ms (cache revalidated)
865 silly packumentCache corgi:https://registry.npmjs.org/@nodelib%2ffs.walk set size:22168 disposed:false
866 http fetch GET 200 https://registry.npmjs.org/https-proxy-agent 3470ms (cache updated)
867 silly packumentCache corgi:https://registry.npmjs.org/https-proxy-agent set size:undefined disposed:false
868 http fetch GET 200 https://registry.npmjs.org/@npmcli%2fredact 3483ms (cache updated)
869 silly packumentCache corgi:https://registry.npmjs.org/@npmcli%2fredact set size:undefined disposed:false
870 http fetch GET 200 https://registry.npmjs.org/wrap-ansi/-/wrap-ansi-8.1.0.tgz 3540ms (cache revalidated)
871 http fetch GET 200 https://registry.npmjs.org/ansi-styles/-/ansi-styles-6.2.3.tgz 3542ms (cache revalidated)
872 http fetch GET 200 https://registry.npmjs.org/@zowe/zos-tso-for-zowe-sdk/-/zos-tso-for-zowe-sdk-8.27.1.tgz 3547ms (cache revalidated)
873 http fetch GET 200 https://registry.npmjs.org/@npmcli%2fagent 3547ms (cache revalidated)
874 silly packumentCache corgi:https://registry.npmjs.org/@npmcli%2fagent set size:10844 disposed:false
875 http fetch GET 200 https://registry.npmjs.org/@zowe/zos-uss-for-zowe-sdk/-/zos-uss-for-zowe-sdk-8.27.1.tgz 3566ms (cache revalidated)
876 http fetch GET 200 https://registry.npmjs.org/@nodelib%2ffs.stat 3562ms (cache revalidated)
877 silly packumentCache corgi:https://registry.npmjs.org/@nodelib%2ffs.stat set size:20318 disposed:false
878 http fetch GET 200 https://registry.npmjs.org/cross-spawn/-/cross-spawn-7.0.6.tgz 3593ms (cache revalidated)
879 http fetch GET 200 https://registry.npmjs.org/@zowe/provisioning-for-zowe-sdk/-/provisioning-for-zowe-sdk-8.27.1.tgz 3601ms (cache revalidated)
880 http fetch GET 200 https://registry.npmjs.org/@dabh/diagnostics/-/diagnostics-2.0.3.tgz 3599ms (cache revalidated)
881 http fetch GET 200 https://registry.npmjs.org/emoji-regex/-/emoji-regex-9.2.2.tgz 3604ms (cache revalidated)
882 http fetch GET 200 https://registry.npmjs.org/string-width/-/string-width-5.1.2.tgz 3622ms (cache revalidated)
883 http fetch GET 200 https://registry.npmjs.org/@colors%2fcolors 3626ms (cache revalidated)
884 silly packumentCache corgi:https://registry.npmjs.org/@colors%2fcolors set size:3781 disposed:false
885 http fetch GET 200 https://registry.npmjs.org/http-proxy-agent 3628ms (cache revalidated)
886 silly packumentCache corgi:https://registry.npmjs.org/http-proxy-agent set size:22735 disposed:false
887 http fetch GET 200 https://registry.npmjs.org/@zowe/zosmf-for-zowe-sdk/-/zosmf-for-zowe-sdk-8.27.1.tgz 3643ms (cache revalidated)
888 http fetch GET 200 https://registry.npmjs.org/@npmcli%2fgit 3641ms (cache updated)
889 silly packumentCache corgi:https://registry.npmjs.org/@npmcli%2fgit set size:undefined disposed:false
890 http fetch GET 200 https://registry.npmjs.org/strip-ansi/-/strip-ansi-7.1.2.tgz 3650ms (cache revalidated)
891 http fetch GET 200 https://registry.npmjs.org/ansi-regex/-/ansi-regex-6.2.2.tgz 3653ms (cache revalidated)
892 http fetch GET 200 https://registry.npmjs.org/minipass 3704ms (cache revalidated)
893 silly packumentCache corgi:https://registry.npmjs.org/minipass set size:115719 disposed:true
894 silly packumentCache corgi:https://registry.npmjs.org/minipass dispose
895 http fetch GET 200 https://registry.npmjs.org/@zowe/imperative/-/imperative-8.27.1.tgz 3709ms (cache revalidated)
896 http fetch GET 200 https://registry.npmjs.org/@zowe/zos-jobs-for-zowe-sdk/-/zos-jobs-for-zowe-sdk-8.27.1.tgz 3730ms (cache revalidated)
897 http fetch GET 200 https://registry.npmjs.org/underscore/-/underscore-1.13.6.tgz 3126ms (cache revalidated)
898 http fetch GET 200 https://registry.npmjs.org/tweetnacl/-/tweetnacl-0.14.5.tgz 3130ms (cache revalidated)
899 http fetch GET 200 https://registry.npmjs.org/wrap-ansi/-/wrap-ansi-7.0.0.tgz 3130ms (cache revalidated)
900 http fetch GET 200 https://registry.npmjs.org/minipass 3777ms (cache revalidated)
901 silly packumentCache corgi:https://registry.npmjs.org/minipass set size:115719 disposed:true
902 silly packumentCache corgi:https://registry.npmjs.org/minipass dispose
903 http fetch GET 200 https://registry.npmjs.org/yargs-parser/-/yargs-parser-21.1.1.tgz 3157ms (cache revalidated)
904 http fetch GET 200 https://registry.npmjs.org/y18n/-/y18n-5.0.8.tgz 3158ms (cache revalidated)
905 http fetch GET 200 https://registry.npmjs.org/cliui/-/cliui-8.0.1.tgz 3151ms (cache revalidated)
906 http fetch GET 200 https://registry.npmjs.org/validate-npm-package-name/-/validate-npm-package-name-5.0.1.tgz 3088ms (cache revalidated)
907 http fetch GET 200 https://registry.npmjs.org/minipass-collect/-/minipass-collect-2.0.1.tgz 3162ms (cache revalidated)
908 http fetch GET 200 https://registry.npmjs.org/universalify/-/universalify-2.0.0.tgz 3074ms (cache revalidated)
909 http fetch GET 200 https://registry.npmjs.org/yargs/-/yargs-17.7.2.tgz 3170ms (cache revalidated)
910 http fetch GET 200 https://registry.npmjs.org/yocto-queue/-/yocto-queue-0.1.0.tgz 3152ms (cache revalidated)
911 http fetch GET 200 https://registry.npmjs.org/fs-minipass/-/fs-minipass-3.0.3.tgz 3081ms (cache revalidated)
912 http fetch GET 200 https://registry.npmjs.org/@zowe/zos-console-for-zowe-sdk/-/zos-console-for-zowe-sdk-8.27.1.tgz 3810ms (cache revalidated)
913 http fetch GET 200 https://registry.npmjs.org/minipass-fetch/-/minipass-fetch-3.0.4.tgz 3098ms (cache revalidated)
914 http fetch GET 200 https://registry.npmjs.org/tar/-/tar-6.2.1.tgz 3066ms (cache revalidated)
915 http fetch GET 200 https://registry.npmjs.org/cacache/-/cacache-18.0.2.tgz 3085ms (cache revalidated)
916 http fetch GET 200 https://registry.npmjs.org/uc.micro/-/uc.micro-2.1.0.tgz 3042ms (cache revalidated)
917 http fetch GET 200 https://registry.npmjs.org/tuf-js/-/tuf-js-2.2.0.tgz 3096ms (cache revalidated)
918 http fetch GET 200 https://registry.npmjs.org/validate-npm-package-license/-/validate-npm-package-license-3.0.4.tgz 3133ms (cache revalidated)
919 http fetch GET 200 https://registry.npmjs.org/util-deprecate/-/util-deprecate-1.0.2.tgz 3049ms (cache revalidated)
920 http fetch GET 200 https://registry.npmjs.org/strip-ansi/-/strip-ansi-6.0.1.tgz 3074ms (cache revalidated)
921 http fetch GET 200 https://registry.npmjs.org/yallist/-/yallist-4.0.0.tgz 3075ms (cache revalidated)
922 http fetch GET 200 https://registry.npmjs.org/unique-filename/-/unique-filename-3.0.0.tgz 3102ms (cache revalidated)
923 http fetch GET 200 https://registry.npmjs.org/string-width/-/string-width-4.2.3.tgz 3052ms (cache revalidated)
924 http fetch GET 200 https://registry.npmjs.org/to-regex-range/-/to-regex-range-5.0.1.tgz 3084ms (cache revalidated)
925 http fetch GET 200 https://registry.npmjs.org/supports-color/-/supports-color-7.2.0.tgz 3058ms (cache revalidated)
926 http fetch GET 200 https://registry.npmjs.org/stack-trace/-/stack-trace-0.0.10.tgz 3061ms (cache revalidated)
927 http fetch GET 200 https://registry.npmjs.org/chownr/-/chownr-2.0.0.tgz 3049ms (cache revalidated)
928 http fetch GET 200 https://registry.npmjs.org/make-fetch-happen/-/make-fetch-happen-13.0.0.tgz 3051ms (cache revalidated)
929 http fetch GET 200 https://registry.npmjs.org/spdx-expression-parse/-/spdx-expression-parse-3.0.1.tgz 3047ms (cache revalidated)
930 http fetch GET 200 https://registry.npmjs.org/minipass/-/minipass-7.0.4.tgz 3084ms (cache revalidated)
931 http fetch GET 200 https://registry.npmjs.org/@zowe/zos-workflows-for-zowe-sdk/-/zos-workflows-for-zowe-sdk-8.27.1.tgz 3929ms (cache revalidated)
932 http fetch GET 200 https://registry.npmjs.org/string_decoder/-/string_decoder-1.1.1.tgz 2990ms (cache revalidated)
933 http fetch GET 200 https://registry.npmjs.org/shebang-command/-/shebang-command-2.0.0.tgz 3015ms (cache revalidated)
934 http fetch GET 200 https://registry.npmjs.org/spdx-license-ids/-/spdx-license-ids-3.0.11.tgz 3104ms (cache revalidated)
935 http fetch GET 200 https://registry.npmjs.org/ssri/-/ssri-10.0.5.tgz 3112ms (cache revalidated)
936 http fetch GET 200 https://registry.npmjs.org/spdx-correct/-/spdx-correct-3.1.1.tgz 3021ms (cache revalidated)
937 http fetch GET 200 https://registry.npmjs.org/socks/-/socks-2.7.3.tgz 3035ms (cache revalidated)
938 http fetch GET 200 https://registry.npmjs.org/smart-buffer/-/smart-buffer-4.2.0.tgz 3037ms (cache revalidated)
939 http fetch GET 200 https://registry.npmjs.org/sigstore/-/sigstore-2.2.2.tgz 3039ms (cache revalidated)
940 http fetch GET 200 https://registry.npmjs.org/ssh2/-/ssh2-1.15.0.tgz 3006ms (cache revalidated)
941 http fetch GET 200 https://registry.npmjs.org/spdx-exceptions/-/spdx-exceptions-2.3.0.tgz 3050ms (cache revalidated)
942 http fetch GET 200 https://registry.npmjs.org/@npmcli/fs/-/fs-3.1.0.tgz 3026ms (cache revalidated)
943 http fetch GET 200 https://registry.npmjs.org/shebang-regex/-/shebang-regex-3.0.0.tgz 3024ms (cache revalidated)
944 http fetch GET 200 https://registry.npmjs.org/semver/-/semver-7.6.2.tgz 3057ms (cache revalidated)
945 http fetch GET 200 https://registry.npmjs.org/@zowe/zos-files-for-zowe-sdk/-/zos-files-for-zowe-sdk-8.27.1.tgz 4085ms (cache revalidated)
946 http fetch GET 200 https://registry.npmjs.org/readable-stream/-/readable-stream-3.6.2.tgz 3063ms (cache revalidated)
947 http fetch GET 200 https://registry.npmjs.org/safe-buffer/-/safe-buffer-5.1.2.tgz 3074ms (cache revalidated)
948 http fetch GET 200 https://registry.npmjs.org/retry/-/retry-0.12.0.tgz 3073ms (cache revalidated)
949 http fetch GET 200 https://registry.npmjs.org/safer-buffer/-/safer-buffer-2.1.2.tgz 3074ms (cache revalidated)
950 http fetch GET 200 https://registry.npmjs.org/ansi-styles/-/ansi-styles-5.2.0.tgz 3030ms (cache revalidated)
951 http fetch GET 200 https://registry.npmjs.org/require-directory/-/require-directory-2.1.1.tgz 3042ms (cache revalidated)
952 http fetch GET 200 https://registry.npmjs.org/promise-retry/-/promise-retry-2.0.1.tgz 3028ms (cache revalidated)
953 http fetch GET 200 https://registry.npmjs.org/repeat-string/-/repeat-string-1.6.1.tgz 3078ms (cache revalidated)
954 http fetch GET 200 https://registry.npmjs.org/reusify/-/reusify-1.0.4.tgz 3077ms (cache revalidated)
955 http fetch GET 200 https://registry.npmjs.org/@zowe/zos-logs-for-zowe-sdk/-/zos-logs-for-zowe-sdk-8.27.1.tgz 4111ms (cache revalidated)
956 http fetch GET 200 https://registry.npmjs.org/queue-microtask/-/queue-microtask-1.2.3.tgz 3038ms (cache revalidated)
957 http fetch GET 200 https://registry.npmjs.org/run-parallel/-/run-parallel-1.2.0.tgz 3021ms (cache revalidated)
958 http fetch GET 200 https://registry.npmjs.org/@zowe/core-for-zowe-sdk/-/core-for-zowe-sdk-8.27.1.tgz 4128ms (cache revalidated)
959 http fetch GET 200 https://registry.npmjs.org/picomatch/-/picomatch-2.3.1.tgz 3033ms (cache revalidated)
960 http fetch GET 200 https://registry.npmjs.org/npm-packlist/-/npm-packlist-8.0.2.tgz 2972ms (cache revalidated)
961 http fetch GET 200 https://registry.npmjs.org/path-key/-/path-key-3.1.1.tgz 3053ms (cache revalidated)
962 http fetch GET 200 https://registry.npmjs.org/read/-/read-3.0.1.tgz 3037ms (cache revalidated)
963 http fetch GET 200 https://registry.npmjs.org/path-exists/-/path-exists-4.0.0.tgz 3054ms (cache revalidated)
964 http fetch GET 200 https://registry.npmjs.org/punycode.js/-/punycode.js-2.3.1.tgz 3032ms (cache revalidated)
965 http fetch GET 200 https://registry.npmjs.org/ssri/-/ssri-10.0.6.tgz 3003ms (cache revalidated)
966 http fetch GET 200 https://registry.npmjs.org/npm-pick-manifest/-/npm-pick-manifest-9.0.0.tgz 2988ms (cache revalidated)
967 http fetch GET 200 https://registry.npmjs.org/pretty-format/-/pretty-format-29.7.0.tgz 3003ms (cache revalidated)
968 http fetch GET 200 https://registry.npmjs.org/unique-filename/-/unique-filename-3.0.0.tgz 3096ms (cache revalidated)
969 http fetch GET 200 https://registry.npmjs.org/minipass-collect/-/minipass-collect-2.0.1.tgz 3005ms (cache revalidated)
970 http fetch GET 200 https://registry.npmjs.org/fs-minipass/-/fs-minipass-3.0.3.tgz 3078ms (cache revalidated)
971 http fetch GET 200 https://registry.npmjs.org/minipass/-/minipass-7.0.4.tgz 3013ms (cache revalidated)
972 http fetch GET 200 https://registry.npmjs.org/pacote/-/pacote-18.0.6.tgz 3004ms (cache revalidated)
973 http fetch GET 200 https://registry.npmjs.org/react-is/-/react-is-18.3.1.tgz 3020ms (cache revalidated)
974 http fetch GET 200 https://registry.npmjs.org/npm-bundled/-/npm-bundled-3.0.0.tgz 2728ms (cache revalidated)
975 http fetch GET 200 https://registry.npmjs.org/nopt/-/nopt-7.2.1.tgz 2801ms (cache revalidated)
976 http fetch GET 200 https://registry.npmjs.org/path-scurry/-/path-scurry-1.11.1.tgz 2982ms (cache revalidated)
977 http fetch GET 200 https://registry.npmjs.org/node-gyp/-/node-gyp-10.1.0.tgz 2725ms (cache revalidated)
978 http fetch GET 200 https://registry.npmjs.org/unique-slug/-/unique-slug-4.0.0.tgz 3014ms (cache revalidated)
979 http fetch GET 200 https://registry.npmjs.org/p-locate/-/p-locate-5.0.0.tgz 2741ms (cache revalidated)
980 http fetch GET 200 https://registry.npmjs.org/proc-log/-/proc-log-3.0.0.tgz 2733ms (cache revalidated)
981 http fetch GET 200 https://registry.npmjs.org/minipass-fetch/-/minipass-fetch-3.0.5.tgz 2705ms (cache revalidated)
982 http fetch GET 200 https://registry.npmjs.org/prettyjson/-/prettyjson-1.2.5.tgz 2681ms (cache revalidated)
983 http fetch GET 200 https://registry.npmjs.org/make-fetch-happen/-/make-fetch-happen-13.0.1.tgz 3021ms (cache revalidated)
984 http fetch GET 200 https://registry.npmjs.org/promise-inflight/-/promise-inflight-1.0.1.tgz 2748ms (cache revalidated)
985 http fetch GET 200 https://registry.npmjs.org/cacache/-/cacache-18.0.3.tgz 2736ms (cache revalidated)
986 http fetch GET 200 https://registry.npmjs.org/unique-slug/-/unique-slug-4.0.0.tgz 2726ms (cache revalidated)
987 http fetch GET 200 https://registry.npmjs.org/npm-normalize-package-bin/-/npm-normalize-package-bin-3.0.1.tgz 2787ms (cache revalidated)
988 http fetch GET 200 https://registry.npmjs.org/json-parse-even-better-errors/-/json-parse-even-better-errors-3.0.2.tgz 2724ms (cache revalidated)
989 http fetch GET 200 https://registry.npmjs.org/ssri/-/ssri-10.0.6.tgz 2708ms (cache revalidated)
990 http fetch GET 200 https://registry.npmjs.org/abbrev/-/abbrev-2.0.0.tgz 2738ms (cache revalidated)
991 http fetch GET 200 https://registry.npmjs.org/minipass/-/minipass-7.1.2.tgz 2703ms (cache revalidated)
992 http fetch GET 200 https://registry.npmjs.org/opener/-/opener-1.5.2.tgz 2758ms (cache revalidated)
993 http fetch GET 200 https://registry.npmjs.org/package-json-from-dist/-/package-json-from-dist-1.0.0.tgz 2727ms (cache revalidated)
994 http fetch GET 200 https://registry.npmjs.org/@npmcli/run-script/-/run-script-8.1.0.tgz 2757ms (cache revalidated)
995 http fetch GET 200 https://registry.npmjs.org/unique-filename/-/unique-filename-3.0.0.tgz 2734ms (cache revalidated)
996 http fetch GET 200 https://registry.npmjs.org/unique-slug/-/unique-slug-4.0.0.tgz 2734ms (cache revalidated)
997 http fetch GET 200 https://registry.npmjs.org/npm-registry-fetch/-/npm-registry-fetch-17.1.0.tgz 2731ms (cache revalidated)
998 http fetch GET 200 https://registry.npmjs.org/minipass-collect/-/minipass-collect-2.0.1.tgz 2676ms (cache revalidated)
999 http fetch GET 200 https://registry.npmjs.org/@npmcli/installed-package-contents/-/installed-package-contents-2.0.2.tgz 2776ms (cache revalidated)
1000 http fetch GET 200 https://registry.npmjs.org/p-map/-/p-map-4.0.0.tgz 2700ms (cache revalidated)
1001 http fetch GET 200 https://registry.npmjs.org/cacache/-/cacache-18.0.3.tgz 2683ms (cache revalidated)
1002 http fetch GET 200 https://registry.npmjs.org/progress/-/progress-2.0.3.tgz 2730ms (cache revalidated)
1003 http fetch GET 200 https://registry.npmjs.org/make-fetch-happen/-/make-fetch-happen-13.0.1.tgz 2675ms (cache revalidated)
1004 http fetch GET 200 https://registry.npmjs.org/minipass-fetch/-/minipass-fetch-3.0.5.tgz 2694ms (cache revalidated)
1005 http fetch GET 200 https://registry.npmjs.org/fs-minipass/-/fs-minipass-3.0.3.tgz 2701ms (cache revalidated)
1006 http fetch GET 200 https://registry.npmjs.org/npm-install-checks/-/npm-install-checks-6.3.0.tgz 2714ms (cache revalidated)
1007 http fetch GET 200 https://registry.npmjs.org/proc-log/-/proc-log-4.2.0.tgz 2683ms (cache revalidated)
1008 http fetch GET 200 https://registry.npmjs.org/@npmcli/fs/-/fs-3.1.1.tgz 2723ms (cache revalidated)
1009 http fetch GET 200 https://registry.npmjs.org/proc-log/-/proc-log-4.2.0.tgz 2704ms (cache revalidated)
1010 http fetch GET 200 https://registry.npmjs.org/negotiator/-/negotiator-0.6.3.tgz 2703ms (cache revalidated)
1011 http fetch GET 200 https://registry.npmjs.org/@npmcli/node-gyp/-/node-gyp-3.0.0.tgz 2760ms (cache revalidated)
1012 http fetch GET 200 https://registry.npmjs.org/p-limit/-/p-limit-3.1.0.tgz 2749ms (cache revalidated)
1013 http fetch GET 200 https://registry.npmjs.org/proc-log/-/proc-log-4.2.0.tgz 2757ms (cache revalidated)
1014 http fetch GET 200 https://registry.npmjs.org/yallist/-/yallist-4.0.0.tgz 2750ms (cache revalidated)
1015 http fetch GET 200 https://registry.npmjs.org/yallist/-/yallist-4.0.0.tgz 2771ms (cache revalidated)
1016 http fetch GET 200 https://registry.npmjs.org/@npmcli/fs/-/fs-3.1.1.tgz 2738ms (cache revalidated)
1017 http fetch GET 200 https://registry.npmjs.org/minipass-sized/-/minipass-sized-1.0.3.tgz 2700ms (cache revalidated)
1018 http fetch GET 200 https://registry.npmjs.org/nan/-/nan-2.18.0.tgz 2730ms (cache revalidated)
1019 http fetch GET 200 https://registry.npmjs.org/ms/-/ms-2.1.2.tgz 2770ms (cache revalidated)
1020 http fetch GET 200 https://registry.npmjs.org/mute-stream/-/mute-stream-1.0.0.tgz 2750ms (cache revalidated)
1021 http fetch GET 200 https://registry.npmjs.org/mustache/-/mustache-4.2.0.tgz 2769ms (cache revalidated)
1022 http fetch GET 200 https://registry.npmjs.org/mkdirp/-/mkdirp-1.0.4.tgz 2763ms (cache revalidated)
1023 http fetch GET 200 https://registry.npmjs.org/lru-cache/-/lru-cache-10.2.0.tgz 2716ms (cache revalidated)
1024 http fetch GET 200 https://registry.npmjs.org/minipass/-/minipass-3.3.5.tgz 2786ms (cache revalidated)
1025 http fetch GET 200 https://registry.npmjs.org/merge2/-/merge2-1.4.1.tgz 2767ms (cache revalidated)
1026 http fetch GET 200 https://registry.npmjs.org/minipass-flush/-/minipass-flush-1.0.5.tgz 2716ms (cache revalidated)
1027 http fetch GET 200 https://registry.npmjs.org/minizlib/-/minizlib-2.1.2.tgz 2755ms (cache revalidated)
1028 http fetch GET 200 https://registry.npmjs.org/lodash/-/lodash-4.17.21.tgz 2753ms (cache revalidated)
1029 http fetch GET 200 https://registry.npmjs.org/markdown-it/-/markdown-it-14.1.0.tgz 2736ms (cache revalidated)
1030 http fetch GET 200 https://registry.npmjs.org/normalize-package-data/-/normalize-package-data-6.0.2.tgz 2701ms (cache revalidated)
1031 http fetch GET 200 https://registry.npmjs.org/minimist/-/minimist-1.2.6.tgz 2765ms (cache revalidated)
1032 http fetch GET 200 https://registry.npmjs.org/jest-diff/-/jest-diff-29.7.0.tgz 2699ms (cache revalidated)
1033 http fetch GET 200 https://registry.npmjs.org/locate-path/-/locate-path-6.0.0.tgz 2717ms (cache revalidated)
1034 http fetch GET 200 https://registry.npmjs.org/minipass-pipeline/-/minipass-pipeline-1.2.4.tgz 2730ms (cache revalidated)
1035 http fetch GET 200 https://registry.npmjs.org/linkify-it/-/linkify-it-5.0.0.tgz 2741ms (cache revalidated)
1036 http fetch GET 200 https://registry.npmjs.org/mdurl/-/mdurl-2.0.0.tgz 2713ms (cache revalidated)
1037 http fetch GET 200 https://registry.npmjs.org/jsbn/-/jsbn-1.1.0.tgz 2704ms (cache revalidated)
1038 http fetch GET 200 https://registry.npmjs.org/is-stream/-/is-stream-2.0.1.tgz 2704ms (cache revalidated)
1039 http fetch GET 200 https://registry.npmjs.org/jest-get-type/-/jest-get-type-29.6.3.tgz 2715ms (cache revalidated)
1040 http fetch GET 200 https://registry.npmjs.org/jsonschema/-/jsonschema-1.4.1.tgz 2707ms (cache revalidated)
1041 http fetch GET 200 https://registry.npmjs.org/is-number/-/is-number-7.0.0.tgz 2710ms (cache revalidated)
1042 http fetch GET 200 https://registry.npmjs.org/js-yaml/-/js-yaml-4.1.0.tgz 2712ms (cache revalidated)
1043 http fetch GET 200 https://registry.npmjs.org/ip-address/-/ip-address-9.0.5.tgz 2694ms (cache revalidated)
1044 http fetch GET 200 https://registry.npmjs.org/indent-string/-/indent-string-4.0.0.tgz 2679ms (cache revalidated)
1045 http fetch GET 200 https://registry.npmjs.org/imurmurhash/-/imurmurhash-0.1.4.tgz 2715ms (cache revalidated)
1046 http fetch GET 200 https://registry.npmjs.org/inherits/-/inherits-2.0.4.tgz 2700ms (cache revalidated)
1047 http fetch GET 200 https://registry.npmjs.org/is-fullwidth-code-point/-/is-fullwidth-code-point-3.0.0.tgz 2704ms (cache revalidated)
1048 http fetch GET 200 https://registry.npmjs.org/sprintf-js/-/sprintf-js-1.1.3.tgz 2690ms (cache revalidated)
1049 http fetch GET 200 https://registry.npmjs.org/jsonparse/-/jsonparse-1.3.1.tgz 2707ms (cache revalidated)
1050 http fetch GET 200 https://registry.npmjs.org/is-extglob/-/is-extglob-2.1.1.tgz 2721ms (cache revalidated)
1051 http fetch GET 200 https://registry.npmjs.org/http-cache-semantics/-/http-cache-semantics-4.1.1.tgz 2715ms (cache revalidated)
1052 http fetch GET 200 https://registry.npmjs.org/fs-minipass/-/fs-minipass-2.1.0.tgz 2718ms (cache revalidated)
1053 http fetch GET 200 https://registry.npmjs.org/jsonfile/-/jsonfile-6.1.0.tgz 2692ms (cache revalidated)
1054 http fetch GET 200 https://registry.npmjs.org/hosted-git-info/-/hosted-git-info-7.0.2.tgz 2704ms (cache revalidated)
1055 http fetch GET 200 https://registry.npmjs.org/is-glob/-/is-glob-4.0.3.tgz 2706ms (cache revalidated)
1056 http fetch GET 200 https://registry.npmjs.org/is-lambda/-/is-lambda-1.0.1.tgz 2740ms (cache revalidated)
1057 http fetch GET 200 https://registry.npmjs.org/has-flag/-/has-flag-4.0.0.tgz 2723ms (cache revalidated)
1058 http fetch GET 200 https://registry.npmjs.org/glob-parent/-/glob-parent-5.1.2.tgz 2709ms (cache revalidated)
1059 http fetch GET 200 https://registry.npmjs.org/fastq/-/fastq-1.13.0.tgz 2723ms (cache revalidated)
1060 http fetch GET 200 https://registry.npmjs.org/fill-range/-/fill-range-7.1.1.tgz 2679ms (cache revalidated)
1061 http fetch GET 200 https://registry.npmjs.org/get-caller-file/-/get-caller-file-2.0.5.tgz 2715ms (cache revalidated)
1062 http fetch GET 200 https://registry.npmjs.org/ignore-walk/-/ignore-walk-6.0.4.tgz 2727ms (cache revalidated)
1063 http fetch GET 200 https://registry.npmjs.org/has-own-prop/-/has-own-prop-2.0.0.tgz 2681ms (cache revalidated)
1064 http fetch GET 200 https://registry.npmjs.org/encoding/-/encoding-0.1.13.tgz 2710ms (cache revalidated)
1065 http fetch GET 200 https://registry.npmjs.org/find-process/-/find-process-1.4.7.tgz 2755ms (cache revalidated)
1066 http fetch GET 200 https://registry.npmjs.org/foreground-child/-/foreground-child-3.1.1.tgz 2709ms (cache revalidated)
1067 http fetch GET 200 https://registry.npmjs.org/fast-glob/-/fast-glob-3.3.2.tgz 2713ms (cache revalidated)
1068 http fetch GET 200 https://registry.npmjs.org/find-up/-/find-up-5.0.0.tgz 2715ms (cache revalidated)
1069 http fetch GET 200 https://registry.npmjs.org/signal-exit/-/signal-exit-4.1.0.tgz 2703ms (cache revalidated)
1070 http fetch GET 200 https://registry.npmjs.org/esprima/-/esprima-4.0.1.tgz 2708ms (cache revalidated)
1071 http fetch GET 200 https://registry.npmjs.org/graceful-fs/-/graceful-fs-4.2.11.tgz 2711ms (cache revalidated)
1072 http fetch GET 200 https://registry.npmjs.org/exponential-backoff/-/exponential-backoff-3.1.1.tgz 2702ms (cache revalidated)
1073 http fetch GET 200 https://registry.npmjs.org/escalade/-/escalade-3.1.1.tgz 2711ms (cache revalidated)
1074 http fetch GET 200 https://registry.npmjs.org/err-code/-/err-code-2.0.3.tgz 2706ms (cache revalidated)
1075 http fetch GET 200 https://registry.npmjs.org/deepmerge/-/deepmerge-4.3.1.tgz 2739ms (cache revalidated)
1076 http fetch GET 200 https://registry.npmjs.org/fastest-levenshtein/-/fastest-levenshtein-1.0.16.tgz 3005ms (cache revalidated)
1077 http fetch GET 200 https://registry.npmjs.org/iconv-lite/-/iconv-lite-0.6.3.tgz 2999ms (cache revalidated)
1078 http fetch GET 200 https://registry.npmjs.org/debug/-/debug-4.3.4.tgz 2995ms (cache revalidated)
1079 http fetch GET 200 https://registry.npmjs.org/fs-extra/-/fs-extra-11.2.0.tgz 3009ms (cache revalidated)
1080 http fetch GET 200 https://registry.npmjs.org/wontache/-/wontache-0.1.0.tgz 3852ms (cache revalidated)
1081 http fetch GET 200 https://registry.npmjs.org/cli-table3/-/cli-table3-0.6.5.tgz 2950ms (cache revalidated)
1082 http fetch GET 200 https://registry.npmjs.org/flatted/-/flatted-3.3.1.tgz 2956ms (cache revalidated)
1083 http fetch GET 200 https://registry.npmjs.org/entities/-/entities-4.5.0.tgz 3045ms (cache revalidated)
1084 http fetch GET 200 https://registry.npmjs.org/emoji-regex/-/emoji-regex-8.0.0.tgz 2995ms (cache revalidated)
1085 http fetch GET 200 https://registry.npmjs.org/env-paths/-/env-paths-2.2.1.tgz 3036ms (cache revalidated)
1086 http fetch GET 200 https://registry.npmjs.org/core-util-is/-/core-util-is-1.0.3.tgz 2979ms (cache revalidated)
1087 http fetch GET 200 https://registry.npmjs.org/diff-sequences/-/diff-sequences-29.6.3.tgz 2981ms (cache revalidated)
1088 http fetch GET 200 https://registry.npmjs.org/color-name/-/color-name-1.1.4.tgz 2964ms (cache revalidated)
1089 http fetch GET 200 https://registry.npmjs.org/color-convert/-/color-convert-2.0.1.tgz 2960ms (cache revalidated)
1090 http fetch GET 200 https://registry.npmjs.org/comment-json/-/comment-json-4.2.3.tgz 2964ms (cache revalidated)
1091 http fetch GET 200 https://registry.npmjs.org/argparse/-/argparse-2.0.1.tgz 2955ms (cache revalidated)
1092 http fetch GET 200 https://registry.npmjs.org/cpu-features/-/cpu-features-0.0.9.tgz 2946ms (cache revalidated)
1093 http fetch GET 200 https://registry.npmjs.org/chalk/-/chalk-4.1.2.tgz 2909ms (cache revalidated)
1094 http fetch GET 200 https://registry.npmjs.org/npm-package-arg/-/npm-package-arg-11.0.2.tgz 2915ms (cache revalidated)
1095 http fetch GET 200 https://registry.npmjs.org/balanced-match/-/balanced-match-1.0.2.tgz 2952ms (cache revalidated)
1096 http fetch GET 200 https://registry.npmjs.org/braces/-/braces-3.0.3.tgz 3070ms (cache revalidated)
1097 http fetch GET 200 https://registry.npmjs.org/asn1/-/asn1-0.2.6.tgz 2942ms (cache revalidated)
1098 http fetch GET 200 https://registry.npmjs.org/aggregate-error/-/aggregate-error-3.1.0.tgz 2955ms (cache revalidated)
1099 http fetch GET 200 https://registry.npmjs.org/commander/-/commander-5.1.0.tgz 3025ms (cache revalidated)
1100 http fetch GET 200 https://registry.npmjs.org/colors/-/colors-1.4.0.tgz 2986ms (cache revalidated)
1101 http fetch GET 200 https://registry.npmjs.org/ansi-styles/-/ansi-styles-4.3.0.tgz 2954ms (cache revalidated)
1102 http fetch GET 200 https://registry.npmjs.org/clean-stack/-/clean-stack-2.2.0.tgz 2910ms (cache revalidated)
1103 http fetch GET 200 https://registry.npmjs.org/array-timsort/-/array-timsort-1.0.3.tgz 2942ms (cache revalidated)
1104 http fetch GET 200 https://registry.npmjs.org/bcrypt-pbkdf/-/bcrypt-pbkdf-1.0.2.tgz 2912ms (cache revalidated)
1105 http fetch GET 200 https://registry.npmjs.org/buildcheck/-/buildcheck-0.0.6.tgz 2893ms (cache revalidated)
1106 http fetch GET 200 https://registry.npmjs.org/unique-slug/-/unique-slug-4.0.0.tgz 2820ms (cache revalidated)
1107 http fetch GET 200 https://registry.npmjs.org/minipass-collect/-/minipass-collect-2.0.1.tgz 2792ms (cache revalidated)
1108 http fetch GET 200 https://registry.npmjs.org/cacache/-/cacache-18.0.2.tgz 2712ms (cache revalidated)
1109 http fetch GET 200 https://registry.npmjs.org/minipass/-/minipass-7.0.4.tgz 2794ms (cache revalidated)
1110 http fetch GET 200 https://registry.npmjs.org/fs-minipass/-/fs-minipass-3.0.3.tgz 2678ms (cache revalidated)
1111 http fetch GET 200 https://registry.npmjs.org/minipass-fetch/-/minipass-fetch-3.0.4.tgz 2859ms (cache revalidated)
1112 http fetch GET 200 https://registry.npmjs.org/ssri/-/ssri-10.0.5.tgz 2732ms (cache revalidated)
1113 http fetch GET 200 https://registry.npmjs.org/unique-filename/-/unique-filename-3.0.0.tgz 2875ms (cache revalidated)
1114 http fetch GET 200 https://registry.npmjs.org/@types/yargs/-/yargs-17.0.32.tgz 2829ms (cache revalidated)
1115 http fetch GET 200 https://registry.npmjs.org/dataobject-parser/-/dataobject-parser-1.2.25.tgz 2686ms (cache revalidated)
1116 http fetch GET 200 https://registry.npmjs.org/make-fetch-happen/-/make-fetch-happen-13.0.0.tgz 2664ms (cache revalidated)
1117 http fetch GET 200 https://registry.npmjs.org/@types/yargs-parser/-/yargs-parser-20.2.1.tgz 2946ms (cache revalidated)
1118 http fetch GET 200 https://registry.npmjs.org/@tufjs/canonical-json/-/canonical-json-2.0.0.tgz 2864ms (cache revalidated)
1119 http fetch GET 200 https://registry.npmjs.org/@npmcli/fs/-/fs-3.1.0.tgz 2542ms (cache revalidated)
1120 http fetch GET 200 https://registry.npmjs.org/npm-pick-manifest/-/npm-pick-manifest-9.0.0.tgz 2274ms (cache revalidated)
1121 http fetch GET 200 https://registry.npmjs.org/npm-normalize-package-bin/-/npm-normalize-package-bin-3.0.1.tgz 2277ms (cache revalidated)
1122 http fetch GET 200 https://registry.npmjs.org/proc-log/-/proc-log-3.0.0.tgz 2290ms (cache revalidated)
1123 http fetch GET 200 https://registry.npmjs.org/@jest/schemas/-/schemas-29.6.3.tgz 2200ms (cache revalidated)
1124 http fetch GET 200 https://registry.npmjs.org/https-proxy-agent/-/https-proxy-agent-7.0.4.tgz 1986ms (cache revalidated)
1125 http fetch GET 200 https://registry.npmjs.org/@sinclair/typebox/-/typebox-0.27.8.tgz 2560ms (cache revalidated)
1126 http fetch GET 200 https://registry.npmjs.org/@npmcli/package-json/-/package-json-5.2.0.tgz 3501ms (cache revalidated)
1127 http fetch GET 200 https://registry.npmjs.org/agent-base/-/agent-base-7.1.0.tgz 2064ms (cache revalidated)
1128 http fetch GET 200 https://registry.npmjs.org/@npmcli/promise-spawn/-/promise-spawn-7.0.1.tgz 2042ms (cache revalidated)
1129 http fetch GET 200 https://registry.npmjs.org/@nodelib/fs.scandir/-/fs.scandir-2.1.5.tgz 2123ms (cache revalidated)
1130 http fetch GET 200 https://registry.npmjs.org/http-proxy-agent/-/http-proxy-agent-7.0.2.tgz 1829ms (cache revalidated)
1131 http fetch GET 200 https://registry.npmjs.org/@nodelib/fs.walk/-/fs.walk-1.2.8.tgz 1994ms (cache revalidated)
1132 http fetch GET 200 https://registry.npmjs.org/@tufjs/models/-/models-2.0.0.tgz 2364ms (cache revalidated)
1133 http fetch GET 200 https://registry.npmjs.org/@nodelib/fs.stat/-/fs.stat-2.0.5.tgz 1896ms (cache revalidated)
1134 http fetch GET 200 https://registry.npmjs.org/@npmcli/git/-/git-5.0.4.tgz 1818ms (cache revalidated)
1135 http fetch GET 200 https://registry.npmjs.org/minipass/-/minipass-7.1.2.tgz 1706ms (cache revalidated)
1136 http fetch GET 200 https://registry.npmjs.org/@npmcli/redact/-/redact-2.0.1.tgz 1977ms (cache revalidated)
1137 http fetch GET 200 https://registry.npmjs.org/socks-proxy-agent/-/socks-proxy-agent-8.0.2.tgz 2103ms (cache revalidated)
1138 http fetch GET 200 https://registry.npmjs.org/@colors/colors/-/colors-1.5.0.tgz 1832ms (cache revalidated)
1139 http fetch GET 200 https://registry.npmjs.org/minipass/-/minipass-5.0.0.tgz 1788ms (cache revalidated)
1140 http fetch GET 200 https://registry.npmjs.org/lodash-deep/-/lodash-deep-2.0.0.tgz 3162ms (cache revalidated)
1141 http fetch GET 200 https://registry.npmjs.org/@sigstore/bundle/-/bundle-2.2.0.tgz 2499ms (cache revalidated)
1142 http fetch GET 200 https://registry.npmjs.org/@sigstore/verify/-/verify-1.1.0.tgz 2873ms (cache revalidated)
1143 http fetch GET 200 https://registry.npmjs.org/@sigstore/tuf/-/tuf-2.3.1.tgz 2738ms (cache revalidated)
1144 http fetch GET 200 https://registry.npmjs.org/@sigstore/protobuf-specs/-/protobuf-specs-0.3.0.tgz 2517ms (cache revalidated)
1145 http fetch GET 200 https://registry.npmjs.org/@sigstore/core/-/core-1.0.0.tgz 2704ms (cache revalidated)
1146 http fetch GET 200 https://registry.npmjs.org/@sigstore/sign/-/sign-2.2.3.tgz 2494ms (cache revalidated)
1147 http fetch GET 200 https://registry.npmjs.org/@npmcli/agent/-/agent-2.2.1.tgz 2302ms (cache revalidated)
1148 info run @zowe/secrets-for-zowe-sdk@8.27.0 install node_modules/@zowe/cli/node_modules/@zowe/secrets-for-zowe-sdk node scripts/prebuildCheck.js || npm run rebuild
1149 info run cpu-features@0.0.9 install node_modules/@zowe/cli/node_modules/cpu-features node buildcheck.js > buildcheck.gypi && node-gyp rebuild
1150 info run ssh2@1.15.0 install node_modules/@zowe/cli/node_modules/ssh2 node install.js
1151 info run @zowe/secrets-for-zowe-sdk@8.27.0 install { code: 0, signal: null }
1152 info run ssh2@1.15.0 install { code: 0, signal: null }
1153 info run cpu-features@0.0.9 install { code: 1, signal: null }
1154 verbose reify failed optional dependency C:\Users\NicholasChien\Documents\VSCode4z-InstantPack-work\npm-cache\npm-tmp\node_modules\@zowe\cli\node_modules\cpu-features
1155 silly reify mark deleted [
1155 silly reify   'C:\\Users\\NicholasChien\\Documents\\VSCode4z-InstantPack-work\\npm-cache\\npm-tmp\\node_modules\\@zowe\\cli\\node_modules\\cpu-features'
1155 silly reify ]
1156 verbose reify failed optional dependency C:\Users\NicholasChien\Documents\VSCode4z-InstantPack-work\npm-cache\npm-tmp\node_modules\@zowe\cli\node_modules\buildcheck
1157 silly reify mark deleted [
1157 silly reify   'C:\\Users\\NicholasChien\\Documents\\VSCode4z-InstantPack-work\\npm-cache\\npm-tmp\\node_modules\\@zowe\\cli\\node_modules\\buildcheck'
1157 silly reify ]
1158 verbose reify failed optional dependency C:\Users\NicholasChien\Documents\VSCode4z-InstantPack-work\npm-cache\npm-tmp\node_modules\@zowe\cli\node_modules\nan
1159 silly reify mark deleted [
1159 silly reify   'C:\\Users\\NicholasChien\\Documents\\VSCode4z-InstantPack-work\\npm-cache\\npm-tmp\\node_modules\\@zowe\\cli\\node_modules\\nan'
1159 silly reify ]
1160 info run @zowe/cli@8.27.1 postinstall node_modules/@zowe/cli node ./scripts/validatePlugins && node ./scripts/printSuccessMessage
1161 info run @zowe/cli@8.27.1 postinstall { code: 0, signal: null }
1162 silly ADD node_modules/@zowe/cli
1163 silly ADD node_modules/@zowe/cli/node_modules/yocto-queue
1164 silly ADD node_modules/@zowe/cli/node_modules/yargs-parser
1165 silly ADD node_modules/@zowe/cli/node_modules/yargs
1166 silly ADD node_modules/@zowe/cli/node_modules/yargs/node_modules/y18n
1167 silly ADD node_modules/@zowe/cli/node_modules/yargs/node_modules/cliui
1168 silly ADD node_modules/@zowe/cli/node_modules/wrap-ansi-cjs
1169 silly ADD node_modules/@zowe/cli/node_modules/wrap-ansi
1170 silly ADD node_modules/@zowe/cli/node_modules/wontache
1171 silly ADD node_modules/@zowe/cli/node_modules/winston-transport
1172 silly ADD node_modules/@zowe/cli/node_modules/winston
1173 silly ADD node_modules/@zowe/cli/node_modules/winston/node_modules/async
1174 silly ADD node_modules/@zowe/cli/node_modules/winston/node_modules/@colors/colors
1175 silly ADD node_modules/@zowe/cli/node_modules/which
1176 silly ADD node_modules/@zowe/cli/node_modules/validate-npm-package-name
1177 silly ADD node_modules/@zowe/cli/node_modules/validate-npm-package-license
1178 silly ADD node_modules/@zowe/cli/node_modules/util-deprecate
1179 silly ADD node_modules/@zowe/cli/node_modules/universalify
1180 silly ADD node_modules/@zowe/cli/node_modules/underscore
1181 silly ADD node_modules/@zowe/cli/node_modules/uc.micro
1182 silly ADD node_modules/@zowe/cli/node_modules/tweetnacl
1183 silly ADD node_modules/@zowe/cli/node_modules/tuf-js
1184 silly ADD node_modules/@zowe/cli/node_modules/tuf-js/node_modules/unique-slug
1185 silly ADD node_modules/@zowe/cli/node_modules/tuf-js/node_modules/unique-filename
1186 silly ADD node_modules/@zowe/cli/node_modules/tuf-js/node_modules/ssri
1187 silly ADD node_modules/@zowe/cli/node_modules/tuf-js/node_modules/minipass-fetch
1188 silly ADD node_modules/@zowe/cli/node_modules/tuf-js/node_modules/minipass-collect
1189 silly ADD node_modules/@zowe/cli/node_modules/tuf-js/node_modules/minipass
1190 silly ADD node_modules/@zowe/cli/node_modules/tuf-js/node_modules/make-fetch-happen
1191 silly ADD node_modules/@zowe/cli/node_modules/tuf-js/node_modules/fs-minipass
1192 silly ADD node_modules/@zowe/cli/node_modules/tuf-js/node_modules/cacache
1193 silly ADD node_modules/@zowe/cli/node_modules/tuf-js/node_modules/@npmcli/fs
1194 silly ADD node_modules/@zowe/cli/node_modules/triple-beam
1195 silly ADD node_modules/@zowe/cli/node_modules/to-regex-range
1196 silly ADD node_modules/@zowe/cli/node_modules/text-hex
1197 silly ADD node_modules/@zowe/cli/node_modules/tar
1198 silly ADD node_modules/@zowe/cli/node_modules/tar/node_modules/yallist
1199 silly ADD node_modules/@zowe/cli/node_modules/tar/node_modules/minipass
1200 silly ADD node_modules/@zowe/cli/node_modules/tar/node_modules/chownr
1201 silly ADD node_modules/@zowe/cli/node_modules/supports-color
1202 silly ADD node_modules/@zowe/cli/node_modules/strip-ansi-cjs
1203 silly ADD node_modules/@zowe/cli/node_modules/strip-ansi
1204 silly ADD node_modules/@zowe/cli/node_modules/string-width-cjs
1205 silly ADD node_modules/@zowe/cli/node_modules/string-width
1206 silly ADD node_modules/@zowe/cli/node_modules/string_decoder
1207 silly ADD node_modules/@zowe/cli/node_modules/streamroller
1208 silly ADD node_modules/@zowe/cli/node_modules/streamroller/node_modules/universalify
1209 silly ADD node_modules/@zowe/cli/node_modules/streamroller/node_modules/jsonfile
1210 silly ADD node_modules/@zowe/cli/node_modules/streamroller/node_modules/fs-extra
1211 silly ADD node_modules/@zowe/cli/node_modules/stack-trace
1212 silly ADD node_modules/@zowe/cli/node_modules/ssh2
1213 silly ADD node_modules/@zowe/cli/node_modules/spdx-license-ids
1214 silly ADD node_modules/@zowe/cli/node_modules/spdx-expression-parse
1215 silly ADD node_modules/@zowe/cli/node_modules/spdx-exceptions
1216 silly ADD node_modules/@zowe/cli/node_modules/spdx-correct
1217 silly ADD node_modules/@zowe/cli/node_modules/socks
1218 silly ADD node_modules/@zowe/cli/node_modules/smart-buffer
1219 silly ADD node_modules/@zowe/cli/node_modules/simple-swizzle
1220 silly ADD node_modules/@zowe/cli/node_modules/simple-swizzle/node_modules/is-arrayish
1221 silly ADD node_modules/@zowe/cli/node_modules/sigstore
1222 silly ADD node_modules/@zowe/cli/node_modules/shebang-command
1223 silly ADD node_modules/@zowe/cli/node_modules/shebang-command/node_modules/shebang-regex
1224 silly ADD node_modules/@zowe/cli/node_modules/semver
1225 silly ADD node_modules/@zowe/cli/node_modules/safer-buffer
1226 silly ADD node_modules/@zowe/cli/node_modules/safe-stable-stringify
1227 silly ADD node_modules/@zowe/cli/node_modules/safe-buffer
1228 silly ADD node_modules/@zowe/cli/node_modules/run-parallel
1229 silly ADD node_modules/@zowe/cli/node_modules/rfdc
1230 silly ADD node_modules/@zowe/cli/node_modules/reusify
1231 silly ADD node_modules/@zowe/cli/node_modules/retry
1232 silly ADD node_modules/@zowe/cli/node_modules/require-directory
1233 silly ADD node_modules/@zowe/cli/node_modules/repeat-string
1234 silly ADD node_modules/@zowe/cli/node_modules/readable-stream
1235 silly ADD node_modules/@zowe/cli/node_modules/read
1236 silly ADD node_modules/@zowe/cli/node_modules/react-is
1237 silly ADD node_modules/@zowe/cli/node_modules/queue-microtask
1238 silly ADD node_modules/@zowe/cli/node_modules/punycode.js
1239 silly ADD node_modules/@zowe/cli/node_modules/promise-retry
1240 silly ADD node_modules/@zowe/cli/node_modules/promise-inflight
1241 silly ADD node_modules/@zowe/cli/node_modules/progress
1242 silly ADD node_modules/@zowe/cli/node_modules/prettyjson
1243 silly ADD node_modules/@zowe/cli/node_modules/pretty-format
1244 silly ADD node_modules/@zowe/cli/node_modules/pretty-format/node_modules/ansi-styles
1245 silly ADD node_modules/@zowe/cli/node_modules/picomatch
1246 silly ADD node_modules/@zowe/cli/node_modules/path-scurry
1247 silly ADD node_modules/@zowe/cli/node_modules/path-scurry/node_modules/minipass
1248 silly ADD node_modules/@zowe/cli/node_modules/path-key
1249 silly ADD node_modules/@zowe/cli/node_modules/path-exists
1250 silly ADD node_modules/@zowe/cli/node_modules/pacote
1251 silly ADD node_modules/@zowe/cli/node_modules/pacote/node_modules/unique-slug
1252 silly ADD node_modules/@zowe/cli/node_modules/pacote/node_modules/unique-filename
1253 silly ADD node_modules/@zowe/cli/node_modules/pacote/node_modules/ssri
1254 silly ADD node_modules/@zowe/cli/node_modules/pacote/node_modules/proc-log
1255 silly ADD node_modules/@zowe/cli/node_modules/pacote/node_modules/npm-pick-manifest
1256 silly ADD node_modules/@zowe/cli/node_modules/pacote/node_modules/npm-packlist
1257 silly ADD node_modules/@zowe/cli/node_modules/pacote/node_modules/npm-normalize-package-bin
1258 silly ADD node_modules/@zowe/cli/node_modules/pacote/node_modules/npm-bundled
1259 silly ADD node_modules/@zowe/cli/node_modules/pacote/node_modules/nopt
1260 silly ADD node_modules/@zowe/cli/node_modules/pacote/node_modules/node-gyp
1261 silly ADD node_modules/@zowe/cli/node_modules/pacote/node_modules/node-gyp/node_modules/proc-log
1262 silly ADD node_modules/@zowe/cli/node_modules/pacote/node_modules/minipass-fetch
1263 silly ADD node_modules/@zowe/cli/node_modules/pacote/node_modules/minipass-collect
1264 silly ADD node_modules/@zowe/cli/node_modules/pacote/node_modules/minipass
1265 silly ADD node_modules/@zowe/cli/node_modules/pacote/node_modules/make-fetch-happen
1266 silly ADD node_modules/@zowe/cli/node_modules/pacote/node_modules/json-parse-even-better-errors
1267 silly ADD node_modules/@zowe/cli/node_modules/pacote/node_modules/fs-minipass
1268 silly ADD node_modules/@zowe/cli/node_modules/pacote/node_modules/cacache
1269 silly ADD node_modules/@zowe/cli/node_modules/pacote/node_modules/abbrev
1270 silly ADD node_modules/@zowe/cli/node_modules/pacote/node_modules/@npmcli/run-script
1271 silly ADD node_modules/@zowe/cli/node_modules/pacote/node_modules/@npmcli/package-json
1272 silly ADD node_modules/@zowe/cli/node_modules/pacote/node_modules/@npmcli/node-gyp
1273 silly ADD node_modules/@zowe/cli/node_modules/pacote/node_modules/@npmcli/installed-package-contents
1274 silly ADD node_modules/@zowe/cli/node_modules/pacote/node_modules/@npmcli/fs
1275 silly ADD node_modules/@zowe/cli/node_modules/package-json-from-dist
1276 silly ADD node_modules/@zowe/cli/node_modules/p-map
1277 silly ADD node_modules/@zowe/cli/node_modules/p-locate
1278 silly ADD node_modules/@zowe/cli/node_modules/p-limit
1279 silly ADD node_modules/@zowe/cli/node_modules/opener
1280 silly ADD node_modules/@zowe/cli/node_modules/one-time
1281 silly ADD node_modules/@zowe/cli/node_modules/npm-registry-fetch
1282 silly ADD node_modules/@zowe/cli/node_modules/npm-registry-fetch/node_modules/unique-slug
1283 silly ADD node_modules/@zowe/cli/node_modules/npm-registry-fetch/node_modules/unique-filename
1284 silly ADD node_modules/@zowe/cli/node_modules/npm-registry-fetch/node_modules/ssri
1285 silly ADD node_modules/@zowe/cli/node_modules/npm-registry-fetch/node_modules/proc-log
1286 silly ADD node_modules/@zowe/cli/node_modules/npm-registry-fetch/node_modules/minipass-fetch
1287 silly ADD node_modules/@zowe/cli/node_modules/npm-registry-fetch/node_modules/minipass-collect
1288 silly ADD node_modules/@zowe/cli/node_modules/npm-registry-fetch/node_modules/minipass
1289 silly ADD node_modules/@zowe/cli/node_modules/npm-registry-fetch/node_modules/make-fetch-happen
1290 silly ADD node_modules/@zowe/cli/node_modules/npm-registry-fetch/node_modules/fs-minipass
1291 silly ADD node_modules/@zowe/cli/node_modules/npm-registry-fetch/node_modules/cacache
1292 silly ADD node_modules/@zowe/cli/node_modules/npm-registry-fetch/node_modules/@npmcli/fs
1293 silly ADD node_modules/@zowe/cli/node_modules/npm-package-arg
1294 silly ADD node_modules/@zowe/cli/node_modules/npm-package-arg/node_modules/proc-log
1295 silly ADD node_modules/@zowe/cli/node_modules/npm-install-checks
1296 silly ADD node_modules/@zowe/cli/node_modules/normalize-package-data
1297 silly ADD node_modules/@zowe/cli/node_modules/negotiator
1298 silly ADD
1299 silly ADD node_modules/@zowe/cli/node_modules/mute-stream
1300 silly ADD node_modules/@zowe/cli/node_modules/mustache
1301 silly ADD node_modules/@zowe/cli/node_modules/ms
1302 silly ADD node_modules/@zowe/cli/node_modules/mkdirp
1303 silly ADD node_modules/@zowe/cli/node_modules/minizlib
1304 silly ADD node_modules/@zowe/cli/node_modules/minizlib/node_modules/yallist
1305 silly ADD node_modules/@zowe/cli/node_modules/minipass-sized
1306 silly ADD node_modules/@zowe/cli/node_modules/minipass-pipeline
1307 silly ADD node_modules/@zowe/cli/node_modules/minipass-flush
1308 silly ADD node_modules/@zowe/cli/node_modules/minipass
1309 silly ADD node_modules/@zowe/cli/node_modules/minipass/node_modules/yallist
1310 silly ADD node_modules/@zowe/cli/node_modules/minimist
1311 silly ADD node_modules/@zowe/cli/node_modules/minimatch
1312 silly ADD node_modules/@zowe/cli/node_modules/micromatch
1313 silly ADD node_modules/@zowe/cli/node_modules/merge2
1314 silly ADD node_modules/@zowe/cli/node_modules/mdurl
1315 silly ADD node_modules/@zowe/cli/node_modules/markdown-it
1316 silly ADD node_modules/@zowe/cli/node_modules/lru-cache
1317 silly ADD node_modules/@zowe/cli/node_modules/logform
1318 silly ADD node_modules/@zowe/cli/node_modules/logform/node_modules/@colors/colors
1319 silly ADD node_modules/@zowe/cli/node_modules/log4js
1320 silly ADD node_modules/@zowe/cli/node_modules/lodash-deep
1321 silly ADD node_modules/@zowe/cli/node_modules/lodash
1322 silly ADD node_modules/@zowe/cli/node_modules/locate-path
1323 silly ADD node_modules/@zowe/cli/node_modules/linkify-it
1324 silly ADD node_modules/@zowe/cli/node_modules/kuler
1325 silly ADD node_modules/@zowe/cli/node_modules/jsonschema
1326 silly ADD node_modules/@zowe/cli/node_modules/jsonparse
1327 silly ADD node_modules/@zowe/cli/node_modules/jsonfile
1328 silly ADD node_modules/@zowe/cli/node_modules/jsbn
1329 silly ADD node_modules/@zowe/cli/node_modules/js-yaml
1330 silly ADD node_modules/@zowe/cli/node_modules/jest-get-type
1331 silly ADD node_modules/@zowe/cli/node_modules/jest-diff
1332 silly ADD node_modules/@zowe/cli/node_modules/jackspeak
1333 silly ADD node_modules/@zowe/cli/node_modules/isexe
1334 silly ADD node_modules/@zowe/cli/node_modules/is-stream
1335 silly ADD node_modules/@zowe/cli/node_modules/is-number
1336 silly ADD node_modules/@zowe/cli/node_modules/is-lambda
1337 silly ADD node_modules/@zowe/cli/node_modules/is-glob
1338 silly ADD node_modules/@zowe/cli/node_modules/is-fullwidth-code-point
1339 silly ADD node_modules/@zowe/cli/node_modules/is-extglob
1340 silly ADD node_modules/@zowe/cli/node_modules/ip-address
1341 silly ADD node_modules/@zowe/cli/node_modules/ip-address/node_modules/sprintf-js
1342 silly ADD node_modules/@zowe/cli/node_modules/inherits
1343 silly ADD node_modules/@zowe/cli/node_modules/indent-string
1344 silly ADD node_modules/@zowe/cli/node_modules/imurmurhash
1345 silly ADD node_modules/@zowe/cli/node_modules/ignore-walk
1346 silly ADD node_modules/@zowe/cli/node_modules/http-cache-semantics
1347 silly ADD node_modules/@zowe/cli/node_modules/hosted-git-info
1348 silly ADD node_modules/@zowe/cli/node_modules/has-own-prop
1349 silly ADD node_modules/@zowe/cli/node_modules/has-flag
1350 silly ADD node_modules/@zowe/cli/node_modules/graceful-fs
1351 silly ADD node_modules/@zowe/cli/node_modules/glob-parent
1352 silly ADD node_modules/@zowe/cli/node_modules/glob
1353 silly ADD node_modules/@zowe/cli/node_modules/glob/node_modules/minipass
1354 silly ADD node_modules/@zowe/cli/node_modules/get-caller-file
1355 silly ADD node_modules/@zowe/cli/node_modules/fs-minipass
1356 silly ADD node_modules/@zowe/cli/node_modules/fs-extra
1357 silly ADD node_modules/@zowe/cli/node_modules/foreground-child
1358 silly ADD node_modules/@zowe/cli/node_modules/foreground-child/node_modules/signal-exit
1359 silly ADD node_modules/@zowe/cli/node_modules/fn.name
1360 silly ADD node_modules/@zowe/cli/node_modules/flatted
1361 silly ADD node_modules/@zowe/cli/node_modules/find-up
1362 silly ADD node_modules/@zowe/cli/node_modules/find-process
1363 silly ADD node_modules/@zowe/cli/node_modules/fill-range
1364 silly ADD node_modules/@zowe/cli/node_modules/fecha
1365 silly ADD node_modules/@zowe/cli/node_modules/fastq
1366 silly ADD node_modules/@zowe/cli/node_modules/fastest-levenshtein
1367 silly ADD node_modules/@zowe/cli/node_modules/fast-glob
1368 silly ADD node_modules/@zowe/cli/node_modules/exponential-backoff
1369 silly ADD node_modules/@zowe/cli/node_modules/esprima
1370 silly ADD node_modules/@zowe/cli/node_modules/escalade
1371 silly ADD node_modules/@zowe/cli/node_modules/err-code
1372 silly ADD node_modules/@zowe/cli/node_modules/env-paths
1373 silly ADD node_modules/@zowe/cli/node_modules/entities
1374 silly ADD node_modules/@zowe/cli/node_modules/encoding
1375 silly ADD node_modules/@zowe/cli/node_modules/encoding/node_modules/iconv-lite
1376 silly ADD node_modules/@zowe/cli/node_modules/enabled
1377 silly ADD node_modules/@zowe/cli/node_modules/emoji-regex
1378 silly ADD node_modules/@zowe/cli/node_modules/eastasianwidth
1379 silly ADD node_modules/@zowe/cli/node_modules/diff-sequences
1380 silly ADD node_modules/@zowe/cli/node_modules/deepmerge
1381 silly ADD node_modules/@zowe/cli/node_modules/debug
1382 silly ADD node_modules/@zowe/cli/node_modules/dayjs
1383 silly ADD node_modules/@zowe/cli/node_modules/date-format
1384 silly ADD node_modules/@zowe/cli/node_modules/dataobject-parser
1385 silly ADD node_modules/@zowe/cli/node_modules/cross-spawn
1386 silly ADD node_modules/@zowe/cli/node_modules/cross-spawn/node_modules/which
1387 silly ADD node_modules/@zowe/cli/node_modules/cross-spawn/node_modules/isexe
1388 silly ADD
1389 silly ADD node_modules/@zowe/cli/node_modules/core-util-is
1390 silly ADD node_modules/@zowe/cli/node_modules/comment-json
1391 silly ADD node_modules/@zowe/cli/node_modules/commander
1392 silly ADD node_modules/@zowe/cli/node_modules/colorspace
1393 silly ADD node_modules/@zowe/cli/node_modules/colors
1394 silly ADD node_modules/@zowe/cli/node_modules/color-string
1395 silly ADD node_modules/@zowe/cli/node_modules/color-name
1396 silly ADD node_modules/@zowe/cli/node_modules/color-convert
1397 silly ADD node_modules/@zowe/cli/node_modules/color
1398 silly ADD node_modules/@zowe/cli/node_modules/color/node_modules/color-name
1399 silly ADD node_modules/@zowe/cli/node_modules/color/node_modules/color-convert
1400 silly ADD node_modules/@zowe/cli/node_modules/cli-table3
1401 silly ADD node_modules/@zowe/cli/node_modules/clean-stack
1402 silly ADD node_modules/@zowe/cli/node_modules/chalk
1403 silly ADD
1404 silly ADD node_modules/@zowe/cli/node_modules/braces
1405 silly ADD node_modules/@zowe/cli/node_modules/brace-expansion
1406 silly ADD node_modules/@zowe/cli/node_modules/bcrypt-pbkdf
1407 silly ADD node_modules/@zowe/cli/node_modules/balanced-match
1408 silly ADD node_modules/@zowe/cli/node_modules/asn1
1409 silly ADD node_modules/@zowe/cli/node_modules/array-timsort
1410 silly ADD node_modules/@zowe/cli/node_modules/argparse
1411 silly ADD node_modules/@zowe/cli/node_modules/ansi-styles
1412 silly ADD node_modules/@zowe/cli/node_modules/ansi-regex
1413 silly ADD node_modules/@zowe/cli/node_modules/aggregate-error
1414 silly ADD node_modules/@zowe/cli/node_modules/@zowe/zosmf-for-zowe-sdk
1415 silly ADD node_modules/@zowe/cli/node_modules/@zowe/zos-workflows-for-zowe-sdk
1416 silly ADD node_modules/@zowe/cli/node_modules/@zowe/zos-uss-for-zowe-sdk
1417 silly ADD node_modules/@zowe/cli/node_modules/@zowe/zos-tso-for-zowe-sdk
1418 silly ADD node_modules/@zowe/cli/node_modules/@zowe/zos-logs-for-zowe-sdk
1419 silly ADD node_modules/@zowe/cli/node_modules/@zowe/zos-jobs-for-zowe-sdk
1420 silly ADD node_modules/@zowe/cli/node_modules/@zowe/zos-files-for-zowe-sdk
1421 silly ADD node_modules/@zowe/cli/node_modules/@zowe/zos-console-for-zowe-sdk
1422 silly ADD node_modules/@zowe/cli/node_modules/@zowe/secrets-for-zowe-sdk
1423 silly ADD node_modules/@zowe/cli/node_modules/@zowe/provisioning-for-zowe-sdk
1424 silly ADD node_modules/@zowe/cli/node_modules/@zowe/imperative
1425 silly ADD node_modules/@zowe/cli/node_modules/@zowe/imperative/node_modules/https-proxy-agent
1426 silly ADD node_modules/@zowe/cli/node_modules/@zowe/imperative/node_modules/http-proxy-agent
1427 silly ADD node_modules/@zowe/cli/node_modules/@zowe/imperative/node_modules/highlight.js
1428 silly ADD node_modules/@zowe/cli/node_modules/@zowe/imperative/node_modules/diff2html
1429 silly ADD node_modules/@zowe/cli/node_modules/@zowe/imperative/node_modules/diff2html/node_modules/diff
1430 silly ADD node_modules/@zowe/cli/node_modules/@zowe/imperative/node_modules/diff
1431 silly ADD node_modules/@zowe/cli/node_modules/@zowe/imperative/node_modules/agent-base
1432 silly ADD node_modules/@zowe/cli/node_modules/@zowe/core-for-zowe-sdk
1433 silly ADD node_modules/@zowe/cli/node_modules/@types/yargs-parser
1434 silly ADD node_modules/@zowe/cli/node_modules/@types/yargs
1435 silly ADD node_modules/@zowe/cli/node_modules/@types/triple-beam
1436 silly ADD node_modules/@zowe/cli/node_modules/@tufjs/models
1437 silly ADD node_modules/@zowe/cli/node_modules/@tufjs/canonical-json
1438 silly ADD node_modules/@zowe/cli/node_modules/@sinclair/typebox
1439 silly ADD node_modules/@zowe/cli/node_modules/@sigstore/verify
1440 silly ADD node_modules/@zowe/cli/node_modules/@sigstore/tuf
1441 silly ADD node_modules/@zowe/cli/node_modules/@sigstore/sign
1442 silly ADD node_modules/@zowe/cli/node_modules/@sigstore/sign/node_modules/unique-slug
1443 silly ADD node_modules/@zowe/cli/node_modules/@sigstore/sign/node_modules/unique-filename
1444 silly ADD node_modules/@zowe/cli/node_modules/@sigstore/sign/node_modules/ssri
1445 silly ADD node_modules/@zowe/cli/node_modules/@sigstore/sign/node_modules/minipass-fetch
1446 silly ADD node_modules/@zowe/cli/node_modules/@sigstore/sign/node_modules/minipass-collect
1447 silly ADD node_modules/@zowe/cli/node_modules/@sigstore/sign/node_modules/minipass
1448 silly ADD node_modules/@zowe/cli/node_modules/@sigstore/sign/node_modules/make-fetch-happen
1449 silly ADD node_modules/@zowe/cli/node_modules/@sigstore/sign/node_modules/fs-minipass
1450 silly ADD node_modules/@zowe/cli/node_modules/@sigstore/sign/node_modules/cacache
1451 silly ADD node_modules/@zowe/cli/node_modules/@sigstore/sign/node_modules/@npmcli/fs
1452 silly ADD node_modules/@zowe/cli/node_modules/@sigstore/protobuf-specs
1453 silly ADD node_modules/@zowe/cli/node_modules/@sigstore/core
1454 silly ADD node_modules/@zowe/cli/node_modules/@sigstore/bundle
1455 silly ADD node_modules/@zowe/cli/node_modules/@pkgjs/parseargs
1456 silly ADD node_modules/@zowe/cli/node_modules/@npmcli/redact
1457 silly ADD node_modules/@zowe/cli/node_modules/@npmcli/promise-spawn
1458 silly ADD node_modules/@zowe/cli/node_modules/@npmcli/git
1459 silly ADD node_modules/@zowe/cli/node_modules/@npmcli/git/node_modules/proc-log
1460 silly ADD node_modules/@zowe/cli/node_modules/@npmcli/git/node_modules/npm-pick-manifest
1461 silly ADD node_modules/@zowe/cli/node_modules/@npmcli/git/node_modules/npm-normalize-package-bin
1462 silly ADD node_modules/@zowe/cli/node_modules/@npmcli/agent
1463 silly ADD node_modules/@zowe/cli/node_modules/@npmcli/agent/node_modules/socks-proxy-agent
1464 silly ADD node_modules/@zowe/cli/node_modules/@npmcli/agent/node_modules/https-proxy-agent
1465 silly ADD node_modules/@zowe/cli/node_modules/@npmcli/agent/node_modules/http-proxy-agent
1466 silly ADD node_modules/@zowe/cli/node_modules/@npmcli/agent/node_modules/agent-base
1467 silly ADD node_modules/@zowe/cli/node_modules/@nodelib/fs.walk
1468 silly ADD node_modules/@zowe/cli/node_modules/@nodelib/fs.stat
1469 silly ADD node_modules/@zowe/cli/node_modules/@nodelib/fs.scandir
1470 silly ADD node_modules/@zowe/cli/node_modules/@jest/schemas
1471 silly ADD node_modules/@zowe/cli/node_modules/@isaacs/cliui
1472 silly ADD node_modules/@zowe/cli/node_modules/@isaacs/cliui/node_modules/wrap-ansi
1473 silly ADD node_modules/@zowe/cli/node_modules/@isaacs/cliui/node_modules/strip-ansi
1474 silly ADD node_modules/@zowe/cli/node_modules/@isaacs/cliui/node_modules/string-width
1475 silly ADD node_modules/@zowe/cli/node_modules/@isaacs/cliui/node_modules/emoji-regex
1476 silly ADD node_modules/@zowe/cli/node_modules/@isaacs/cliui/node_modules/ansi-styles
1477 silly ADD node_modules/@zowe/cli/node_modules/@isaacs/cliui/node_modules/ansi-regex
1478 silly ADD node_modules/@zowe/cli/node_modules/@dabh/diagnostics
1479 silly ADD node_modules/@zowe/cli/node_modules/@colors/colors
1480 verbose cwd C:\Users\NicholasChien\Documents\VSCode4z-InstantPack-work\npm-cache\npm-tmp
1481 verbose os Windows_NT 10.0.26100
1482 verbose node v22.16.0
1483 verbose npm  v10.9.2
1484 notice
1484 notice New [31mmajor[39m version of npm available! [31m10.9.2[39m -> [34m11.6.4[39m
1484 notice Changelog: [34mhttps://github.com/npm/cli/releases/tag/v11.6.4[39m
1484 notice To update run: [4mnpm install -g npm@11.6.4[24m
1484 notice  { force: true, [Symbol(proc-log.meta)]: true }
1485 verbose exit 0
1486 info ok
