0 verbose cli C:\Program Files\nodejs\node.exe C:\Program Files\nodejs\node_modules\npm\bin\npm-cli.js
1 info using npm@10.9.2
2 info using node@v22.16.0
3 silly config load:file:C:\Program Files\nodejs\node_modules\npm\npmrc
4 silly config load:file:C:\Users\NicholasChien\Documents\VSCode4z-InstantPack-work\npm-cache\npm-tmp\.npmrc
5 silly config load:file:C:\Users\NicholasChien\.npmrc
6 silly config load:file:C:\Users\NicholasChien\AppData\Roaming\npm\etc\npmrc
7 verbose title npm install @zowe/db2-for-zowe-cli@6.1.7
8 verbose argv "install" "--no-fund" "--no-audit" "--no-save" "--no-package-lock" "--prefer-online" "--cache" "C:\\Users\\NicholasChien\\Documents\\VSCode4z-InstantPack-work\\npm-cache" "@zowe/db2-for-zowe-cli@6.1.7"
9 verbose logfile logs-max:10 dir:C:\Users\NicholasChien\Documents\VSCode4z-InstantPack-work\npm-cache\_logs\2025-11-27T06_41_54_657Z-
10 verbose logfile C:\Users\NicholasChien\Documents\VSCode4z-InstantPack-work\npm-cache\_logs\2025-11-27T06_41_54_657Z-debug-0.log
11 silly logfile done cleaning log files
12 silly packumentCache heap:4345298944 maxSize:1086324736 maxEntrySize:543162368
13 silly idealTree buildDeps
14 silly fetch manifest @zowe/db2-for-zowe-cli@6.1.7
15 silly packumentCache full:https://registry.npmjs.org/@zowe%2fdb2-for-zowe-cli cache-miss
16 http fetch GET 200 https://registry.npmjs.org/@zowe%2fdb2-for-zowe-cli 1901ms (cache updated)
17 silly packumentCache full:https://registry.npmjs.org/@zowe%2fdb2-for-zowe-cli set size:undefined disposed:false
18 silly fetch manifest @zowe/imperative@^8.0.0
19 silly packumentCache full:https://registry.npmjs.org/@zowe%2fimperative cache-miss
20 http fetch GET 200 https://registry.npmjs.org/@zowe%2fimperative 81ms (cache revalidated)
21 silly packumentCache full:https://registry.npmjs.org/@zowe%2fimperative set size:2315670 disposed:false
22 silly placeDep ROOT @zowe/db2-for-zowe-cli@6.1.7 OK for:  want: 6.1.7
23 silly fetch manifest ibm_db@3.3.1
24 silly packumentCache full:https://registry.npmjs.org/ibm_db cache-miss
25 http fetch GET 200 https://registry.npmjs.org/ibm_db 658ms (cache revalidated)
26 silly packumentCache full:https://registry.npmjs.org/ibm_db set size:149768 disposed:false
27 silly reify mark retired [
27 silly reify   'C:\\Users\\NicholasChien\\Documents\\VSCode4z-InstantPack-work\\npm-cache\\npm-tmp\\node_modules\\@zowe\\zos-ftp-for-zowe-cli'
27 silly reify ]
28 silly reify moves {
28 silly reify   'C:\\Users\\NicholasChien\\Documents\\VSCode4z-InstantPack-work\\npm-cache\\npm-tmp\\node_modules\\@zowe\\zos-ftp-for-zowe-cli': 'C:\\Users\\NicholasChien\\Documents\\VSCode4z-InstantPack-work\\npm-cache\\npm-tmp\\node_modules\\@zowe\\.zos-ftp-for-zowe-cli-JzS3W8vG'
28 silly reify }
29 http fetch GET 200 https://registry.npmjs.org/@zowe/db2-for-zowe-cli/-/db2-for-zowe-cli-6.1.7.tgz 1651ms (cache revalidated)
30 http fetch GET 200 https://registry.npmjs.org/xtend/-/xtend-4.0.2.tgz 145ms (cache revalidated)
31 http fetch GET 200 https://registry.npmjs.org/to-buffer/-/to-buffer-1.1.1.tgz 209ms (cache revalidated)
32 http fetch GET 200 https://registry.npmjs.org/universalify/-/universalify-2.0.1.tgz 237ms (cache revalidated)
33 http fetch GET 200 https://registry.npmjs.org/safe-buffer/-/safe-buffer-5.1.2.tgz 238ms (cache revalidated)
34 http fetch GET 200 https://registry.npmjs.org/process-nextick-args/-/process-nextick-args-2.0.1.tgz 253ms (cache revalidated)
35 http fetch GET 200 https://registry.npmjs.org/string_decoder/-/string_decoder-1.1.1.tgz 257ms (cache revalidated)
36 http fetch GET 200 https://registry.npmjs.org/jsonfile/-/jsonfile-6.1.0.tgz 255ms (cache revalidated)
37 http fetch GET 200 https://registry.npmjs.org/pump/-/pump-1.0.3.tgz 257ms (cache revalidated)
38 http fetch GET 200 https://registry.npmjs.org/util-deprecate/-/util-deprecate-1.0.2.tgz 262ms (cache revalidated)
39 http fetch GET 200 https://registry.npmjs.org/mkdirp/-/mkdirp-0.5.6.tgz 259ms (cache revalidated)
40 http fetch GET 200 https://registry.npmjs.org/chownr/-/chownr-1.1.4.tgz 261ms (cache revalidated)
41 http fetch GET 200 https://registry.npmjs.org/bl/-/bl-1.2.3.tgz 270ms (cache revalidated)
42 http fetch GET 200 https://registry.npmjs.org/proxy-from-env/-/proxy-from-env-1.1.0.tgz 271ms (cache revalidated)
43 http fetch GET 200 https://registry.npmjs.org/readable-stream/-/readable-stream-2.3.8.tgz 274ms (cache revalidated)
44 http fetch GET 200 https://registry.npmjs.org/wrappy/-/wrappy-1.0.2.tgz 279ms (cache revalidated)
45 http fetch GET 200 https://registry.npmjs.org/q/-/q-1.5.1.tgz 283ms (cache revalidated)
46 http fetch GET 200 https://registry.npmjs.org/minimist/-/minimist-1.2.8.tgz 286ms (cache revalidated)
47 http fetch GET 200 https://registry.npmjs.org/tar-fs/-/tar-fs-1.16.5.tgz 289ms (cache revalidated)
48 http fetch GET 200 https://registry.npmjs.org/mime-db/-/mime-db-1.52.0.tgz 306ms (cache revalidated)
49 http fetch GET 200 https://registry.npmjs.org/hasown/-/hasown-2.0.2.tgz 307ms (cache revalidated)
50 http fetch GET 200 https://registry.npmjs.org/has-symbols/-/has-symbols-1.1.0.tgz 311ms (cache revalidated)
51 http fetch GET 200 https://registry.npmjs.org/lodash/-/lodash-4.17.21.tgz 328ms (cache revalidated)
52 http fetch GET 200 https://registry.npmjs.org/get-intrinsic/-/get-intrinsic-1.3.0.tgz 339ms (cache revalidated)
53 http fetch GET 200 https://registry.npmjs.org/math-intrinsics/-/math-intrinsics-1.1.0.tgz 349ms (cache revalidated)
54 warn deprecated q@1.5.1: You or someone you depend on is using Q, the JavaScript Promise library that gave JavaScript developers strong feelings about promises. They can almost certainly migrate to the native JavaScript promise now. Thank you literally everyone for joining me in this bet against the odds. Be excellent to each other.
54 warn deprecated
54 warn deprecated (For a CapTP with native promises, see @endo/eventual-send and @endo/captp)
55 http fetch GET 200 https://registry.npmjs.org/fs-constants/-/fs-constants-1.0.0.tgz 349ms (cache revalidated)
56 http fetch GET 200 https://registry.npmjs.org/inherits/-/inherits-2.0.4.tgz 351ms (cache revalidated)
57 http fetch GET 200 https://registry.npmjs.org/function-bind/-/function-bind-1.1.2.tgz 351ms (cache revalidated)
58 http fetch GET 200 https://registry.npmjs.org/graceful-fs/-/graceful-fs-4.2.11.tgz 353ms (cache revalidated)
59 http fetch GET 200 https://registry.npmjs.org/nan/-/nan-2.23.0.tgz 358ms (cache revalidated)
60 http fetch GET 200 https://registry.npmjs.org/mime-types/-/mime-types-2.1.35.tgz 358ms (cache revalidated)
61 http fetch GET 200 https://registry.npmjs.org/gopd/-/gopd-1.2.0.tgz 358ms (cache revalidated)
62 http fetch GET 200 https://registry.npmjs.org/get-proto/-/get-proto-1.0.1.tgz 357ms (cache revalidated)
63 http fetch GET 200 https://registry.npmjs.org/targz/-/targz-1.0.1.tgz 380ms (cache revalidated)
64 http fetch GET 200 https://registry.npmjs.org/tar-stream/-/tar-stream-1.6.2.tgz 385ms (cache revalidated)
65 http fetch GET 200 https://registry.npmjs.org/fs-extra/-/fs-extra-11.2.0.tgz 392ms (cache revalidated)
66 http fetch GET 200 https://registry.npmjs.org/has-tostringtag/-/has-tostringtag-1.0.2.tgz 394ms (cache revalidated)
67 http fetch GET 200 https://registry.npmjs.org/es-set-tostringtag/-/es-set-tostringtag-2.1.0.tgz 399ms (cache revalidated)
68 http fetch GET 200 https://registry.npmjs.org/follow-redirects/-/follow-redirects-1.15.6.tgz 409ms (cache revalidated)
69 http fetch GET 200 https://registry.npmjs.org/es-define-property/-/es-define-property-1.0.1.tgz 416ms (cache revalidated)
70 http fetch GET 200 https://registry.npmjs.org/form-data/-/form-data-4.0.4.tgz 418ms (cache revalidated)
71 http fetch GET 200 https://registry.npmjs.org/file-uri-to-path/-/file-uri-to-path-1.0.0.tgz 425ms (cache revalidated)
72 http fetch GET 200 https://registry.npmjs.org/end-of-stream/-/end-of-stream-1.4.4.tgz 426ms (cache revalidated)
73 http fetch GET 200 https://registry.npmjs.org/buffer-alloc/-/buffer-alloc-1.2.0.tgz 427ms (cache revalidated)
74 http fetch GET 200 https://registry.npmjs.org/call-bind-apply-helpers/-/call-bind-apply-helpers-1.0.2.tgz 429ms (cache revalidated)
75 http fetch GET 200 https://registry.npmjs.org/isarray/-/isarray-1.0.0.tgz 439ms (cache revalidated)
76 http fetch GET 200 https://registry.npmjs.org/core-util-is/-/core-util-is-1.0.3.tgz 438ms (cache revalidated)
77 http fetch GET 200 https://registry.npmjs.org/es-errors/-/es-errors-1.3.0.tgz 449ms (cache revalidated)
78 http fetch GET 200 https://registry.npmjs.org/combined-stream/-/combined-stream-1.0.8.tgz 449ms (cache revalidated)
79 http fetch GET 200 https://registry.npmjs.org/delayed-stream/-/delayed-stream-1.0.0.tgz 450ms (cache revalidated)
80 http fetch GET 200 https://registry.npmjs.org/dunder-proto/-/dunder-proto-1.0.1.tgz 455ms (cache revalidated)
81 http fetch GET 200 https://registry.npmjs.org/bindings/-/bindings-1.5.0.tgz 458ms (cache revalidated)
82 http fetch GET 200 https://registry.npmjs.org/adm-zip/-/adm-zip-0.5.16.tgz 503ms (cache revalidated)
83 http fetch GET 200 https://registry.npmjs.org/buffer-fill/-/buffer-fill-1.0.0.tgz 504ms (cache revalidated)
84 http fetch GET 200 https://registry.npmjs.org/es-object-atoms/-/es-object-atoms-1.1.1.tgz 507ms (cache revalidated)
85 http fetch GET 200 https://registry.npmjs.org/once/-/once-1.4.0.tgz 506ms (cache revalidated)
86 http fetch GET 200 https://registry.npmjs.org/axios/-/axios-1.12.0.tgz 513ms (cache revalidated)
87 http fetch GET 200 https://registry.npmjs.org/asynckit/-/asynckit-0.4.0.tgz 513ms (cache revalidated)
88 http fetch GET 200 https://registry.npmjs.org/buffer-alloc-unsafe/-/buffer-alloc-unsafe-1.1.0.tgz 519ms (cache revalidated)
89 http fetch GET 200 https://registry.npmjs.org/big-integer/-/big-integer-1.6.52.tgz 527ms (cache revalidated)
90 http fetch GET 200 https://registry.npmjs.org/ibm_db/-/ibm_db-3.3.1.tgz 1429ms (cache revalidated)
91 info run ibm_db@3.3.1 install node_modules/@zowe/db2-for-zowe-cli/node_modules/ibm_db node installer/driverInstall.js
92 info run ibm_db@3.3.1 install { code: 0, signal: null }
93 silly ADD node_modules/@zowe/db2-for-zowe-cli
94 silly ADD node_modules/@zowe/db2-for-zowe-cli/node_modules/xtend
95 silly ADD node_modules/@zowe/db2-for-zowe-cli/node_modules/wrappy
96 silly ADD node_modules/@zowe/db2-for-zowe-cli/node_modules/util-deprecate
97 silly ADD node_modules/@zowe/db2-for-zowe-cli/node_modules/universalify
98 silly ADD node_modules/@zowe/db2-for-zowe-cli/node_modules/to-buffer
99 silly ADD node_modules/@zowe/db2-for-zowe-cli/node_modules/targz
100 silly ADD node_modules/@zowe/db2-for-zowe-cli/node_modules/tar-stream
101 silly ADD node_modules/@zowe/db2-for-zowe-cli/node_modules/tar-stream/node_modules/string_decoder
102 silly ADD node_modules/@zowe/db2-for-zowe-cli/node_modules/tar-stream/node_modules/safe-buffer
103 silly ADD node_modules/@zowe/db2-for-zowe-cli/node_modules/tar-stream/node_modules/readable-stream
104 silly ADD node_modules/@zowe/db2-for-zowe-cli/node_modules/tar-stream/node_modules/bl
105 silly ADD node_modules/@zowe/db2-for-zowe-cli/node_modules/tar-fs
106 silly ADD node_modules/@zowe/db2-for-zowe-cli/node_modules/tar-fs/node_modules/mkdirp
107 silly ADD node_modules/@zowe/db2-for-zowe-cli/node_modules/tar-fs/node_modules/chownr
108 silly ADD node_modules/@zowe/db2-for-zowe-cli/node_modules/q
109 silly ADD node_modules/@zowe/db2-for-zowe-cli/node_modules/pump
110 silly ADD node_modules/@zowe/db2-for-zowe-cli/node_modules/proxy-from-env
111 silly ADD node_modules/@zowe/db2-for-zowe-cli/node_modules/process-nextick-args
112 silly ADD node_modules/@zowe/db2-for-zowe-cli/node_modules/once
113 silly ADD node_modules/@zowe/db2-for-zowe-cli/node_modules/nan
114 silly ADD node_modules/@zowe/db2-for-zowe-cli/node_modules/minimist
115 silly ADD node_modules/@zowe/db2-for-zowe-cli/node_modules/mime-types
116 silly ADD node_modules/@zowe/db2-for-zowe-cli/node_modules/mime-db
117 silly ADD node_modules/@zowe/db2-for-zowe-cli/node_modules/math-intrinsics
118 silly ADD node_modules/@zowe/db2-for-zowe-cli/node_modules/lodash
119 silly ADD node_modules/@zowe/db2-for-zowe-cli/node_modules/jsonfile
120 silly ADD node_modules/@zowe/db2-for-zowe-cli/node_modules/isarray
121 silly ADD node_modules/@zowe/db2-for-zowe-cli/node_modules/inherits
122 silly ADD node_modules/@zowe/db2-for-zowe-cli/node_modules/ibm_db
123 silly ADD node_modules/@zowe/db2-for-zowe-cli/node_modules/hasown
124 silly ADD node_modules/@zowe/db2-for-zowe-cli/node_modules/has-tostringtag
125 silly ADD node_modules/@zowe/db2-for-zowe-cli/node_modules/has-symbols
126 silly ADD node_modules/@zowe/db2-for-zowe-cli/node_modules/graceful-fs
127 silly ADD node_modules/@zowe/db2-for-zowe-cli/node_modules/gopd
128 silly ADD node_modules/@zowe/db2-for-zowe-cli/node_modules/get-proto
129 silly ADD node_modules/@zowe/db2-for-zowe-cli/node_modules/get-intrinsic
130 silly ADD node_modules/@zowe/db2-for-zowe-cli/node_modules/function-bind
131 silly ADD node_modules/@zowe/db2-for-zowe-cli/node_modules/fs-extra
132 silly ADD node_modules/@zowe/db2-for-zowe-cli/node_modules/fs-constants
133 silly ADD node_modules/@zowe/db2-for-zowe-cli/node_modules/form-data
134 silly ADD node_modules/@zowe/db2-for-zowe-cli/node_modules/follow-redirects
135 silly ADD node_modules/@zowe/db2-for-zowe-cli/node_modules/file-uri-to-path
136 silly ADD node_modules/@zowe/db2-for-zowe-cli/node_modules/es-set-tostringtag
137 silly ADD node_modules/@zowe/db2-for-zowe-cli/node_modules/es-object-atoms
138 silly ADD node_modules/@zowe/db2-for-zowe-cli/node_modules/es-errors
139 silly ADD node_modules/@zowe/db2-for-zowe-cli/node_modules/es-define-property
140 silly ADD node_modules/@zowe/db2-for-zowe-cli/node_modules/end-of-stream
141 silly ADD node_modules/@zowe/db2-for-zowe-cli/node_modules/dunder-proto
142 silly ADD node_modules/@zowe/db2-for-zowe-cli/node_modules/delayed-stream
143 silly ADD node_modules/@zowe/db2-for-zowe-cli/node_modules/core-util-is
144 silly ADD node_modules/@zowe/db2-for-zowe-cli/node_modules/combined-stream
145 silly ADD node_modules/@zowe/db2-for-zowe-cli/node_modules/call-bind-apply-helpers
146 silly ADD node_modules/@zowe/db2-for-zowe-cli/node_modules/buffer-fill
147 silly ADD node_modules/@zowe/db2-for-zowe-cli/node_modules/buffer-alloc-unsafe
148 silly ADD node_modules/@zowe/db2-for-zowe-cli/node_modules/buffer-alloc
149 silly ADD node_modules/@zowe/db2-for-zowe-cli/node_modules/bindings
150 silly ADD node_modules/@zowe/db2-for-zowe-cli/node_modules/big-integer
151 silly ADD node_modules/@zowe/db2-for-zowe-cli/node_modules/axios
152 silly ADD node_modules/@zowe/db2-for-zowe-cli/node_modules/asynckit
153 silly ADD node_modules/@zowe/db2-for-zowe-cli/node_modules/adm-zip
154 silly REMOVE node_modules/@zowe/zos-ftp-for-zowe-cli
155 silly REMOVE node_modules/@zowe/zos-ftp-for-zowe-cli/node_modules/zos-node-accessor
156 silly REMOVE node_modules/@zowe/zos-ftp-for-zowe-cli/node_modules/yocto-queue
157 silly REMOVE node_modules/@zowe/zos-ftp-for-zowe-cli/node_modules/yargs-parser
158 silly REMOVE node_modules/@zowe/zos-ftp-for-zowe-cli/node_modules/yargs
159 silly REMOVE node_modules/@zowe/zos-ftp-for-zowe-cli/node_modules/yallist
160 silly REMOVE node_modules/@zowe/zos-ftp-for-zowe-cli/node_modules/y18n
161 silly REMOVE node_modules/@zowe/zos-ftp-for-zowe-cli/node_modules/xregexp
162 silly REMOVE node_modules/@zowe/zos-ftp-for-zowe-cli/node_modules/xmlbuilder
163 silly REMOVE node_modules/@zowe/zos-ftp-for-zowe-cli/node_modules/xml
164 silly REMOVE node_modules/@zowe/zos-ftp-for-zowe-cli/node_modules/write-file-atomic
165 silly REMOVE node_modules/@zowe/zos-ftp-for-zowe-cli/node_modules/wrappy
166 silly REMOVE node_modules/@zowe/zos-ftp-for-zowe-cli/node_modules/wrap-ansi-cjs
167 silly REMOVE node_modules/@zowe/zos-ftp-for-zowe-cli/node_modules/wrap-ansi
168 silly REMOVE node_modules/@zowe/zos-ftp-for-zowe-cli/node_modules/word-wrap
169 silly REMOVE node_modules/@zowe/zos-ftp-for-zowe-cli/node_modules/wontache
170 silly REMOVE node_modules/@zowe/zos-ftp-for-zowe-cli/node_modules/which
171 silly REMOVE node_modules/@zowe/zos-ftp-for-zowe-cli/node_modules/wcwidth
172 silly REMOVE node_modules/@zowe/zos-ftp-for-zowe-cli/node_modules/walker
173 silly REMOVE node_modules/@zowe/zos-ftp-for-zowe-cli/node_modules/walkdir
174 silly REMOVE node_modules/@zowe/zos-ftp-for-zowe-cli/node_modules/vscode-textmate
175 silly REMOVE node_modules/@zowe/zos-ftp-for-zowe-cli/node_modules/vscode-oniguruma
176 silly REMOVE node_modules/@zowe/zos-ftp-for-zowe-cli/node_modules/validate-npm-package-name
177 silly REMOVE node_modules/@zowe/zos-ftp-for-zowe-cli/node_modules/validate-npm-package-license
178 silly REMOVE node_modules/@zowe/zos-ftp-for-zowe-cli/node_modules/v8-to-istanbul
179 silly REMOVE node_modules/@zowe/zos-ftp-for-zowe-cli/node_modules/uuid
180 silly REMOVE node_modules/@zowe/zos-ftp-for-zowe-cli/node_modules/util-deprecate
181 silly REMOVE node_modules/@zowe/zos-ftp-for-zowe-cli/node_modules/uri-js
182 silly REMOVE node_modules/@zowe/zos-ftp-for-zowe-cli/node_modules/update-browserslist-db
183 silly REMOVE node_modules/@zowe/zos-ftp-for-zowe-cli/node_modules/universalify
184 silly REMOVE node_modules/@zowe/zos-ftp-for-zowe-cli/node_modules/unique-slug
185 silly REMOVE node_modules/@zowe/zos-ftp-for-zowe-cli/node_modules/unique-filename
186 silly REMOVE node_modules/@zowe/zos-ftp-for-zowe-cli/node_modules/uniq
187 silly REMOVE node_modules/@zowe/zos-ftp-for-zowe-cli/node_modules/undici-types
188 silly REMOVE node_modules/@zowe/zos-ftp-for-zowe-cli/node_modules/underscore
189 silly REMOVE node_modules/@zowe/zos-ftp-for-zowe-cli/node_modules/uc.micro
190 silly REMOVE node_modules/@zowe/zos-ftp-for-zowe-cli/node_modules/typescript
191 silly REMOVE node_modules/@zowe/zos-ftp-for-zowe-cli/node_modules/typedoc
192 silly REMOVE node_modules/@zowe/zos-ftp-for-zowe-cli/node_modules/type-fest
193 silly REMOVE node_modules/@zowe/zos-ftp-for-zowe-cli/node_modules/type-detect
194 silly REMOVE node_modules/@zowe/zos-ftp-for-zowe-cli/node_modules/type-check
195 silly REMOVE node_modules/@zowe/zos-ftp-for-zowe-cli/node_modules/tuf-js
196 silly REMOVE node_modules/@zowe/zos-ftp-for-zowe-cli/node_modules/tsutils
197 silly REMOVE node_modules/@zowe/zos-ftp-for-zowe-cli/node_modules/tslib
198 silly REMOVE node_modules/@zowe/zos-ftp-for-zowe-cli/node_modules/tsconfig-paths
199 silly REMOVE node_modules/@zowe/zos-ftp-for-zowe-cli/node_modules/tsconfig-paths/node_modules/strip-bom
200 silly REMOVE node_modules/@zowe/zos-ftp-for-zowe-cli/node_modules/tsconfig-paths/node_modules/json5
201 silly REMOVE node_modules/@zowe/zos-ftp-for-zowe-cli/node_modules/ts-jest
202 silly REMOVE node_modules/@zowe/zos-ftp-for-zowe-cli/node_modules/ts-graphviz
203 silly REMOVE node_modules/@zowe/zos-ftp-for-zowe-cli/node_modules/ts-api-utils
204 silly REMOVE node_modules/@zowe/zos-ftp-for-zowe-cli/node_modules/to-regex-range
205 silly REMOVE node_modules/@zowe/zos-ftp-for-zowe-cli/node_modules/to-fast-properties
206 silly REMOVE node_modules/@zowe/zos-ftp-for-zowe-cli/node_modules/tmpl
207 silly REMOVE node_modules/@zowe/zos-ftp-for-zowe-cli/node_modules/text-table
208 silly REMOVE node_modules/@zowe/zos-ftp-for-zowe-cli/node_modules/test-exclude
209 silly REMOVE node_modules/@zowe/zos-ftp-for-zowe-cli/node_modules/test-exclude/node_modules/minimatch
210 silly REMOVE node_modules/@zowe/zos-ftp-for-zowe-cli/node_modules/test-exclude/node_modules/brace-expansion
211 silly REMOVE node_modules/@zowe/zos-ftp-for-zowe-cli/node_modules/tar
212 silly REMOVE node_modules/@zowe/zos-ftp-for-zowe-cli/node_modules/tar/node_modules/yallist
213 silly REMOVE node_modules/@zowe/zos-ftp-for-zowe-cli/node_modules/tar/node_modules/minipass
214 silly REMOVE node_modules/@zowe/zos-ftp-for-zowe-cli/node_modules/tar/node_modules/fs-minipass
215 silly REMOVE node_modules/@zowe/zos-ftp-for-zowe-cli/node_modules/tar/node_modules/fs-minipass/node_modules/minipass
216 silly REMOVE node_modules/@zowe/zos-ftp-for-zowe-cli/node_modules/tapable
217 silly REMOVE node_modules/@zowe/zos-ftp-for-zowe-cli/node_modules/supports-preserve-symlinks-flag
218 silly REMOVE node_modules/@zowe/zos-ftp-for-zowe-cli/node_modules/supports-color
219 silly REMOVE node_modules/@zowe/zos-ftp-for-zowe-cli/node_modules/stylus-lookup
220 silly REMOVE node_modules/@zowe/zos-ftp-for-zowe-cli/node_modules/stylus-lookup/node_modules/commander
221 silly REMOVE node_modules/@zowe/zos-ftp-for-zowe-cli/node_modules/strip-json-comments
222 silly REMOVE node_modules/@zowe/zos-ftp-for-zowe-cli/node_modules/strip-final-newline
223 silly REMOVE node_modules/@zowe/zos-ftp-for-zowe-cli/node_modules/strip-bom
224 silly REMOVE node_modules/@zowe/zos-ftp-for-zowe-cli/node_modules/strip-ansi-cjs
225 silly REMOVE node_modules/@zowe/zos-ftp-for-zowe-cli/node_modules/strip-ansi
226 silly REMOVE node_modules/@zowe/zos-ftp-for-zowe-cli/node_modules/stringify-object
227 silly REMOVE node_modules/@zowe/zos-ftp-for-zowe-cli/node_modules/string-width-cjs
228 silly REMOVE node_modules/@zowe/zos-ftp-for-zowe-cli/node_modules/string-width
229 silly REMOVE node_modules/@zowe/zos-ftp-for-zowe-cli/node_modules/string-length
230 silly REMOVE node_modules/@zowe/zos-ftp-for-zowe-cli/node_modules/string_decoder
231 silly REMOVE node_modules/@zowe/zos-ftp-for-zowe-cli/node_modules/streamroller
232 silly REMOVE node_modules/@zowe/zos-ftp-for-zowe-cli/node_modules/streamroller/node_modules/universalify
233 silly REMOVE node_modules/@zowe/zos-ftp-for-zowe-cli/node_modules/streamroller/node_modules/jsonfile
234 silly REMOVE node_modules/@zowe/zos-ftp-for-zowe-cli/node_modules/streamroller/node_modules/fs-extra
235 silly REMOVE node_modules/@zowe/zos-ftp-for-zowe-cli/node_modules/stream-to-array
236 silly REMOVE node_modules/@zowe/zos-ftp-for-zowe-cli/node_modules/stack-utils
237 silly REMOVE node_modules/@zowe/zos-ftp-for-zowe-cli/node_modules/stack-utils/node_modules/escape-string-regexp
238 silly REMOVE node_modules/@zowe/zos-ftp-for-zowe-cli/node_modules/stack-trace
239 silly REMOVE node_modules/@zowe/zos-ftp-for-zowe-cli/node_modules/ssri
240 silly REMOVE node_modules/@zowe/zos-ftp-for-zowe-cli/node_modules/sprintf-js
241 silly REMOVE node_modules/@zowe/zos-ftp-for-zowe-cli/node_modules/spdx-license-ids
242 silly REMOVE node_modules/@zowe/zos-ftp-for-zowe-cli/node_modules/spdx-expression-parse
243 silly REMOVE node_modules/@zowe/zos-ftp-for-zowe-cli/node_modules/spdx-exceptions
244 silly REMOVE node_modules/@zowe/zos-ftp-for-zowe-cli/node_modules/spdx-correct
245 silly REMOVE node_modules/@zowe/zos-ftp-for-zowe-cli/node_modules/source-map-support
246 silly REMOVE node_modules/@zowe/zos-ftp-for-zowe-cli/node_modules/source-map-js
247 silly REMOVE node_modules/@zowe/zos-ftp-for-zowe-cli/node_modules/source-map
248 silly REMOVE node_modules/@zowe/zos-ftp-for-zowe-cli/node_modules/socks-proxy-agent
249 silly REMOVE node_modules/@zowe/zos-ftp-for-zowe-cli/node_modules/socks
250 silly REMOVE node_modules/@zowe/zos-ftp-for-zowe-cli/node_modules/smart-buffer
251 silly REMOVE node_modules/@zowe/zos-ftp-for-zowe-cli/node_modules/slash
252 silly REMOVE node_modules/@zowe/zos-ftp-for-zowe-cli/node_modules/sisteransi
253 silly REMOVE node_modules/@zowe/zos-ftp-for-zowe-cli/node_modules/sigstore
254 silly REMOVE node_modules/@zowe/zos-ftp-for-zowe-cli/node_modules/signal-exit
255 silly REMOVE node_modules/@zowe/zos-ftp-for-zowe-cli/node_modules/shiki
256 silly REMOVE node_modules/@zowe/zos-ftp-for-zowe-cli/node_modules/shebang-regex
257 silly REMOVE node_modules/@zowe/zos-ftp-for-zowe-cli/node_modules/shebang-command
258 silly REMOVE node_modules/@zowe/zos-ftp-for-zowe-cli/node_modules/semver
259 silly REMOVE node_modules/@zowe/zos-ftp-for-zowe-cli/node_modules/sass-lookup
260 silly REMOVE node_modules/@zowe/zos-ftp-for-zowe-cli/node_modules/sass-lookup/node_modules/commander
261 silly REMOVE node_modules/@zowe/zos-ftp-for-zowe-cli/node_modules/safer-buffer
262 silly REMOVE node_modules/@zowe/zos-ftp-for-zowe-cli/node_modules/safe-buffer
263 silly REMOVE node_modules/@zowe/zos-ftp-for-zowe-cli/node_modules/run-parallel
264 silly REMOVE node_modules/@zowe/zos-ftp-for-zowe-cli/node_modules/rimraf
265 silly REMOVE node_modules/@zowe/zos-ftp-for-zowe-cli/node_modules/rimraf/node_modules/glob
266 silly REMOVE node_modules/@zowe/zos-ftp-for-zowe-cli/node_modules/rfdc
267 silly REMOVE node_modules/@zowe/zos-ftp-for-zowe-cli/node_modules/reusify
268 silly REMOVE node_modules/@zowe/zos-ftp-for-zowe-cli/node_modules/retry
269 silly REMOVE node_modules/@zowe/zos-ftp-for-zowe-cli/node_modules/restore-cursor
270 silly REMOVE node_modules/@zowe/zos-ftp-for-zowe-cli/node_modules/resolve.exports
271 silly REMOVE node_modules/@zowe/zos-ftp-for-zowe-cli/node_modules/resolve-from
272 silly REMOVE node_modules/@zowe/zos-ftp-for-zowe-cli/node_modules/resolve-dependency-path
273 silly REMOVE node_modules/@zowe/zos-ftp-for-zowe-cli/node_modules/resolve-cwd
274 silly REMOVE node_modules/@zowe/zos-ftp-for-zowe-cli/node_modules/resolve-cwd/node_modules/resolve-from
275 silly REMOVE node_modules/@zowe/zos-ftp-for-zowe-cli/node_modules/resolve
276 silly REMOVE node_modules/@zowe/zos-ftp-for-zowe-cli/node_modules/requirejs-config-file
277 silly REMOVE node_modules/@zowe/zos-ftp-for-zowe-cli/node_modules/requirejs
278 silly REMOVE node_modules/@zowe/zos-ftp-for-zowe-cli/node_modules/require-directory
279 silly REMOVE node_modules/@zowe/zos-ftp-for-zowe-cli/node_modules/repeat-string
280 silly REMOVE node_modules/@zowe/zos-ftp-for-zowe-cli/node_modules/readable-stream
281 silly REMOVE node_modules/@zowe/zos-ftp-for-zowe-cli/node_modules/read
282 silly REMOVE node_modules/@zowe/zos-ftp-for-zowe-cli/node_modules/react-is
283 silly REMOVE node_modules/@zowe/zos-ftp-for-zowe-cli/node_modules/rc
284 silly REMOVE node_modules/@zowe/zos-ftp-for-zowe-cli/node_modules/rc/node_modules/strip-json-comments
285 silly REMOVE node_modules/@zowe/zos-ftp-for-zowe-cli/node_modules/rc/node_modules/ini
286 silly REMOVE node_modules/@zowe/zos-ftp-for-zowe-cli/node_modules/quote-unquote
287 silly REMOVE node_modules/@zowe/zos-ftp-for-zowe-cli/node_modules/queue-microtask
288 silly REMOVE node_modules/@zowe/zos-ftp-for-zowe-cli/node_modules/q
289 silly REMOVE node_modules/@zowe/zos-ftp-for-zowe-cli/node_modules/pure-rand
290 silly REMOVE node_modules/@zowe/zos-ftp-for-zowe-cli/node_modules/punycode.js
291 silly REMOVE node_modules/@zowe/zos-ftp-for-zowe-cli/node_modules/punycode
292 silly REMOVE node_modules/@zowe/zos-ftp-for-zowe-cli/node_modules/prompts
293 silly REMOVE node_modules/@zowe/zos-ftp-for-zowe-cli/node_modules/promise-retry
294 silly REMOVE node_modules/@zowe/zos-ftp-for-zowe-cli/node_modules/promise-inflight
295 silly REMOVE node_modules/@zowe/zos-ftp-for-zowe-cli/node_modules/progress
296 silly REMOVE node_modules/@zowe/zos-ftp-for-zowe-cli/node_modules/proc-log
297 silly REMOVE node_modules/@zowe/zos-ftp-for-zowe-cli/node_modules/prettyjson
298 silly REMOVE node_modules/@zowe/zos-ftp-for-zowe-cli/node_modules/pretty-ms
299 silly REMOVE node_modules/@zowe/zos-ftp-for-zowe-cli/node_modules/pretty-format
300 silly REMOVE node_modules/@zowe/zos-ftp-for-zowe-cli/node_modules/pretty-format/node_modules/ansi-styles
301 silly REMOVE node_modules/@zowe/zos-ftp-for-zowe-cli/node_modules/prelude-ls
302 silly REMOVE node_modules/@zowe/zos-ftp-for-zowe-cli/node_modules/precinct
303 silly REMOVE node_modules/@zowe/zos-ftp-for-zowe-cli/node_modules/precinct/node_modules/typescript
304 silly REMOVE node_modules/@zowe/zos-ftp-for-zowe-cli/node_modules/precinct/node_modules/postcss-values-parser
305 silly REMOVE node_modules/@zowe/zos-ftp-for-zowe-cli/node_modules/precinct/node_modules/node-source-walk
306 silly REMOVE node_modules/@zowe/zos-ftp-for-zowe-cli/node_modules/precinct/node_modules/get-amd-module-type
307 silly REMOVE node_modules/@zowe/zos-ftp-for-zowe-cli/node_modules/precinct/node_modules/eslint-visitor-keys
308 silly REMOVE node_modules/@zowe/zos-ftp-for-zowe-cli/node_modules/precinct/node_modules/detective-typescript
309 silly REMOVE node_modules/@zowe/zos-ftp-for-zowe-cli/node_modules/precinct/node_modules/detective-typescript/node_modules/ast-module-types
310 silly REMOVE node_modules/@zowe/zos-ftp-for-zowe-cli/node_modules/precinct/node_modules/detective-stylus
311 silly REMOVE node_modules/@zowe/zos-ftp-for-zowe-cli/node_modules/precinct/node_modules/detective-scss
312 silly REMOVE node_modules/@zowe/zos-ftp-for-zowe-cli/node_modules/precinct/node_modules/detective-sass
313 silly REMOVE node_modules/@zowe/zos-ftp-for-zowe-cli/node_modules/precinct/node_modules/detective-postcss
314 silly REMOVE node_modules/@zowe/zos-ftp-for-zowe-cli/node_modules/precinct/node_modules/detective-es6
315 silly REMOVE node_modules/@zowe/zos-ftp-for-zowe-cli/node_modules/precinct/node_modules/detective-cjs
316 silly REMOVE node_modules/@zowe/zos-ftp-for-zowe-cli/node_modules/precinct/node_modules/detective-amd
317 silly REMOVE node_modules/@zowe/zos-ftp-for-zowe-cli/node_modules/precinct/node_modules/commander
318 silly REMOVE node_modules/@zowe/zos-ftp-for-zowe-cli/node_modules/precinct/node_modules/ast-module-types
319 silly REMOVE node_modules/@zowe/zos-ftp-for-zowe-cli/node_modules/precinct/node_modules/@typescript-eslint/visitor-keys
320 silly REMOVE node_modules/@zowe/zos-ftp-for-zowe-cli/node_modules/precinct/node_modules/@typescript-eslint/typescript-estree
321 silly REMOVE node_modules/@zowe/zos-ftp-for-zowe-cli/node_modules/precinct/node_modules/@typescript-eslint/types
322 silly REMOVE node_modules/@zowe/zos-ftp-for-zowe-cli/node_modules/postcss-values-parser
323 silly REMOVE node_modules/@zowe/zos-ftp-for-zowe-cli/node_modules/postcss
324 silly REMOVE node_modules/@zowe/zos-ftp-for-zowe-cli/node_modules/popper.js
325 silly REMOVE node_modules/@zowe/zos-ftp-for-zowe-cli/node_modules/pluralize
326 silly REMOVE node_modules/@zowe/zos-ftp-for-zowe-cli/node_modules/pkg-up
327 silly REMOVE node_modules/@zowe/zos-ftp-for-zowe-cli/node_modules/pkg-up/node_modules/path-exists
328 silly REMOVE node_modules/@zowe/zos-ftp-for-zowe-cli/node_modules/pkg-up/node_modules/p-locate
329 silly REMOVE node_modules/@zowe/zos-ftp-for-zowe-cli/node_modules/pkg-up/node_modules/p-limit
330 silly REMOVE node_modules/@zowe/zos-ftp-for-zowe-cli/node_modules/pkg-up/node_modules/locate-path
331 silly REMOVE node_modules/@zowe/zos-ftp-for-zowe-cli/node_modules/pkg-up/node_modules/find-up
332 silly REMOVE node_modules/@zowe/zos-ftp-for-zowe-cli/node_modules/pkg-dir
333 silly REMOVE node_modules/@zowe/zos-ftp-for-zowe-cli/node_modules/pkg-dir/node_modules/p-locate
334 silly REMOVE node_modules/@zowe/zos-ftp-for-zowe-cli/node_modules/pkg-dir/node_modules/p-limit
335 silly REMOVE node_modules/@zowe/zos-ftp-for-zowe-cli/node_modules/pkg-dir/node_modules/locate-path
336 silly REMOVE node_modules/@zowe/zos-ftp-for-zowe-cli/node_modules/pkg-dir/node_modules/find-up
337 silly REMOVE node_modules/@zowe/zos-ftp-for-zowe-cli/node_modules/pirates
338 silly REMOVE node_modules/@zowe/zos-ftp-for-zowe-cli/node_modules/picomatch
339 silly REMOVE node_modules/@zowe/zos-ftp-for-zowe-cli/node_modules/picocolors
340 silly REMOVE node_modules/@zowe/zos-ftp-for-zowe-cli/node_modules/path-type
341 silly REMOVE node_modules/@zowe/zos-ftp-for-zowe-cli/node_modules/path-scurry
342 silly REMOVE node_modules/@zowe/zos-ftp-for-zowe-cli/node_modules/path-scurry/node_modules/lru-cache
343 silly REMOVE node_modules/@zowe/zos-ftp-for-zowe-cli/node_modules/path-parse
344 silly REMOVE node_modules/@zowe/zos-ftp-for-zowe-cli/node_modules/path-key
345 silly REMOVE node_modules/@zowe/zos-ftp-for-zowe-cli/node_modules/path-is-absolute
346 silly REMOVE node_modules/@zowe/zos-ftp-for-zowe-cli/node_modules/path-exists
347 silly REMOVE node_modules/@zowe/zos-ftp-for-zowe-cli/node_modules/parse-ms
348 silly REMOVE node_modules/@zowe/zos-ftp-for-zowe-cli/node_modules/parse-json
349 silly REMOVE node_modules/@zowe/zos-ftp-for-zowe-cli/node_modules/parse-json/node_modules/json-parse-even-better-errors
350 silly REMOVE node_modules/@zowe/zos-ftp-for-zowe-cli/node_modules/parent-module
351 silly REMOVE node_modules/@zowe/zos-ftp-for-zowe-cli/node_modules/pacote
352 silly REMOVE node_modules/@zowe/zos-ftp-for-zowe-cli/node_modules/package-json-from-dist
353 silly REMOVE node_modules/@zowe/zos-ftp-for-zowe-cli/node_modules/p-try
354 silly REMOVE node_modules/@zowe/zos-ftp-for-zowe-cli/node_modules/p-map
355 silly REMOVE node_modules/@zowe/zos-ftp-for-zowe-cli/node_modules/p-locate
356 silly REMOVE node_modules/@zowe/zos-ftp-for-zowe-cli/node_modules/p-limit
357 silly REMOVE node_modules/@zowe/zos-ftp-for-zowe-cli/node_modules/ora
358 silly REMOVE node_modules/@zowe/zos-ftp-for-zowe-cli/node_modules/optionator
359 silly REMOVE node_modules/@zowe/zos-ftp-for-zowe-cli/node_modules/opener
360 silly REMOVE node_modules/@zowe/zos-ftp-for-zowe-cli/node_modules/onetime
361 silly REMOVE node_modules/@zowe/zos-ftp-for-zowe-cli/node_modules/once
362 silly REMOVE node_modules/@zowe/zos-ftp-for-zowe-cli/node_modules/npm-run-path
363 silly REMOVE node_modules/@zowe/zos-ftp-for-zowe-cli/node_modules/npm-registry-fetch
364 silly REMOVE node_modules/@zowe/zos-ftp-for-zowe-cli/node_modules/npm-pick-manifest
365 silly REMOVE node_modules/@zowe/zos-ftp-for-zowe-cli/node_modules/npm-packlist
366 silly REMOVE node_modules/@zowe/zos-ftp-for-zowe-cli/node_modules/npm-package-arg
367 silly REMOVE node_modules/@zowe/zos-ftp-for-zowe-cli/node_modules/npm-normalize-package-bin
368 silly REMOVE node_modules/@zowe/zos-ftp-for-zowe-cli/node_modules/npm-install-checks
369 silly REMOVE node_modules/@zowe/zos-ftp-for-zowe-cli/node_modules/npm-bundled
370 silly REMOVE node_modules/@zowe/zos-ftp-for-zowe-cli/node_modules/normalize-path
371 silly REMOVE node_modules/@zowe/zos-ftp-for-zowe-cli/node_modules/normalize-package-data
372 silly REMOVE node_modules/@zowe/zos-ftp-for-zowe-cli/node_modules/nopt
373 silly REMOVE node_modules/@zowe/zos-ftp-for-zowe-cli/node_modules/node-source-walk
374 silly REMOVE node_modules/@zowe/zos-ftp-for-zowe-cli/node_modules/node-releases
375 silly REMOVE node_modules/@zowe/zos-ftp-for-zowe-cli/node_modules/node-int64
376 silly REMOVE node_modules/@zowe/zos-ftp-for-zowe-cli/node_modules/node-gyp
377 silly REMOVE node_modules/@zowe/zos-ftp-for-zowe-cli/node_modules/node-gyp/node_modules/glob
378 silly REMOVE node_modules/@zowe/zos-ftp-for-zowe-cli/node_modules/negotiator
379 silly REMOVE node_modules/@zowe/zos-ftp-for-zowe-cli/node_modules/natural-compare
380 silly REMOVE node_modules/@zowe/zos-ftp-for-zowe-cli/node_modules/nanoid
381 silly REMOVE node_modules/@zowe/zos-ftp-for-zowe-cli/node_modules/mute-stream
382 silly REMOVE node_modules/@zowe/zos-ftp-for-zowe-cli/node_modules/mustache
383 silly REMOVE node_modules/@zowe/zos-ftp-for-zowe-cli/node_modules/ms
384 silly REMOVE node_modules/@zowe/zos-ftp-for-zowe-cli/node_modules/moment
385 silly REMOVE node_modules/@zowe/zos-ftp-for-zowe-cli/node_modules/module-lookup-amd
386 silly REMOVE node_modules/@zowe/zos-ftp-for-zowe-cli/node_modules/module-lookup-amd/node_modules/commander
387 silly REMOVE node_modules/@zowe/zos-ftp-for-zowe-cli/node_modules/module-definition
388 silly REMOVE node_modules/@zowe/zos-ftp-for-zowe-cli/node_modules/module-definition/node_modules/node-source-walk
389 silly REMOVE node_modules/@zowe/zos-ftp-for-zowe-cli/node_modules/module-definition/node_modules/ast-module-types
390 silly REMOVE node_modules/@zowe/zos-ftp-for-zowe-cli/node_modules/mkdirp
391 silly REMOVE node_modules/@zowe/zos-ftp-for-zowe-cli/node_modules/minizlib
392 silly REMOVE node_modules/@zowe/zos-ftp-for-zowe-cli/node_modules/minizlib/node_modules/yallist
393 silly REMOVE node_modules/@zowe/zos-ftp-for-zowe-cli/node_modules/minizlib/node_modules/minipass
394 silly REMOVE node_modules/@zowe/zos-ftp-for-zowe-cli/node_modules/minipass-sized
395 silly REMOVE node_modules/@zowe/zos-ftp-for-zowe-cli/node_modules/minipass-sized/node_modules/yallist
396 silly REMOVE node_modules/@zowe/zos-ftp-for-zowe-cli/node_modules/minipass-sized/node_modules/minipass
397 silly REMOVE node_modules/@zowe/zos-ftp-for-zowe-cli/node_modules/minipass-pipeline
398 silly REMOVE node_modules/@zowe/zos-ftp-for-zowe-cli/node_modules/minipass-pipeline/node_modules/yallist
399 silly REMOVE node_modules/@zowe/zos-ftp-for-zowe-cli/node_modules/minipass-pipeline/node_modules/minipass
400 silly REMOVE node_modules/@zowe/zos-ftp-for-zowe-cli/node_modules/minipass-flush
401 silly REMOVE node_modules/@zowe/zos-ftp-for-zowe-cli/node_modules/minipass-flush/node_modules/yallist
402 silly REMOVE node_modules/@zowe/zos-ftp-for-zowe-cli/node_modules/minipass-flush/node_modules/minipass
403 silly REMOVE node_modules/@zowe/zos-ftp-for-zowe-cli/node_modules/minipass-fetch
404 silly REMOVE node_modules/@zowe/zos-ftp-for-zowe-cli/node_modules/minipass-collect
405 silly REMOVE node_modules/@zowe/zos-ftp-for-zowe-cli/node_modules/minipass
406 silly REMOVE node_modules/@zowe/zos-ftp-for-zowe-cli/node_modules/minimist
407 silly REMOVE node_modules/@zowe/zos-ftp-for-zowe-cli/node_modules/minimatch
408 silly REMOVE node_modules/@zowe/zos-ftp-for-zowe-cli/node_modules/mimic-fn
409 silly REMOVE node_modules/@zowe/zos-ftp-for-zowe-cli/node_modules/micromatch
410 silly REMOVE node_modules/@zowe/zos-ftp-for-zowe-cli/node_modules/merge2
411 silly REMOVE node_modules/@zowe/zos-ftp-for-zowe-cli/node_modules/merge-stream
412 silly REMOVE node_modules/@zowe/zos-ftp-for-zowe-cli/node_modules/mdurl
413 silly REMOVE node_modules/@zowe/zos-ftp-for-zowe-cli/node_modules/marked
414 silly REMOVE node_modules/@zowe/zos-ftp-for-zowe-cli/node_modules/markdown-it
415 silly REMOVE node_modules/@zowe/zos-ftp-for-zowe-cli/node_modules/makeerror
416 silly REMOVE node_modules/@zowe/zos-ftp-for-zowe-cli/node_modules/make-fetch-happen
417 silly REMOVE node_modules/@zowe/zos-ftp-for-zowe-cli/node_modules/make-error
418 silly REMOVE node_modules/@zowe/zos-ftp-for-zowe-cli/node_modules/make-dir
419 silly REMOVE node_modules/@zowe/zos-ftp-for-zowe-cli/node_modules/madge
420 silly REMOVE node_modules/@zowe/zos-ftp-for-zowe-cli/node_modules/madge/node_modules/commander
421 silly REMOVE node_modules/@zowe/zos-ftp-for-zowe-cli/node_modules/lunr
422 silly REMOVE node_modules/@zowe/zos-ftp-for-zowe-cli/node_modules/lru-cache
423 silly REMOVE node_modules/@zowe/zos-ftp-for-zowe-cli/node_modules/log4js
424 silly REMOVE node_modules/@zowe/zos-ftp-for-zowe-cli/node_modules/log-symbols
425 silly REMOVE node_modules/@zowe/zos-ftp-for-zowe-cli/node_modules/lodash.merge
426 silly REMOVE node_modules/@zowe/zos-ftp-for-zowe-cli/node_modules/lodash.memoize
427 silly REMOVE node_modules/@zowe/zos-ftp-for-zowe-cli/node_modules/lodash-deep
428 silly REMOVE node_modules/@zowe/zos-ftp-for-zowe-cli/node_modules/lodash
429 silly REMOVE node_modules/@zowe/zos-ftp-for-zowe-cli/node_modules/locate-path
430 silly REMOVE node_modules/@zowe/zos-ftp-for-zowe-cli/node_modules/linkify-it
431 silly REMOVE node_modules/@zowe/zos-ftp-for-zowe-cli/node_modules/lines-and-columns
432 silly REMOVE node_modules/@zowe/zos-ftp-for-zowe-cli/node_modules/levn
433 silly REMOVE node_modules/@zowe/zos-ftp-for-zowe-cli/node_modules/leven
434 silly REMOVE node_modules/@zowe/zos-ftp-for-zowe-cli/node_modules/kleur
435 silly REMOVE node_modules/@zowe/zos-ftp-for-zowe-cli/node_modules/keyv
436 silly REMOVE node_modules/@zowe/zos-ftp-for-zowe-cli/node_modules/jsonschema
437 silly REMOVE node_modules/@zowe/zos-ftp-for-zowe-cli/node_modules/jsonparse
438 silly REMOVE node_modules/@zowe/zos-ftp-for-zowe-cli/node_modules/jsonfile
439 silly REMOVE node_modules/@zowe/zos-ftp-for-zowe-cli/node_modules/jsonc-parser
440 silly REMOVE node_modules/@zowe/zos-ftp-for-zowe-cli/node_modules/json5
441 silly REMOVE node_modules/@zowe/zos-ftp-for-zowe-cli/node_modules/json-stable-stringify-without-jsonify
442 silly REMOVE node_modules/@zowe/zos-ftp-for-zowe-cli/node_modules/json-schema-traverse
443 silly REMOVE node_modules/@zowe/zos-ftp-for-zowe-cli/node_modules/json-parse-even-better-errors
444 silly REMOVE node_modules/@zowe/zos-ftp-for-zowe-cli/node_modules/json-buffer
445 silly REMOVE node_modules/@zowe/zos-ftp-for-zowe-cli/node_modules/jsesc
446 silly REMOVE node_modules/@zowe/zos-ftp-for-zowe-cli/node_modules/jsbn
447 silly REMOVE node_modules/@zowe/zos-ftp-for-zowe-cli/node_modules/js-yaml
448 silly REMOVE node_modules/@zowe/zos-ftp-for-zowe-cli/node_modules/js-tokens
449 silly REMOVE node_modules/@zowe/zos-ftp-for-zowe-cli/node_modules/jquery
450 silly REMOVE node_modules/@zowe/zos-ftp-for-zowe-cli/node_modules/jest-worker
451 silly REMOVE node_modules/@zowe/zos-ftp-for-zowe-cli/node_modules/jest-worker/node_modules/supports-color
452 silly REMOVE node_modules/@zowe/zos-ftp-for-zowe-cli/node_modules/jest-watcher
453 silly REMOVE node_modules/@zowe/zos-ftp-for-zowe-cli/node_modules/jest-validate
454 silly REMOVE node_modules/@zowe/zos-ftp-for-zowe-cli/node_modules/jest-validate/node_modules/camelcase
455 silly REMOVE node_modules/@zowe/zos-ftp-for-zowe-cli/node_modules/jest-util
456 silly REMOVE node_modules/@zowe/zos-ftp-for-zowe-cli/node_modules/jest-stare
457 silly REMOVE node_modules/@zowe/zos-ftp-for-zowe-cli/node_modules/jest-stare/node_modules/highlight.js
458 silly REMOVE node_modules/@zowe/zos-ftp-for-zowe-cli/node_modules/jest-stare/node_modules/diff2html
459 silly REMOVE node_modules/@zowe/zos-ftp-for-zowe-cli/node_modules/jest-stare/node_modules/diff
460 silly REMOVE node_modules/@zowe/zos-ftp-for-zowe-cli/node_modules/jest-snapshot
461 silly REMOVE node_modules/@zowe/zos-ftp-for-zowe-cli/node_modules/jest-runtime
462 silly REMOVE node_modules/@zowe/zos-ftp-for-zowe-cli/node_modules/jest-runner
463 silly REMOVE node_modules/@zowe/zos-ftp-for-zowe-cli/node_modules/jest-resolve-dependencies
464 silly REMOVE node_modules/@zowe/zos-ftp-for-zowe-cli/node_modules/jest-resolve
465 silly REMOVE node_modules/@zowe/zos-ftp-for-zowe-cli/node_modules/jest-regex-util
466 silly REMOVE node_modules/@zowe/zos-ftp-for-zowe-cli/node_modules/jest-pnp-resolver
467 silly REMOVE node_modules/@zowe/zos-ftp-for-zowe-cli/node_modules/jest-mock
468 silly REMOVE node_modules/@zowe/zos-ftp-for-zowe-cli/node_modules/jest-message-util
469 silly REMOVE node_modules/@zowe/zos-ftp-for-zowe-cli/node_modules/jest-matcher-utils
470 silly REMOVE node_modules/@zowe/zos-ftp-for-zowe-cli/node_modules/jest-leak-detector
471 silly REMOVE node_modules/@zowe/zos-ftp-for-zowe-cli/node_modules/jest-junit
472 silly REMOVE node_modules/@zowe/zos-ftp-for-zowe-cli/node_modules/jest-junit/node_modules/uuid
473 silly REMOVE node_modules/@zowe/zos-ftp-for-zowe-cli/node_modules/jest-html-reporter
474 silly REMOVE node_modules/@zowe/zos-ftp-for-zowe-cli/node_modules/jest-haste-map
475 silly REMOVE node_modules/@zowe/zos-ftp-for-zowe-cli/node_modules/jest-get-type
476 silly REMOVE node_modules/@zowe/zos-ftp-for-zowe-cli/node_modules/jest-environment-node-debug
477 silly REMOVE node_modules/@zowe/zos-ftp-for-zowe-cli/node_modules/jest-environment-node
478 silly REMOVE node_modules/@zowe/zos-ftp-for-zowe-cli/node_modules/jest-each
479 silly REMOVE node_modules/@zowe/zos-ftp-for-zowe-cli/node_modules/jest-docblock
480 silly REMOVE node_modules/@zowe/zos-ftp-for-zowe-cli/node_modules/jest-diff
481 silly REMOVE node_modules/@zowe/zos-ftp-for-zowe-cli/node_modules/jest-config
482 silly REMOVE node_modules/@zowe/zos-ftp-for-zowe-cli/node_modules/jest-cli
483 silly REMOVE node_modules/@zowe/zos-ftp-for-zowe-cli/node_modules/jest-circus
484 silly REMOVE node_modules/@zowe/zos-ftp-for-zowe-cli/node_modules/jest-changed-files
485 silly REMOVE node_modules/@zowe/zos-ftp-for-zowe-cli/node_modules/jest
486 silly REMOVE node_modules/@zowe/zos-ftp-for-zowe-cli/node_modules/jake
487 silly REMOVE node_modules/@zowe/zos-ftp-for-zowe-cli/node_modules/jake/node_modules/minimatch
488 silly REMOVE node_modules/@zowe/zos-ftp-for-zowe-cli/node_modules/jake/node_modules/brace-expansion
489 silly REMOVE node_modules/@zowe/zos-ftp-for-zowe-cli/node_modules/jackspeak
490 silly REMOVE node_modules/@zowe/zos-ftp-for-zowe-cli/node_modules/istanbul-reports
491 silly REMOVE node_modules/@zowe/zos-ftp-for-zowe-cli/node_modules/istanbul-lib-source-maps
492 silly REMOVE node_modules/@zowe/zos-ftp-for-zowe-cli/node_modules/istanbul-lib-report
493 silly REMOVE node_modules/@zowe/zos-ftp-for-zowe-cli/node_modules/istanbul-lib-instrument
494 silly REMOVE node_modules/@zowe/zos-ftp-for-zowe-cli/node_modules/istanbul-lib-coverage
495 silly REMOVE node_modules/@zowe/zos-ftp-for-zowe-cli/node_modules/isexe
496 silly REMOVE node_modules/@zowe/zos-ftp-for-zowe-cli/node_modules/isarray
497 silly REMOVE node_modules/@zowe/zos-ftp-for-zowe-cli/node_modules/is-url-superb
498 silly REMOVE node_modules/@zowe/zos-ftp-for-zowe-cli/node_modules/is-url
499 silly REMOVE node_modules/@zowe/zos-ftp-for-zowe-cli/node_modules/is-unicode-supported
500 silly REMOVE node_modules/@zowe/zos-ftp-for-zowe-cli/node_modules/is-stream
501 silly REMOVE node_modules/@zowe/zos-ftp-for-zowe-cli/node_modules/is-relative-path
502 silly REMOVE node_modules/@zowe/zos-ftp-for-zowe-cli/node_modules/is-regexp
503 silly REMOVE node_modules/@zowe/zos-ftp-for-zowe-cli/node_modules/is-path-inside
504 silly REMOVE node_modules/@zowe/zos-ftp-for-zowe-cli/node_modules/is-obj
505 silly REMOVE node_modules/@zowe/zos-ftp-for-zowe-cli/node_modules/is-number
506 silly REMOVE node_modules/@zowe/zos-ftp-for-zowe-cli/node_modules/is-lambda
507 silly REMOVE node_modules/@zowe/zos-ftp-for-zowe-cli/node_modules/is-interactive
508 silly REMOVE node_modules/@zowe/zos-ftp-for-zowe-cli/node_modules/is-glob
509 silly REMOVE node_modules/@zowe/zos-ftp-for-zowe-cli/node_modules/is-generator-fn
510 silly REMOVE node_modules/@zowe/zos-ftp-for-zowe-cli/node_modules/is-fullwidth-code-point
511 silly REMOVE node_modules/@zowe/zos-ftp-for-zowe-cli/node_modules/is-extglob
512 silly REMOVE node_modules/@zowe/zos-ftp-for-zowe-cli/node_modules/is-core-module
513 silly REMOVE node_modules/@zowe/zos-ftp-for-zowe-cli/node_modules/is-arrayish
514 silly REMOVE node_modules/@zowe/zos-ftp-for-zowe-cli/node_modules/ip-address
515 silly REMOVE node_modules/@zowe/zos-ftp-for-zowe-cli/node_modules/ini
516 silly REMOVE node_modules/@zowe/zos-ftp-for-zowe-cli/node_modules/inherits
517 silly REMOVE node_modules/@zowe/zos-ftp-for-zowe-cli/node_modules/inflight
518 silly REMOVE node_modules/@zowe/zos-ftp-for-zowe-cli/node_modules/indexes-of
519 silly REMOVE node_modules/@zowe/zos-ftp-for-zowe-cli/node_modules/indent-string
520 silly REMOVE node_modules/@zowe/zos-ftp-for-zowe-cli/node_modules/imurmurhash
521 silly REMOVE node_modules/@zowe/zos-ftp-for-zowe-cli/node_modules/import-local
522 silly REMOVE node_modules/@zowe/zos-ftp-for-zowe-cli/node_modules/import-fresh
523 silly REMOVE node_modules/@zowe/zos-ftp-for-zowe-cli/node_modules/ignore-walk
524 silly REMOVE node_modules/@zowe/zos-ftp-for-zowe-cli/node_modules/ignore
525 silly REMOVE node_modules/@zowe/zos-ftp-for-zowe-cli/node_modules/ieee754
526 silly REMOVE node_modules/@zowe/zos-ftp-for-zowe-cli/node_modules/iconv-lite
527 silly REMOVE node_modules/@zowe/zos-ftp-for-zowe-cli/node_modules/human-signals
528 silly REMOVE node_modules/@zowe/zos-ftp-for-zowe-cli/node_modules/https-proxy-agent
529 silly REMOVE node_modules/@zowe/zos-ftp-for-zowe-cli/node_modules/http-proxy-agent
530 silly REMOVE node_modules/@zowe/zos-ftp-for-zowe-cli/node_modules/http-cache-semantics
531 silly REMOVE node_modules/@zowe/zos-ftp-for-zowe-cli/node_modules/html-escaper
532 silly REMOVE node_modules/@zowe/zos-ftp-for-zowe-cli/node_modules/hosted-git-info
533 silly REMOVE node_modules/@zowe/zos-ftp-for-zowe-cli/node_modules/hosted-git-info/node_modules/lru-cache
534 silly REMOVE node_modules/@zowe/zos-ftp-for-zowe-cli/node_modules/holderjs
535 silly REMOVE node_modules/@zowe/zos-ftp-for-zowe-cli/node_modules/hogan.js
536 silly REMOVE node_modules/@zowe/zos-ftp-for-zowe-cli/node_modules/hogan.js/node_modules/nopt
537 silly REMOVE node_modules/@zowe/zos-ftp-for-zowe-cli/node_modules/hogan.js/node_modules/mkdirp
538 silly REMOVE node_modules/@zowe/zos-ftp-for-zowe-cli/node_modules/hogan.js/node_modules/abbrev
539 silly REMOVE node_modules/@zowe/zos-ftp-for-zowe-cli/node_modules/highlight.js
540 silly REMOVE node_modules/@zowe/zos-ftp-for-zowe-cli/node_modules/hasown
541 silly REMOVE node_modules/@zowe/zos-ftp-for-zowe-cli/node_modules/has-own-prop
542 silly REMOVE node_modules/@zowe/zos-ftp-for-zowe-cli/node_modules/has-flag
543 silly REMOVE node_modules/@zowe/zos-ftp-for-zowe-cli/node_modules/graphemer
544 silly REMOVE node_modules/@zowe/zos-ftp-for-zowe-cli/node_modules/graceful-fs
545 silly REMOVE node_modules/@zowe/zos-ftp-for-zowe-cli/node_modules/gonzales-pe
546 silly REMOVE node_modules/@zowe/zos-ftp-for-zowe-cli/node_modules/globby
547 silly REMOVE node_modules/@zowe/zos-ftp-for-zowe-cli/node_modules/globals
548 silly REMOVE node_modules/@zowe/zos-ftp-for-zowe-cli/node_modules/glob-parent
549 silly REMOVE node_modules/@zowe/zos-ftp-for-zowe-cli/node_modules/glob
550 silly REMOVE node_modules/@zowe/zos-ftp-for-zowe-cli/node_modules/glob/node_modules/minimatch
551 silly REMOVE node_modules/@zowe/zos-ftp-for-zowe-cli/node_modules/glob/node_modules/brace-expansion
552 silly REMOVE node_modules/@zowe/zos-ftp-for-zowe-cli/node_modules/get-stream
553 silly REMOVE node_modules/@zowe/zos-ftp-for-zowe-cli/node_modules/get-package-type
554 silly REMOVE node_modules/@zowe/zos-ftp-for-zowe-cli/node_modules/get-own-enumerable-property-symbols
555 silly REMOVE node_modules/@zowe/zos-ftp-for-zowe-cli/node_modules/get-caller-file
556 silly REMOVE node_modules/@zowe/zos-ftp-for-zowe-cli/node_modules/get-amd-module-type
557 silly REMOVE node_modules/@zowe/zos-ftp-for-zowe-cli/node_modules/gensync
558 silly REMOVE node_modules/@zowe/zos-ftp-for-zowe-cli/node_modules/function-bind
559 silly REMOVE node_modules/@zowe/zos-ftp-for-zowe-cli/node_modules/ftp4
560 silly REMOVE node_modules/@zowe/zos-ftp-for-zowe-cli/node_modules/ftp4/node_modules/string_decoder
561 silly REMOVE node_modules/@zowe/zos-ftp-for-zowe-cli/node_modules/ftp4/node_modules/readable-stream
562 silly REMOVE node_modules/@zowe/zos-ftp-for-zowe-cli/node_modules/fs.realpath
563 silly REMOVE node_modules/@zowe/zos-ftp-for-zowe-cli/node_modules/fs-minipass
564 silly REMOVE node_modules/@zowe/zos-ftp-for-zowe-cli/node_modules/fs-extra
565 silly REMOVE node_modules/@zowe/zos-ftp-for-zowe-cli/node_modules/foreground-child
566 silly REMOVE node_modules/@zowe/zos-ftp-for-zowe-cli/node_modules/foreground-child/node_modules/signal-exit
567 silly REMOVE node_modules/@zowe/zos-ftp-for-zowe-cli/node_modules/flatten
568 silly REMOVE node_modules/@zowe/zos-ftp-for-zowe-cli/node_modules/flatted
569 silly REMOVE node_modules/@zowe/zos-ftp-for-zowe-cli/node_modules/flat-cache
570 silly REMOVE node_modules/@zowe/zos-ftp-for-zowe-cli/node_modules/flat-cache/node_modules/rimraf
571 silly REMOVE node_modules/@zowe/zos-ftp-for-zowe-cli/node_modules/find-up
572 silly REMOVE node_modules/@zowe/zos-ftp-for-zowe-cli/node_modules/fill-range
573 silly REMOVE node_modules/@zowe/zos-ftp-for-zowe-cli/node_modules/filing-cabinet
574 silly REMOVE node_modules/@zowe/zos-ftp-for-zowe-cli/node_modules/filing-cabinet/node_modules/typescript
575 silly REMOVE node_modules/@zowe/zos-ftp-for-zowe-cli/node_modules/filing-cabinet/node_modules/commander
576 silly REMOVE node_modules/@zowe/zos-ftp-for-zowe-cli/node_modules/filelist
577 silly REMOVE node_modules/@zowe/zos-ftp-for-zowe-cli/node_modules/filelist/node_modules/minimatch
578 silly REMOVE node_modules/@zowe/zos-ftp-for-zowe-cli/node_modules/file-entry-cache
579 silly REMOVE node_modules/@zowe/zos-ftp-for-zowe-cli/node_modules/fb-watchman
580 silly REMOVE node_modules/@zowe/zos-ftp-for-zowe-cli/node_modules/fastq
581 silly REMOVE node_modules/@zowe/zos-ftp-for-zowe-cli/node_modules/fastest-levenshtein
582 silly REMOVE node_modules/@zowe/zos-ftp-for-zowe-cli/node_modules/fast-levenshtein
583 silly REMOVE node_modules/@zowe/zos-ftp-for-zowe-cli/node_modules/fast-json-stable-stringify
584 silly REMOVE node_modules/@zowe/zos-ftp-for-zowe-cli/node_modules/fast-glob
585 silly REMOVE node_modules/@zowe/zos-ftp-for-zowe-cli/node_modules/fast-glob/node_modules/glob-parent
586 silly REMOVE node_modules/@zowe/zos-ftp-for-zowe-cli/node_modules/fast-deep-equal
587 silly REMOVE node_modules/@zowe/zos-ftp-for-zowe-cli/node_modules/exponential-backoff
588 silly REMOVE node_modules/@zowe/zos-ftp-for-zowe-cli/node_modules/expect
589 silly REMOVE node_modules/@zowe/zos-ftp-for-zowe-cli/node_modules/exit
590 silly REMOVE node_modules/@zowe/zos-ftp-for-zowe-cli/node_modules/execa
591 silly REMOVE node_modules/@zowe/zos-ftp-for-zowe-cli/node_modules/esutils
592 silly REMOVE node_modules/@zowe/zos-ftp-for-zowe-cli/node_modules/estraverse
593 silly REMOVE node_modules/@zowe/zos-ftp-for-zowe-cli/node_modules/esrecurse
594 silly REMOVE node_modules/@zowe/zos-ftp-for-zowe-cli/node_modules/esquery
595 silly REMOVE node_modules/@zowe/zos-ftp-for-zowe-cli/node_modules/esprima
596 silly REMOVE node_modules/@zowe/zos-ftp-for-zowe-cli/node_modules/espree
597 silly REMOVE node_modules/@zowe/zos-ftp-for-zowe-cli/node_modules/eslint-visitor-keys
598 silly REMOVE node_modules/@zowe/zos-ftp-for-zowe-cli/node_modules/eslint-scope
599 silly REMOVE node_modules/@zowe/zos-ftp-for-zowe-cli/node_modules/eslint-rule-composer
600 silly REMOVE node_modules/@zowe/zos-ftp-for-zowe-cli/node_modules/eslint-plugin-unused-imports
601 silly REMOVE node_modules/@zowe/zos-ftp-for-zowe-cli/node_modules/eslint-plugin-jest
602 silly REMOVE node_modules/@zowe/zos-ftp-for-zowe-cli/node_modules/eslint-plugin-jest/node_modules/estraverse
603 silly REMOVE node_modules/@zowe/zos-ftp-for-zowe-cli/node_modules/eslint-plugin-jest/node_modules/eslint-scope
604 silly REMOVE node_modules/@zowe/zos-ftp-for-zowe-cli/node_modules/eslint-plugin-jest/node_modules/@typescript-eslint/visitor-keys
605 silly REMOVE node_modules/@zowe/zos-ftp-for-zowe-cli/node_modules/eslint-plugin-jest/node_modules/@typescript-eslint/utils
606 silly REMOVE node_modules/@zowe/zos-ftp-for-zowe-cli/node_modules/eslint-plugin-jest/node_modules/@typescript-eslint/typescript-estree
607 silly REMOVE node_modules/@zowe/zos-ftp-for-zowe-cli/node_modules/eslint-plugin-jest/node_modules/@typescript-eslint/types
608 silly REMOVE node_modules/@zowe/zos-ftp-for-zowe-cli/node_modules/eslint-plugin-jest/node_modules/@typescript-eslint/scope-manager
609 silly REMOVE node_modules/@zowe/zos-ftp-for-zowe-cli/node_modules/eslint
610 silly REMOVE node_modules/@zowe/zos-ftp-for-zowe-cli/node_modules/eslint/node_modules/minimatch
611 silly REMOVE node_modules/@zowe/zos-ftp-for-zowe-cli/node_modules/eslint/node_modules/brace-expansion
612 silly REMOVE node_modules/@zowe/zos-ftp-for-zowe-cli/node_modules/escodegen
613 silly REMOVE node_modules/@zowe/zos-ftp-for-zowe-cli/node_modules/escape-string-regexp
614 silly REMOVE node_modules/@zowe/zos-ftp-for-zowe-cli/node_modules/escalade
615 silly REMOVE node_modules/@zowe/zos-ftp-for-zowe-cli/node_modules/error-ex
616 silly REMOVE node_modules/@zowe/zos-ftp-for-zowe-cli/node_modules/err-code
617 silly REMOVE node_modules/@zowe/zos-ftp-for-zowe-cli/node_modules/env-paths
618 silly REMOVE node_modules/@zowe/zos-ftp-for-zowe-cli/node_modules/env-cmd
619 silly REMOVE node_modules/@zowe/zos-ftp-for-zowe-cli/node_modules/entities
620 silly REMOVE node_modules/@zowe/zos-ftp-for-zowe-cli/node_modules/enhanced-resolve
621 silly REMOVE node_modules/@zowe/zos-ftp-for-zowe-cli/node_modules/encoding
622 silly REMOVE node_modules/@zowe/zos-ftp-for-zowe-cli/node_modules/emoji-regex
623 silly REMOVE node_modules/@zowe/zos-ftp-for-zowe-cli/node_modules/emittery
624 silly REMOVE node_modules/@zowe/zos-ftp-for-zowe-cli/node_modules/electron-to-chromium
625 silly REMOVE node_modules/@zowe/zos-ftp-for-zowe-cli/node_modules/ejs
626 silly REMOVE node_modules/@zowe/zos-ftp-for-zowe-cli/node_modules/eastasianwidth
627 silly REMOVE node_modules/@zowe/zos-ftp-for-zowe-cli/node_modules/doctrine
628 silly REMOVE node_modules/@zowe/zos-ftp-for-zowe-cli/node_modules/dir-glob
629 silly REMOVE node_modules/@zowe/zos-ftp-for-zowe-cli/node_modules/diff2html
630 silly REMOVE node_modules/@zowe/zos-ftp-for-zowe-cli/node_modules/diff2html/node_modules/diff
631 silly REMOVE node_modules/@zowe/zos-ftp-for-zowe-cli/node_modules/diff-sequences
632 silly REMOVE node_modules/@zowe/zos-ftp-for-zowe-cli/node_modules/diff
633 silly REMOVE node_modules/@zowe/zos-ftp-for-zowe-cli/node_modules/detective-typescript
634 silly REMOVE node_modules/@zowe/zos-ftp-for-zowe-cli/node_modules/detective-typescript/node_modules/typescript
635 silly REMOVE node_modules/@zowe/zos-ftp-for-zowe-cli/node_modules/detective-typescript/node_modules/@typescript-eslint/visitor-keys
636 silly REMOVE node_modules/@zowe/zos-ftp-for-zowe-cli/node_modules/detective-typescript/node_modules/@typescript-eslint/typescript-estree
637 silly REMOVE node_modules/@zowe/zos-ftp-for-zowe-cli/node_modules/detective-typescript/node_modules/@typescript-eslint/types
638 silly REMOVE node_modules/@zowe/zos-ftp-for-zowe-cli/node_modules/detective-stylus
639 silly REMOVE node_modules/@zowe/zos-ftp-for-zowe-cli/node_modules/detective-scss
640 silly REMOVE node_modules/@zowe/zos-ftp-for-zowe-cli/node_modules/detective-sass
641 silly REMOVE node_modules/@zowe/zos-ftp-for-zowe-cli/node_modules/detective-postcss
642 silly REMOVE node_modules/@zowe/zos-ftp-for-zowe-cli/node_modules/detective-less
643 silly REMOVE node_modules/@zowe/zos-ftp-for-zowe-cli/node_modules/detective-less/node_modules/node-source-walk
644 silly REMOVE node_modules/@zowe/zos-ftp-for-zowe-cli/node_modules/detective-es6
645 silly REMOVE node_modules/@zowe/zos-ftp-for-zowe-cli/node_modules/detective-cjs
646 silly REMOVE node_modules/@zowe/zos-ftp-for-zowe-cli/node_modules/detective-amd
647 silly REMOVE node_modules/@zowe/zos-ftp-for-zowe-cli/node_modules/detect-newline
648 silly REMOVE node_modules/@zowe/zos-ftp-for-zowe-cli/node_modules/dependency-tree
649 silly REMOVE node_modules/@zowe/zos-ftp-for-zowe-cli/node_modules/dependency-tree/node_modules/typescript
650 silly REMOVE node_modules/@zowe/zos-ftp-for-zowe-cli/node_modules/dependency-tree/node_modules/precinct
651 silly REMOVE node_modules/@zowe/zos-ftp-for-zowe-cli/node_modules/dependency-tree/node_modules/precinct/node_modules/commander
652 silly REMOVE node_modules/@zowe/zos-ftp-for-zowe-cli/node_modules/dependency-tree/node_modules/module-definition
653 silly REMOVE node_modules/@zowe/zos-ftp-for-zowe-cli/node_modules/dependency-tree/node_modules/detective-stylus
654 silly REMOVE node_modules/@zowe/zos-ftp-for-zowe-cli/node_modules/dependency-tree/node_modules/commander
655 silly REMOVE node_modules/@zowe/zos-ftp-for-zowe-cli/node_modules/defaults
656 silly REMOVE node_modules/@zowe/zos-ftp-for-zowe-cli/node_modules/deepmerge
657 silly REMOVE node_modules/@zowe/zos-ftp-for-zowe-cli/node_modules/deep-is
658 silly REMOVE node_modules/@zowe/zos-ftp-for-zowe-cli/node_modules/deep-extend
659 silly REMOVE node_modules/@zowe/zos-ftp-for-zowe-cli/node_modules/dedent
660 silly REMOVE node_modules/@zowe/zos-ftp-for-zowe-cli/node_modules/debug
661 silly REMOVE node_modules/@zowe/zos-ftp-for-zowe-cli/node_modules/dateformat
662 silly REMOVE node_modules/@zowe/zos-ftp-for-zowe-cli/node_modules/date-format
663 silly REMOVE node_modules/@zowe/zos-ftp-for-zowe-cli/node_modules/dataobject-parser
664 silly REMOVE node_modules/@zowe/zos-ftp-for-zowe-cli/node_modules/cross-spawn
665 silly REMOVE node_modules/@zowe/zos-ftp-for-zowe-cli/node_modules/cross-spawn/node_modules/which
666 silly REMOVE node_modules/@zowe/zos-ftp-for-zowe-cli/node_modules/cross-spawn/node_modules/isexe
667 silly REMOVE node_modules/@zowe/zos-ftp-for-zowe-cli/node_modules/create-jest
668 silly REMOVE node_modules/@zowe/zos-ftp-for-zowe-cli/node_modules/core-util-is
669 silly REMOVE node_modules/@zowe/zos-ftp-for-zowe-cli/node_modules/convert-source-map
670 silly REMOVE node_modules/@zowe/zos-ftp-for-zowe-cli/node_modules/concat-map
671 silly REMOVE node_modules/@zowe/zos-ftp-for-zowe-cli/node_modules/commondir
672 silly REMOVE node_modules/@zowe/zos-ftp-for-zowe-cli/node_modules/comment-json
673 silly REMOVE node_modules/@zowe/zos-ftp-for-zowe-cli/node_modules/commander
674 silly REMOVE node_modules/@zowe/zos-ftp-for-zowe-cli/node_modules/colors
675 silly REMOVE node_modules/@zowe/zos-ftp-for-zowe-cli/node_modules/color-name
676 silly REMOVE node_modules/@zowe/zos-ftp-for-zowe-cli/node_modules/color-convert
677 silly REMOVE node_modules/@zowe/zos-ftp-for-zowe-cli/node_modules/collect-v8-coverage
678 silly REMOVE node_modules/@zowe/zos-ftp-for-zowe-cli/node_modules/co
679 silly REMOVE node_modules/@zowe/zos-ftp-for-zowe-cli/node_modules/clone
680 silly REMOVE node_modules/@zowe/zos-ftp-for-zowe-cli/node_modules/cliui
681 silly REMOVE node_modules/@zowe/zos-ftp-for-zowe-cli/node_modules/cli-table3
682 silly REMOVE node_modules/@zowe/zos-ftp-for-zowe-cli/node_modules/cli-spinners
683 silly REMOVE node_modules/@zowe/zos-ftp-for-zowe-cli/node_modules/cli-cursor
684 silly REMOVE node_modules/@zowe/zos-ftp-for-zowe-cli/node_modules/clean-stack
685 silly REMOVE node_modules/@zowe/zos-ftp-for-zowe-cli/node_modules/cjs-module-lexer
686 silly REMOVE node_modules/@zowe/zos-ftp-for-zowe-cli/node_modules/ci-info
687 silly REMOVE node_modules/@zowe/zos-ftp-for-zowe-cli/node_modules/chownr
688 silly REMOVE node_modules/@zowe/zos-ftp-for-zowe-cli/node_modules/chart.js
689 silly REMOVE node_modules/@zowe/zos-ftp-for-zowe-cli/node_modules/char-regex
690 silly REMOVE node_modules/@zowe/zos-ftp-for-zowe-cli/node_modules/chalk
691 silly REMOVE node_modules/@zowe/zos-ftp-for-zowe-cli/node_modules/caniuse-lite
692 silly REMOVE node_modules/@zowe/zos-ftp-for-zowe-cli/node_modules/camelcase
693 silly REMOVE node_modules/@zowe/zos-ftp-for-zowe-cli/node_modules/callsites
694 silly REMOVE node_modules/@zowe/zos-ftp-for-zowe-cli/node_modules/cacache
695 silly REMOVE node_modules/@zowe/zos-ftp-for-zowe-cli/node_modules/cacache/node_modules/lru-cache
696 silly REMOVE node_modules/@zowe/zos-ftp-for-zowe-cli/node_modules/cacache/node_modules/glob
697 silly REMOVE node_modules/@zowe/zos-ftp-for-zowe-cli/node_modules/buffer-from
698 silly REMOVE node_modules/@zowe/zos-ftp-for-zowe-cli/node_modules/buffer
699 silly REMOVE node_modules/@zowe/zos-ftp-for-zowe-cli/node_modules/bser
700 silly REMOVE node_modules/@zowe/zos-ftp-for-zowe-cli/node_modules/bs-logger
701 silly REMOVE node_modules/@zowe/zos-ftp-for-zowe-cli/node_modules/browserslist
702 silly REMOVE node_modules/@zowe/zos-ftp-for-zowe-cli/node_modules/braces
703 silly REMOVE node_modules/@zowe/zos-ftp-for-zowe-cli/node_modules/brace-expansion
704 silly REMOVE node_modules/@zowe/zos-ftp-for-zowe-cli/node_modules/bootstrap
705 silly REMOVE node_modules/@zowe/zos-ftp-for-zowe-cli/node_modules/bl
706 silly REMOVE node_modules/@zowe/zos-ftp-for-zowe-cli/node_modules/base64-js
707 silly REMOVE node_modules/@zowe/zos-ftp-for-zowe-cli/node_modules/balanced-match
708 silly REMOVE node_modules/@zowe/zos-ftp-for-zowe-cli/node_modules/babel-preset-jest
709 silly REMOVE node_modules/@zowe/zos-ftp-for-zowe-cli/node_modules/babel-preset-current-node-syntax
710 silly REMOVE node_modules/@zowe/zos-ftp-for-zowe-cli/node_modules/babel-plugin-jest-hoist
711 silly REMOVE node_modules/@zowe/zos-ftp-for-zowe-cli/node_modules/babel-plugin-istanbul
712 silly REMOVE node_modules/@zowe/zos-ftp-for-zowe-cli/node_modules/babel-plugin-istanbul/node_modules/semver
713 silly REMOVE node_modules/@zowe/zos-ftp-for-zowe-cli/node_modules/babel-plugin-istanbul/node_modules/istanbul-lib-instrument
714 silly REMOVE node_modules/@zowe/zos-ftp-for-zowe-cli/node_modules/babel-jest
715 silly REMOVE node_modules/@zowe/zos-ftp-for-zowe-cli/node_modules/async
716 silly REMOVE node_modules/@zowe/zos-ftp-for-zowe-cli/node_modules/ast-module-types
717 silly REMOVE node_modules/@zowe/zos-ftp-for-zowe-cli/node_modules/array-union
718 silly REMOVE node_modules/@zowe/zos-ftp-for-zowe-cli/node_modules/array-timsort
719 silly REMOVE node_modules/@zowe/zos-ftp-for-zowe-cli/node_modules/argparse
720 silly REMOVE node_modules/@zowe/zos-ftp-for-zowe-cli/node_modules/app-module-path
721 silly REMOVE node_modules/@zowe/zos-ftp-for-zowe-cli/node_modules/anymatch
722 silly REMOVE node_modules/@zowe/zos-ftp-for-zowe-cli/node_modules/any-promise
723 silly REMOVE node_modules/@zowe/zos-ftp-for-zowe-cli/node_modules/ansi-styles
724 silly REMOVE node_modules/@zowe/zos-ftp-for-zowe-cli/node_modules/ansi-sequence-parser
725 silly REMOVE node_modules/@zowe/zos-ftp-for-zowe-cli/node_modules/ansi-regex
726 silly REMOVE node_modules/@zowe/zos-ftp-for-zowe-cli/node_modules/ansi-parser
727 silly REMOVE node_modules/@zowe/zos-ftp-for-zowe-cli/node_modules/ansi-escapes
728 silly REMOVE node_modules/@zowe/zos-ftp-for-zowe-cli/node_modules/ansi-escapes/node_modules/type-fest
729 silly REMOVE node_modules/@zowe/zos-ftp-for-zowe-cli/node_modules/ajv
730 silly REMOVE node_modules/@zowe/zos-ftp-for-zowe-cli/node_modules/aggregate-error
731 silly REMOVE node_modules/@zowe/zos-ftp-for-zowe-cli/node_modules/agent-base
732 silly REMOVE node_modules/@zowe/zos-ftp-for-zowe-cli/node_modules/acorn-jsx
733 silly REMOVE node_modules/@zowe/zos-ftp-for-zowe-cli/node_modules/acorn
734 silly REMOVE node_modules/@zowe/zos-ftp-for-zowe-cli/node_modules/abbrev
735 silly REMOVE node_modules/@zowe/zos-ftp-for-zowe-cli/node_modules/@zowe/imperative
736 silly REMOVE node_modules/@zowe/zos-ftp-for-zowe-cli/node_modules/@zowe/cli-test-utils
737 silly REMOVE node_modules/@zowe/zos-ftp-for-zowe-cli/node_modules/@zowe/cli
738 silly REMOVE node_modules/@zowe/zos-ftp-for-zowe-cli/node_modules/@zowe/cli/node_modules/yocto-queue
739 silly REMOVE node_modules/@zowe/zos-ftp-for-zowe-cli/node_modules/@zowe/cli/node_modules/yargs-parser
740 silly REMOVE node_modules/@zowe/zos-ftp-for-zowe-cli/node_modules/@zowe/cli/node_modules/yargs
741 silly REMOVE node_modules/@zowe/zos-ftp-for-zowe-cli/node_modules/@zowe/cli/node_modules/yargs/node_modules/y18n
742 silly REMOVE node_modules/@zowe/zos-ftp-for-zowe-cli/node_modules/@zowe/cli/node_modules/yargs/node_modules/cliui
743 silly REMOVE node_modules/@zowe/zos-ftp-for-zowe-cli/node_modules/@zowe/cli/node_modules/wrap-ansi-cjs
744 silly REMOVE node_modules/@zowe/zos-ftp-for-zowe-cli/node_modules/@zowe/cli/node_modules/wrap-ansi
745 silly REMOVE node_modules/@zowe/zos-ftp-for-zowe-cli/node_modules/@zowe/cli/node_modules/wontache
746 silly REMOVE node_modules/@zowe/zos-ftp-for-zowe-cli/node_modules/@zowe/cli/node_modules/which
747 silly REMOVE node_modules/@zowe/zos-ftp-for-zowe-cli/node_modules/@zowe/cli/node_modules/validate-npm-package-name
748 silly REMOVE node_modules/@zowe/zos-ftp-for-zowe-cli/node_modules/@zowe/cli/node_modules/validate-npm-package-license
749 silly REMOVE node_modules/@zowe/zos-ftp-for-zowe-cli/node_modules/@zowe/cli/node_modules/uuid
750 silly REMOVE node_modules/@zowe/zos-ftp-for-zowe-cli/node_modules/@zowe/cli/node_modules/universalify
751 silly REMOVE node_modules/@zowe/zos-ftp-for-zowe-cli/node_modules/@zowe/cli/node_modules/undici-types
752 silly REMOVE node_modules/@zowe/zos-ftp-for-zowe-cli/node_modules/@zowe/cli/node_modules/underscore
753 silly REMOVE node_modules/@zowe/zos-ftp-for-zowe-cli/node_modules/@zowe/cli/node_modules/uc.micro
754 silly REMOVE node_modules/@zowe/zos-ftp-for-zowe-cli/node_modules/@zowe/cli/node_modules/tweetnacl
755 silly REMOVE node_modules/@zowe/zos-ftp-for-zowe-cli/node_modules/@zowe/cli/node_modules/tuf-js
756 silly REMOVE node_modules/@zowe/zos-ftp-for-zowe-cli/node_modules/@zowe/cli/node_modules/tuf-js/node_modules/unique-slug
757 silly REMOVE node_modules/@zowe/zos-ftp-for-zowe-cli/node_modules/@zowe/cli/node_modules/tuf-js/node_modules/unique-filename
758 silly REMOVE node_modules/@zowe/zos-ftp-for-zowe-cli/node_modules/@zowe/cli/node_modules/tuf-js/node_modules/ssri
759 silly REMOVE node_modules/@zowe/zos-ftp-for-zowe-cli/node_modules/@zowe/cli/node_modules/tuf-js/node_modules/minipass-fetch
760 silly REMOVE node_modules/@zowe/zos-ftp-for-zowe-cli/node_modules/@zowe/cli/node_modules/tuf-js/node_modules/minipass-collect
761 silly REMOVE node_modules/@zowe/zos-ftp-for-zowe-cli/node_modules/@zowe/cli/node_modules/tuf-js/node_modules/minipass
762 silly REMOVE node_modules/@zowe/zos-ftp-for-zowe-cli/node_modules/@zowe/cli/node_modules/tuf-js/node_modules/make-fetch-happen
763 silly REMOVE node_modules/@zowe/zos-ftp-for-zowe-cli/node_modules/@zowe/cli/node_modules/tuf-js/node_modules/fs-minipass
764 silly REMOVE node_modules/@zowe/zos-ftp-for-zowe-cli/node_modules/@zowe/cli/node_modules/tuf-js/node_modules/cacache
765 silly REMOVE node_modules/@zowe/zos-ftp-for-zowe-cli/node_modules/@zowe/cli/node_modules/tuf-js/node_modules/@npmcli/fs
766 silly REMOVE node_modules/@zowe/zos-ftp-for-zowe-cli/node_modules/@zowe/cli/node_modules/to-regex-range
767 silly REMOVE node_modules/@zowe/zos-ftp-for-zowe-cli/node_modules/@zowe/cli/node_modules/tar
768 silly REMOVE node_modules/@zowe/zos-ftp-for-zowe-cli/node_modules/@zowe/cli/node_modules/tar/node_modules/yallist
769 silly REMOVE node_modules/@zowe/zos-ftp-for-zowe-cli/node_modules/@zowe/cli/node_modules/tar/node_modules/minipass
770 silly REMOVE node_modules/@zowe/zos-ftp-for-zowe-cli/node_modules/@zowe/cli/node_modules/tar/node_modules/chownr
771 silly REMOVE node_modules/@zowe/zos-ftp-for-zowe-cli/node_modules/@zowe/cli/node_modules/supports-color
772 silly REMOVE node_modules/@zowe/zos-ftp-for-zowe-cli/node_modules/@zowe/cli/node_modules/strip-ansi-cjs
773 silly REMOVE node_modules/@zowe/zos-ftp-for-zowe-cli/node_modules/@zowe/cli/node_modules/strip-ansi
774 silly REMOVE node_modules/@zowe/zos-ftp-for-zowe-cli/node_modules/@zowe/cli/node_modules/string-width-cjs
775 silly REMOVE node_modules/@zowe/zos-ftp-for-zowe-cli/node_modules/@zowe/cli/node_modules/string-width
776 silly REMOVE node_modules/@zowe/zos-ftp-for-zowe-cli/node_modules/@zowe/cli/node_modules/streamroller
777 silly REMOVE node_modules/@zowe/zos-ftp-for-zowe-cli/node_modules/@zowe/cli/node_modules/streamroller/node_modules/universalify
778 silly REMOVE node_modules/@zowe/zos-ftp-for-zowe-cli/node_modules/@zowe/cli/node_modules/streamroller/node_modules/jsonfile
779 silly REMOVE node_modules/@zowe/zos-ftp-for-zowe-cli/node_modules/@zowe/cli/node_modules/streamroller/node_modules/fs-extra
780 silly REMOVE node_modules/@zowe/zos-ftp-for-zowe-cli/node_modules/@zowe/cli/node_modules/stack-trace
781 silly REMOVE node_modules/@zowe/zos-ftp-for-zowe-cli/node_modules/@zowe/cli/node_modules/ssh2
782 silly REMOVE node_modules/@zowe/zos-ftp-for-zowe-cli/node_modules/@zowe/cli/node_modules/spdx-license-ids
783 silly REMOVE node_modules/@zowe/zos-ftp-for-zowe-cli/node_modules/@zowe/cli/node_modules/spdx-expression-parse
784 silly REMOVE node_modules/@zowe/zos-ftp-for-zowe-cli/node_modules/@zowe/cli/node_modules/spdx-exceptions
785 silly REMOVE node_modules/@zowe/zos-ftp-for-zowe-cli/node_modules/@zowe/cli/node_modules/spdx-correct
786 silly REMOVE node_modules/@zowe/zos-ftp-for-zowe-cli/node_modules/@zowe/cli/node_modules/socks
787 silly REMOVE node_modules/@zowe/zos-ftp-for-zowe-cli/node_modules/@zowe/cli/node_modules/smart-buffer
788 silly REMOVE node_modules/@zowe/zos-ftp-for-zowe-cli/node_modules/@zowe/cli/node_modules/sigstore
789 silly REMOVE node_modules/@zowe/zos-ftp-for-zowe-cli/node_modules/@zowe/cli/node_modules/shebang-command
790 silly REMOVE node_modules/@zowe/zos-ftp-for-zowe-cli/node_modules/@zowe/cli/node_modules/shebang-command/node_modules/shebang-regex
791 silly REMOVE node_modules/@zowe/zos-ftp-for-zowe-cli/node_modules/@zowe/cli/node_modules/semver
792 silly REMOVE node_modules/@zowe/zos-ftp-for-zowe-cli/node_modules/@zowe/cli/node_modules/safer-buffer
793 silly REMOVE node_modules/@zowe/zos-ftp-for-zowe-cli/node_modules/@zowe/cli/node_modules/run-parallel
794 silly REMOVE node_modules/@zowe/zos-ftp-for-zowe-cli/node_modules/@zowe/cli/node_modules/rimraf
795 silly REMOVE node_modules/@zowe/zos-ftp-for-zowe-cli/node_modules/@zowe/cli/node_modules/rfdc
796 silly REMOVE node_modules/@zowe/zos-ftp-for-zowe-cli/node_modules/@zowe/cli/node_modules/reusify
797 silly REMOVE node_modules/@zowe/zos-ftp-for-zowe-cli/node_modules/@zowe/cli/node_modules/retry
798 silly REMOVE node_modules/@zowe/zos-ftp-for-zowe-cli/node_modules/@zowe/cli/node_modules/require-directory
799 silly REMOVE node_modules/@zowe/zos-ftp-for-zowe-cli/node_modules/@zowe/cli/node_modules/repeat-string
800 silly REMOVE node_modules/@zowe/zos-ftp-for-zowe-cli/node_modules/@zowe/cli/node_modules/read
801 silly REMOVE node_modules/@zowe/zos-ftp-for-zowe-cli/node_modules/@zowe/cli/node_modules/react-is
802 silly REMOVE node_modules/@zowe/zos-ftp-for-zowe-cli/node_modules/@zowe/cli/node_modules/queue-microtask
803 silly REMOVE node_modules/@zowe/zos-ftp-for-zowe-cli/node_modules/@zowe/cli/node_modules/punycode.js
804 silly REMOVE node_modules/@zowe/zos-ftp-for-zowe-cli/node_modules/@zowe/cli/node_modules/promise-retry
805 silly REMOVE node_modules/@zowe/zos-ftp-for-zowe-cli/node_modules/@zowe/cli/node_modules/promise-inflight
806 silly REMOVE node_modules/@zowe/zos-ftp-for-zowe-cli/node_modules/@zowe/cli/node_modules/progress
807 silly REMOVE node_modules/@zowe/zos-ftp-for-zowe-cli/node_modules/@zowe/cli/node_modules/prettyjson
808 silly REMOVE node_modules/@zowe/zos-ftp-for-zowe-cli/node_modules/@zowe/cli/node_modules/pretty-format
809 silly REMOVE node_modules/@zowe/zos-ftp-for-zowe-cli/node_modules/@zowe/cli/node_modules/pretty-format/node_modules/ansi-styles
810 silly REMOVE node_modules/@zowe/zos-ftp-for-zowe-cli/node_modules/@zowe/cli/node_modules/picomatch
811 silly REMOVE node_modules/@zowe/zos-ftp-for-zowe-cli/node_modules/@zowe/cli/node_modules/path-scurry
812 silly REMOVE node_modules/@zowe/zos-ftp-for-zowe-cli/node_modules/@zowe/cli/node_modules/path-scurry/node_modules/minipass
813 silly REMOVE node_modules/@zowe/zos-ftp-for-zowe-cli/node_modules/@zowe/cli/node_modules/path-key
814 silly REMOVE node_modules/@zowe/zos-ftp-for-zowe-cli/node_modules/@zowe/cli/node_modules/path-exists
815 silly REMOVE node_modules/@zowe/zos-ftp-for-zowe-cli/node_modules/@zowe/cli/node_modules/pacote
816 silly REMOVE node_modules/@zowe/zos-ftp-for-zowe-cli/node_modules/@zowe/cli/node_modules/pacote/node_modules/unique-slug
817 silly REMOVE node_modules/@zowe/zos-ftp-for-zowe-cli/node_modules/@zowe/cli/node_modules/pacote/node_modules/unique-filename
818 silly REMOVE node_modules/@zowe/zos-ftp-for-zowe-cli/node_modules/@zowe/cli/node_modules/pacote/node_modules/ssri
819 silly REMOVE node_modules/@zowe/zos-ftp-for-zowe-cli/node_modules/@zowe/cli/node_modules/pacote/node_modules/proc-log
820 silly REMOVE node_modules/@zowe/zos-ftp-for-zowe-cli/node_modules/@zowe/cli/node_modules/pacote/node_modules/npm-pick-manifest
821 silly REMOVE node_modules/@zowe/zos-ftp-for-zowe-cli/node_modules/@zowe/cli/node_modules/pacote/node_modules/npm-packlist
822 silly REMOVE node_modules/@zowe/zos-ftp-for-zowe-cli/node_modules/@zowe/cli/node_modules/pacote/node_modules/npm-normalize-package-bin
823 silly REMOVE node_modules/@zowe/zos-ftp-for-zowe-cli/node_modules/@zowe/cli/node_modules/pacote/node_modules/npm-bundled
824 silly REMOVE node_modules/@zowe/zos-ftp-for-zowe-cli/node_modules/@zowe/cli/node_modules/pacote/node_modules/nopt
825 silly REMOVE node_modules/@zowe/zos-ftp-for-zowe-cli/node_modules/@zowe/cli/node_modules/pacote/node_modules/node-gyp
826 silly REMOVE node_modules/@zowe/zos-ftp-for-zowe-cli/node_modules/@zowe/cli/node_modules/pacote/node_modules/node-gyp/node_modules/proc-log
827 silly REMOVE node_modules/@zowe/zos-ftp-for-zowe-cli/node_modules/@zowe/cli/node_modules/pacote/node_modules/minipass-fetch
828 silly REMOVE node_modules/@zowe/zos-ftp-for-zowe-cli/node_modules/@zowe/cli/node_modules/pacote/node_modules/minipass-collect
829 silly REMOVE node_modules/@zowe/zos-ftp-for-zowe-cli/node_modules/@zowe/cli/node_modules/pacote/node_modules/minipass
830 silly REMOVE node_modules/@zowe/zos-ftp-for-zowe-cli/node_modules/@zowe/cli/node_modules/pacote/node_modules/make-fetch-happen
831 silly REMOVE node_modules/@zowe/zos-ftp-for-zowe-cli/node_modules/@zowe/cli/node_modules/pacote/node_modules/json-parse-even-better-errors
832 silly REMOVE node_modules/@zowe/zos-ftp-for-zowe-cli/node_modules/@zowe/cli/node_modules/pacote/node_modules/fs-minipass
833 silly REMOVE node_modules/@zowe/zos-ftp-for-zowe-cli/node_modules/@zowe/cli/node_modules/pacote/node_modules/cacache
834 silly REMOVE node_modules/@zowe/zos-ftp-for-zowe-cli/node_modules/@zowe/cli/node_modules/pacote/node_modules/abbrev
835 silly REMOVE node_modules/@zowe/zos-ftp-for-zowe-cli/node_modules/@zowe/cli/node_modules/pacote/node_modules/@npmcli/run-script
836 silly REMOVE node_modules/@zowe/zos-ftp-for-zowe-cli/node_modules/@zowe/cli/node_modules/pacote/node_modules/@npmcli/package-json
837 silly REMOVE node_modules/@zowe/zos-ftp-for-zowe-cli/node_modules/@zowe/cli/node_modules/pacote/node_modules/@npmcli/node-gyp
838 silly REMOVE node_modules/@zowe/zos-ftp-for-zowe-cli/node_modules/@zowe/cli/node_modules/pacote/node_modules/@npmcli/installed-package-contents
839 silly REMOVE node_modules/@zowe/zos-ftp-for-zowe-cli/node_modules/@zowe/cli/node_modules/pacote/node_modules/@npmcli/fs
840 silly REMOVE node_modules/@zowe/zos-ftp-for-zowe-cli/node_modules/@zowe/cli/node_modules/package-json-from-dist
841 silly REMOVE node_modules/@zowe/zos-ftp-for-zowe-cli/node_modules/@zowe/cli/node_modules/p-map
842 silly REMOVE node_modules/@zowe/zos-ftp-for-zowe-cli/node_modules/@zowe/cli/node_modules/p-locate
843 silly REMOVE node_modules/@zowe/zos-ftp-for-zowe-cli/node_modules/@zowe/cli/node_modules/p-limit
844 silly REMOVE node_modules/@zowe/zos-ftp-for-zowe-cli/node_modules/@zowe/cli/node_modules/opener
845 silly REMOVE node_modules/@zowe/zos-ftp-for-zowe-cli/node_modules/@zowe/cli/node_modules/npm-registry-fetch
846 silly REMOVE node_modules/@zowe/zos-ftp-for-zowe-cli/node_modules/@zowe/cli/node_modules/npm-registry-fetch/node_modules/unique-slug
847 silly REMOVE node_modules/@zowe/zos-ftp-for-zowe-cli/node_modules/@zowe/cli/node_modules/npm-registry-fetch/node_modules/unique-filename
848 silly REMOVE node_modules/@zowe/zos-ftp-for-zowe-cli/node_modules/@zowe/cli/node_modules/npm-registry-fetch/node_modules/ssri
849 silly REMOVE node_modules/@zowe/zos-ftp-for-zowe-cli/node_modules/@zowe/cli/node_modules/npm-registry-fetch/node_modules/proc-log
850 silly REMOVE node_modules/@zowe/zos-ftp-for-zowe-cli/node_modules/@zowe/cli/node_modules/npm-registry-fetch/node_modules/minipass-fetch
851 silly REMOVE node_modules/@zowe/zos-ftp-for-zowe-cli/node_modules/@zowe/cli/node_modules/npm-registry-fetch/node_modules/minipass-collect
852 silly REMOVE node_modules/@zowe/zos-ftp-for-zowe-cli/node_modules/@zowe/cli/node_modules/npm-registry-fetch/node_modules/minipass
853 silly REMOVE node_modules/@zowe/zos-ftp-for-zowe-cli/node_modules/@zowe/cli/node_modules/npm-registry-fetch/node_modules/make-fetch-happen
854 silly REMOVE node_modules/@zowe/zos-ftp-for-zowe-cli/node_modules/@zowe/cli/node_modules/npm-registry-fetch/node_modules/fs-minipass
855 silly REMOVE node_modules/@zowe/zos-ftp-for-zowe-cli/node_modules/@zowe/cli/node_modules/npm-registry-fetch/node_modules/cacache
856 silly REMOVE node_modules/@zowe/zos-ftp-for-zowe-cli/node_modules/@zowe/cli/node_modules/npm-registry-fetch/node_modules/@npmcli/fs
857 silly REMOVE node_modules/@zowe/zos-ftp-for-zowe-cli/node_modules/@zowe/cli/node_modules/npm-package-arg
858 silly REMOVE node_modules/@zowe/zos-ftp-for-zowe-cli/node_modules/@zowe/cli/node_modules/npm-package-arg/node_modules/proc-log
859 silly REMOVE node_modules/@zowe/zos-ftp-for-zowe-cli/node_modules/@zowe/cli/node_modules/npm-install-checks
860 silly REMOVE node_modules/@zowe/zos-ftp-for-zowe-cli/node_modules/@zowe/cli/node_modules/normalize-package-data
861 silly REMOVE node_modules/@zowe/zos-ftp-for-zowe-cli/node_modules/@zowe/cli/node_modules/negotiator
862 silly REMOVE node_modules/@zowe/zos-ftp-for-zowe-cli/node_modules/@zowe/cli/node_modules/mute-stream
863 silly REMOVE node_modules/@zowe/zos-ftp-for-zowe-cli/node_modules/@zowe/cli/node_modules/mustache
864 silly REMOVE node_modules/@zowe/zos-ftp-for-zowe-cli/node_modules/@zowe/cli/node_modules/ms
865 silly REMOVE node_modules/@zowe/zos-ftp-for-zowe-cli/node_modules/@zowe/cli/node_modules/mkdirp
866 silly REMOVE node_modules/@zowe/zos-ftp-for-zowe-cli/node_modules/@zowe/cli/node_modules/minizlib
867 silly REMOVE node_modules/@zowe/zos-ftp-for-zowe-cli/node_modules/@zowe/cli/node_modules/minizlib/node_modules/yallist
868 silly REMOVE node_modules/@zowe/zos-ftp-for-zowe-cli/node_modules/@zowe/cli/node_modules/minipass-sized
869 silly REMOVE node_modules/@zowe/zos-ftp-for-zowe-cli/node_modules/@zowe/cli/node_modules/minipass-pipeline
870 silly REMOVE node_modules/@zowe/zos-ftp-for-zowe-cli/node_modules/@zowe/cli/node_modules/minipass-flush
871 silly REMOVE node_modules/@zowe/zos-ftp-for-zowe-cli/node_modules/@zowe/cli/node_modules/minipass
872 silly REMOVE node_modules/@zowe/zos-ftp-for-zowe-cli/node_modules/@zowe/cli/node_modules/minipass/node_modules/yallist
873 silly REMOVE node_modules/@zowe/zos-ftp-for-zowe-cli/node_modules/@zowe/cli/node_modules/minimist
874 silly REMOVE node_modules/@zowe/zos-ftp-for-zowe-cli/node_modules/@zowe/cli/node_modules/minimatch
875 silly REMOVE node_modules/@zowe/zos-ftp-for-zowe-cli/node_modules/@zowe/cli/node_modules/minimatch/node_modules/brace-expansion
876 silly REMOVE node_modules/@zowe/zos-ftp-for-zowe-cli/node_modules/@zowe/cli/node_modules/micromatch
877 silly REMOVE node_modules/@zowe/zos-ftp-for-zowe-cli/node_modules/@zowe/cli/node_modules/merge2
878 silly REMOVE node_modules/@zowe/zos-ftp-for-zowe-cli/node_modules/@zowe/cli/node_modules/mdurl
879 silly REMOVE node_modules/@zowe/zos-ftp-for-zowe-cli/node_modules/@zowe/cli/node_modules/markdown-it
880 silly REMOVE node_modules/@zowe/zos-ftp-for-zowe-cli/node_modules/@zowe/cli/node_modules/lru-cache
881 silly REMOVE node_modules/@zowe/zos-ftp-for-zowe-cli/node_modules/@zowe/cli/node_modules/log4js
882 silly REMOVE node_modules/@zowe/zos-ftp-for-zowe-cli/node_modules/@zowe/cli/node_modules/lodash-deep
883 silly REMOVE node_modules/@zowe/zos-ftp-for-zowe-cli/node_modules/@zowe/cli/node_modules/lodash
884 silly REMOVE node_modules/@zowe/zos-ftp-for-zowe-cli/node_modules/@zowe/cli/node_modules/locate-path
885 silly REMOVE node_modules/@zowe/zos-ftp-for-zowe-cli/node_modules/@zowe/cli/node_modules/linkify-it
886 silly REMOVE node_modules/@zowe/zos-ftp-for-zowe-cli/node_modules/@zowe/cli/node_modules/jsonschema
887 silly REMOVE node_modules/@zowe/zos-ftp-for-zowe-cli/node_modules/@zowe/cli/node_modules/jsonparse
888 silly REMOVE node_modules/@zowe/zos-ftp-for-zowe-cli/node_modules/@zowe/cli/node_modules/jsonfile
889 silly REMOVE node_modules/@zowe/zos-ftp-for-zowe-cli/node_modules/@zowe/cli/node_modules/jsbn
890 silly REMOVE node_modules/@zowe/zos-ftp-for-zowe-cli/node_modules/@zowe/cli/node_modules/js-yaml
891 silly REMOVE node_modules/@zowe/zos-ftp-for-zowe-cli/node_modules/@zowe/cli/node_modules/jest-get-type
892 silly REMOVE node_modules/@zowe/zos-ftp-for-zowe-cli/node_modules/@zowe/cli/node_modules/jest-diff
893 silly REMOVE node_modules/@zowe/zos-ftp-for-zowe-cli/node_modules/@zowe/cli/node_modules/jackspeak
894 silly REMOVE node_modules/@zowe/zos-ftp-for-zowe-cli/node_modules/@zowe/cli/node_modules/isexe
895 silly REMOVE node_modules/@zowe/zos-ftp-for-zowe-cli/node_modules/@zowe/cli/node_modules/is-number
896 silly REMOVE node_modules/@zowe/zos-ftp-for-zowe-cli/node_modules/@zowe/cli/node_modules/is-lambda
897 silly REMOVE node_modules/@zowe/zos-ftp-for-zowe-cli/node_modules/@zowe/cli/node_modules/is-glob
898 silly REMOVE node_modules/@zowe/zos-ftp-for-zowe-cli/node_modules/@zowe/cli/node_modules/is-fullwidth-code-point
899 silly REMOVE node_modules/@zowe/zos-ftp-for-zowe-cli/node_modules/@zowe/cli/node_modules/is-extglob
900 silly REMOVE node_modules/@zowe/zos-ftp-for-zowe-cli/node_modules/@zowe/cli/node_modules/ip-address
901 silly REMOVE node_modules/@zowe/zos-ftp-for-zowe-cli/node_modules/@zowe/cli/node_modules/ip-address/node_modules/sprintf-js
902 silly REMOVE node_modules/@zowe/zos-ftp-for-zowe-cli/node_modules/@zowe/cli/node_modules/indent-string
903 silly REMOVE node_modules/@zowe/zos-ftp-for-zowe-cli/node_modules/@zowe/cli/node_modules/imurmurhash
904 silly REMOVE node_modules/@zowe/zos-ftp-for-zowe-cli/node_modules/@zowe/cli/node_modules/ignore-walk
905 silly REMOVE node_modules/@zowe/zos-ftp-for-zowe-cli/node_modules/@zowe/cli/node_modules/http-cache-semantics
906 silly REMOVE node_modules/@zowe/zos-ftp-for-zowe-cli/node_modules/@zowe/cli/node_modules/hosted-git-info
907 silly REMOVE node_modules/@zowe/zos-ftp-for-zowe-cli/node_modules/@zowe/cli/node_modules/has-own-prop
908 silly REMOVE node_modules/@zowe/zos-ftp-for-zowe-cli/node_modules/@zowe/cli/node_modules/has-flag
909 silly REMOVE node_modules/@zowe/zos-ftp-for-zowe-cli/node_modules/@zowe/cli/node_modules/graceful-fs
910 silly REMOVE node_modules/@zowe/zos-ftp-for-zowe-cli/node_modules/@zowe/cli/node_modules/glob-parent
911 silly REMOVE node_modules/@zowe/zos-ftp-for-zowe-cli/node_modules/@zowe/cli/node_modules/glob
912 silly REMOVE node_modules/@zowe/zos-ftp-for-zowe-cli/node_modules/@zowe/cli/node_modules/glob/node_modules/minipass
913 silly REMOVE node_modules/@zowe/zos-ftp-for-zowe-cli/node_modules/@zowe/cli/node_modules/get-caller-file
914 silly REMOVE node_modules/@zowe/zos-ftp-for-zowe-cli/node_modules/@zowe/cli/node_modules/fs-minipass
915 silly REMOVE node_modules/@zowe/zos-ftp-for-zowe-cli/node_modules/@zowe/cli/node_modules/fs-extra
916 silly REMOVE node_modules/@zowe/zos-ftp-for-zowe-cli/node_modules/@zowe/cli/node_modules/foreground-child
917 silly REMOVE node_modules/@zowe/zos-ftp-for-zowe-cli/node_modules/@zowe/cli/node_modules/foreground-child/node_modules/signal-exit
918 silly REMOVE node_modules/@zowe/zos-ftp-for-zowe-cli/node_modules/@zowe/cli/node_modules/flatted
919 silly REMOVE node_modules/@zowe/zos-ftp-for-zowe-cli/node_modules/@zowe/cli/node_modules/find-up
920 silly REMOVE node_modules/@zowe/zos-ftp-for-zowe-cli/node_modules/@zowe/cli/node_modules/find-process
921 silly REMOVE node_modules/@zowe/zos-ftp-for-zowe-cli/node_modules/@zowe/cli/node_modules/fill-range
922 silly REMOVE node_modules/@zowe/zos-ftp-for-zowe-cli/node_modules/@zowe/cli/node_modules/fastq
923 silly REMOVE node_modules/@zowe/zos-ftp-for-zowe-cli/node_modules/@zowe/cli/node_modules/fastest-levenshtein
924 silly REMOVE node_modules/@zowe/zos-ftp-for-zowe-cli/node_modules/@zowe/cli/node_modules/fast-glob
925 silly REMOVE node_modules/@zowe/zos-ftp-for-zowe-cli/node_modules/@zowe/cli/node_modules/exponential-backoff
926 silly REMOVE node_modules/@zowe/zos-ftp-for-zowe-cli/node_modules/@zowe/cli/node_modules/esprima
927 silly REMOVE node_modules/@zowe/zos-ftp-for-zowe-cli/node_modules/@zowe/cli/node_modules/escalade
928 silly REMOVE node_modules/@zowe/zos-ftp-for-zowe-cli/node_modules/@zowe/cli/node_modules/err-code
929 silly REMOVE node_modules/@zowe/zos-ftp-for-zowe-cli/node_modules/@zowe/cli/node_modules/env-paths
930 silly REMOVE node_modules/@zowe/zos-ftp-for-zowe-cli/node_modules/@zowe/cli/node_modules/entities
931 silly REMOVE node_modules/@zowe/zos-ftp-for-zowe-cli/node_modules/@zowe/cli/node_modules/encoding
932 silly REMOVE node_modules/@zowe/zos-ftp-for-zowe-cli/node_modules/@zowe/cli/node_modules/encoding/node_modules/iconv-lite
933 silly REMOVE node_modules/@zowe/zos-ftp-for-zowe-cli/node_modules/@zowe/cli/node_modules/emoji-regex
934 silly REMOVE node_modules/@zowe/zos-ftp-for-zowe-cli/node_modules/@zowe/cli/node_modules/eastasianwidth
935 silly REMOVE node_modules/@zowe/zos-ftp-for-zowe-cli/node_modules/@zowe/cli/node_modules/diff-sequences
936 silly REMOVE node_modules/@zowe/zos-ftp-for-zowe-cli/node_modules/@zowe/cli/node_modules/deepmerge
937 silly REMOVE node_modules/@zowe/zos-ftp-for-zowe-cli/node_modules/@zowe/cli/node_modules/debug
938 silly REMOVE node_modules/@zowe/zos-ftp-for-zowe-cli/node_modules/@zowe/cli/node_modules/date-format
939 silly REMOVE node_modules/@zowe/zos-ftp-for-zowe-cli/node_modules/@zowe/cli/node_modules/dataobject-parser
940 silly REMOVE node_modules/@zowe/zos-ftp-for-zowe-cli/node_modules/@zowe/cli/node_modules/cross-spawn
941 silly REMOVE node_modules/@zowe/zos-ftp-for-zowe-cli/node_modules/@zowe/cli/node_modules/cross-spawn/node_modules/which
942 silly REMOVE node_modules/@zowe/zos-ftp-for-zowe-cli/node_modules/@zowe/cli/node_modules/cross-spawn/node_modules/isexe
943 silly REMOVE node_modules/@zowe/zos-ftp-for-zowe-cli/node_modules/@zowe/cli/node_modules/core-util-is
944 silly REMOVE node_modules/@zowe/zos-ftp-for-zowe-cli/node_modules/@zowe/cli/node_modules/comment-json
945 silly REMOVE node_modules/@zowe/zos-ftp-for-zowe-cli/node_modules/@zowe/cli/node_modules/commander
946 silly REMOVE node_modules/@zowe/zos-ftp-for-zowe-cli/node_modules/@zowe/cli/node_modules/colors
947 silly REMOVE node_modules/@zowe/zos-ftp-for-zowe-cli/node_modules/@zowe/cli/node_modules/color-name
948 silly REMOVE node_modules/@zowe/zos-ftp-for-zowe-cli/node_modules/@zowe/cli/node_modules/color-convert
949 silly REMOVE node_modules/@zowe/zos-ftp-for-zowe-cli/node_modules/@zowe/cli/node_modules/cli-table3
950 silly REMOVE node_modules/@zowe/zos-ftp-for-zowe-cli/node_modules/@zowe/cli/node_modules/clean-stack
951 silly REMOVE node_modules/@zowe/zos-ftp-for-zowe-cli/node_modules/@zowe/cli/node_modules/chalk
952 silly REMOVE node_modules/@zowe/zos-ftp-for-zowe-cli/node_modules/@zowe/cli/node_modules/braces
953 silly REMOVE node_modules/@zowe/zos-ftp-for-zowe-cli/node_modules/@zowe/cli/node_modules/bcrypt-pbkdf
954 silly REMOVE node_modules/@zowe/zos-ftp-for-zowe-cli/node_modules/@zowe/cli/node_modules/balanced-match
955 silly REMOVE node_modules/@zowe/zos-ftp-for-zowe-cli/node_modules/@zowe/cli/node_modules/asn1
956 silly REMOVE node_modules/@zowe/zos-ftp-for-zowe-cli/node_modules/@zowe/cli/node_modules/array-timsort
957 silly REMOVE node_modules/@zowe/zos-ftp-for-zowe-cli/node_modules/@zowe/cli/node_modules/argparse
958 silly REMOVE node_modules/@zowe/zos-ftp-for-zowe-cli/node_modules/@zowe/cli/node_modules/ansi-styles
959 silly REMOVE node_modules/@zowe/zos-ftp-for-zowe-cli/node_modules/@zowe/cli/node_modules/ansi-regex
960 silly REMOVE node_modules/@zowe/zos-ftp-for-zowe-cli/node_modules/@zowe/cli/node_modules/aggregate-error
961 silly REMOVE node_modules/@zowe/zos-ftp-for-zowe-cli/node_modules/@zowe/cli/node_modules/@zowe/zosmf-for-zowe-sdk
962 silly REMOVE node_modules/@zowe/zos-ftp-for-zowe-cli/node_modules/@zowe/cli/node_modules/@zowe/zos-workflows-for-zowe-sdk
963 silly REMOVE node_modules/@zowe/zos-ftp-for-zowe-cli/node_modules/@zowe/cli/node_modules/@zowe/zos-uss-for-zowe-sdk
964 silly REMOVE node_modules/@zowe/zos-ftp-for-zowe-cli/node_modules/@zowe/cli/node_modules/@zowe/zos-tso-for-zowe-sdk
965 silly REMOVE node_modules/@zowe/zos-ftp-for-zowe-cli/node_modules/@zowe/cli/node_modules/@zowe/zos-logs-for-zowe-sdk
966 silly REMOVE node_modules/@zowe/zos-ftp-for-zowe-cli/node_modules/@zowe/cli/node_modules/@zowe/zos-jobs-for-zowe-sdk
967 silly REMOVE node_modules/@zowe/zos-ftp-for-zowe-cli/node_modules/@zowe/cli/node_modules/@zowe/zos-files-for-zowe-sdk
968 silly REMOVE node_modules/@zowe/zos-ftp-for-zowe-cli/node_modules/@zowe/cli/node_modules/@zowe/zos-console-for-zowe-sdk
969 silly REMOVE node_modules/@zowe/zos-ftp-for-zowe-cli/node_modules/@zowe/cli/node_modules/@zowe/secrets-for-zowe-sdk
970 silly REMOVE node_modules/@zowe/zos-ftp-for-zowe-cli/node_modules/@zowe/cli/node_modules/@zowe/provisioning-for-zowe-sdk
971 silly REMOVE node_modules/@zowe/zos-ftp-for-zowe-cli/node_modules/@zowe/cli/node_modules/@zowe/imperative
972 silly REMOVE node_modules/@zowe/zos-ftp-for-zowe-cli/node_modules/@zowe/cli/node_modules/@zowe/imperative/node_modules/https-proxy-agent
973 silly REMOVE node_modules/@zowe/zos-ftp-for-zowe-cli/node_modules/@zowe/cli/node_modules/@zowe/imperative/node_modules/http-proxy-agent
974 silly REMOVE node_modules/@zowe/zos-ftp-for-zowe-cli/node_modules/@zowe/cli/node_modules/@zowe/imperative/node_modules/highlight.js
975 silly REMOVE node_modules/@zowe/zos-ftp-for-zowe-cli/node_modules/@zowe/cli/node_modules/@zowe/imperative/node_modules/diff2html
976 silly REMOVE node_modules/@zowe/zos-ftp-for-zowe-cli/node_modules/@zowe/cli/node_modules/@zowe/imperative/node_modules/diff2html/node_modules/diff
977 silly REMOVE node_modules/@zowe/zos-ftp-for-zowe-cli/node_modules/@zowe/cli/node_modules/@zowe/imperative/node_modules/diff
978 silly REMOVE node_modules/@zowe/zos-ftp-for-zowe-cli/node_modules/@zowe/cli/node_modules/@zowe/imperative/node_modules/agent-base
979 silly REMOVE node_modules/@zowe/zos-ftp-for-zowe-cli/node_modules/@zowe/cli/node_modules/@zowe/core-for-zowe-sdk
980 silly REMOVE node_modules/@zowe/zos-ftp-for-zowe-cli/node_modules/@zowe/cli/node_modules/@zowe/cli-test-utils
981 silly REMOVE node_modules/@zowe/zos-ftp-for-zowe-cli/node_modules/@zowe/cli/node_modules/@types/yargs-parser
982 silly REMOVE node_modules/@zowe/zos-ftp-for-zowe-cli/node_modules/@zowe/cli/node_modules/@types/yargs
983 silly REMOVE node_modules/@zowe/zos-ftp-for-zowe-cli/node_modules/@zowe/cli/node_modules/@types/tar
984 silly REMOVE node_modules/@zowe/zos-ftp-for-zowe-cli/node_modules/@zowe/cli/node_modules/@types/tar/node_modules/minipass
985 silly REMOVE node_modules/@zowe/zos-ftp-for-zowe-cli/node_modules/@zowe/cli/node_modules/@types/node
986 silly REMOVE node_modules/@zowe/zos-ftp-for-zowe-cli/node_modules/@zowe/cli/node_modules/@types/lodash
987 silly REMOVE node_modules/@zowe/zos-ftp-for-zowe-cli/node_modules/@zowe/cli/node_modules/@types/diff
988 silly REMOVE node_modules/@zowe/zos-ftp-for-zowe-cli/node_modules/@zowe/cli/node_modules/@tufjs/models
989 silly REMOVE node_modules/@zowe/zos-ftp-for-zowe-cli/node_modules/@zowe/cli/node_modules/@tufjs/canonical-json
990 silly REMOVE node_modules/@zowe/zos-ftp-for-zowe-cli/node_modules/@zowe/cli/node_modules/@sinclair/typebox
991 silly REMOVE node_modules/@zowe/zos-ftp-for-zowe-cli/node_modules/@zowe/cli/node_modules/@sigstore/verify
992 silly REMOVE node_modules/@zowe/zos-ftp-for-zowe-cli/node_modules/@zowe/cli/node_modules/@sigstore/tuf
993 silly REMOVE node_modules/@zowe/zos-ftp-for-zowe-cli/node_modules/@zowe/cli/node_modules/@sigstore/sign
994 silly REMOVE node_modules/@zowe/zos-ftp-for-zowe-cli/node_modules/@zowe/cli/node_modules/@sigstore/sign/node_modules/unique-slug
995 silly REMOVE node_modules/@zowe/zos-ftp-for-zowe-cli/node_modules/@zowe/cli/node_modules/@sigstore/sign/node_modules/unique-filename
996 silly REMOVE node_modules/@zowe/zos-ftp-for-zowe-cli/node_modules/@zowe/cli/node_modules/@sigstore/sign/node_modules/ssri
997 silly REMOVE node_modules/@zowe/zos-ftp-for-zowe-cli/node_modules/@zowe/cli/node_modules/@sigstore/sign/node_modules/minipass-fetch
998 silly REMOVE node_modules/@zowe/zos-ftp-for-zowe-cli/node_modules/@zowe/cli/node_modules/@sigstore/sign/node_modules/minipass-collect
999 silly REMOVE node_modules/@zowe/zos-ftp-for-zowe-cli/node_modules/@zowe/cli/node_modules/@sigstore/sign/node_modules/minipass
1000 silly REMOVE node_modules/@zowe/zos-ftp-for-zowe-cli/node_modules/@zowe/cli/node_modules/@sigstore/sign/node_modules/make-fetch-happen
1001 silly REMOVE node_modules/@zowe/zos-ftp-for-zowe-cli/node_modules/@zowe/cli/node_modules/@sigstore/sign/node_modules/fs-minipass
1002 silly REMOVE node_modules/@zowe/zos-ftp-for-zowe-cli/node_modules/@zowe/cli/node_modules/@sigstore/sign/node_modules/cacache
1003 silly REMOVE node_modules/@zowe/zos-ftp-for-zowe-cli/node_modules/@zowe/cli/node_modules/@sigstore/sign/node_modules/@npmcli/fs
1004 silly REMOVE node_modules/@zowe/zos-ftp-for-zowe-cli/node_modules/@zowe/cli/node_modules/@sigstore/protobuf-specs
1005 silly REMOVE node_modules/@zowe/zos-ftp-for-zowe-cli/node_modules/@zowe/cli/node_modules/@sigstore/core
1006 silly REMOVE node_modules/@zowe/zos-ftp-for-zowe-cli/node_modules/@zowe/cli/node_modules/@sigstore/bundle
1007 silly REMOVE node_modules/@zowe/zos-ftp-for-zowe-cli/node_modules/@zowe/cli/node_modules/@pkgjs/parseargs
1008 silly REMOVE node_modules/@zowe/zos-ftp-for-zowe-cli/node_modules/@zowe/cli/node_modules/@npmcli/redact
1009 silly REMOVE node_modules/@zowe/zos-ftp-for-zowe-cli/node_modules/@zowe/cli/node_modules/@npmcli/promise-spawn
1010 silly REMOVE node_modules/@zowe/zos-ftp-for-zowe-cli/node_modules/@zowe/cli/node_modules/@npmcli/git
1011 silly REMOVE node_modules/@zowe/zos-ftp-for-zowe-cli/node_modules/@zowe/cli/node_modules/@npmcli/git/node_modules/proc-log
1012 silly REMOVE node_modules/@zowe/zos-ftp-for-zowe-cli/node_modules/@zowe/cli/node_modules/@npmcli/git/node_modules/npm-pick-manifest
1013 silly REMOVE node_modules/@zowe/zos-ftp-for-zowe-cli/node_modules/@zowe/cli/node_modules/@npmcli/git/node_modules/npm-normalize-package-bin
1014 silly REMOVE node_modules/@zowe/zos-ftp-for-zowe-cli/node_modules/@zowe/cli/node_modules/@npmcli/agent
1015 silly REMOVE node_modules/@zowe/zos-ftp-for-zowe-cli/node_modules/@zowe/cli/node_modules/@npmcli/agent/node_modules/socks-proxy-agent
1016 silly REMOVE node_modules/@zowe/zos-ftp-for-zowe-cli/node_modules/@zowe/cli/node_modules/@npmcli/agent/node_modules/https-proxy-agent
1017 silly REMOVE node_modules/@zowe/zos-ftp-for-zowe-cli/node_modules/@zowe/cli/node_modules/@npmcli/agent/node_modules/http-proxy-agent
1018 silly REMOVE node_modules/@zowe/zos-ftp-for-zowe-cli/node_modules/@zowe/cli/node_modules/@npmcli/agent/node_modules/agent-base
1019 silly REMOVE node_modules/@zowe/zos-ftp-for-zowe-cli/node_modules/@zowe/cli/node_modules/@nodelib/fs.walk
1020 silly REMOVE node_modules/@zowe/zos-ftp-for-zowe-cli/node_modules/@zowe/cli/node_modules/@nodelib/fs.stat
1021 silly REMOVE node_modules/@zowe/zos-ftp-for-zowe-cli/node_modules/@zowe/cli/node_modules/@nodelib/fs.scandir
1022 silly REMOVE node_modules/@zowe/zos-ftp-for-zowe-cli/node_modules/@zowe/cli/node_modules/@jest/schemas
1023 silly REMOVE node_modules/@zowe/zos-ftp-for-zowe-cli/node_modules/@zowe/cli/node_modules/@isaacs/cliui
1024 silly REMOVE node_modules/@zowe/zos-ftp-for-zowe-cli/node_modules/@zowe/cli/node_modules/@isaacs/cliui/node_modules/wrap-ansi
1025 silly REMOVE node_modules/@zowe/zos-ftp-for-zowe-cli/node_modules/@zowe/cli/node_modules/@isaacs/cliui/node_modules/strip-ansi
1026 silly REMOVE node_modules/@zowe/zos-ftp-for-zowe-cli/node_modules/@zowe/cli/node_modules/@isaacs/cliui/node_modules/string-width
1027 silly REMOVE node_modules/@zowe/zos-ftp-for-zowe-cli/node_modules/@zowe/cli/node_modules/@isaacs/cliui/node_modules/emoji-regex
1028 silly REMOVE node_modules/@zowe/zos-ftp-for-zowe-cli/node_modules/@zowe/cli/node_modules/@isaacs/cliui/node_modules/ansi-styles
1029 silly REMOVE node_modules/@zowe/zos-ftp-for-zowe-cli/node_modules/@zowe/cli/node_modules/@isaacs/cliui/node_modules/ansi-regex
1030 silly REMOVE node_modules/@zowe/zos-ftp-for-zowe-cli/node_modules/@zowe/cli/node_modules/@colors/colors
1031 silly REMOVE node_modules/@zowe/zos-ftp-for-zowe-cli/node_modules/@ungap/structured-clone
1032 silly REMOVE node_modules/@zowe/zos-ftp-for-zowe-cli/node_modules/@typescript-eslint/visitor-keys
1033 silly REMOVE node_modules/@zowe/zos-ftp-for-zowe-cli/node_modules/@typescript-eslint/utils
1034 silly REMOVE node_modules/@zowe/zos-ftp-for-zowe-cli/node_modules/@typescript-eslint/typescript-estree
1035 silly REMOVE node_modules/@zowe/zos-ftp-for-zowe-cli/node_modules/@typescript-eslint/types
1036 silly REMOVE node_modules/@zowe/zos-ftp-for-zowe-cli/node_modules/@typescript-eslint/type-utils
1037 silly REMOVE node_modules/@zowe/zos-ftp-for-zowe-cli/node_modules/@typescript-eslint/scope-manager
1038 silly REMOVE node_modules/@zowe/zos-ftp-for-zowe-cli/node_modules/@typescript-eslint/parser
1039 silly REMOVE node_modules/@zowe/zos-ftp-for-zowe-cli/node_modules/@typescript-eslint/eslint-plugin
1040 silly REMOVE node_modules/@zowe/zos-ftp-for-zowe-cli/node_modules/@types/yargs-parser
1041 silly REMOVE node_modules/@zowe/zos-ftp-for-zowe-cli/node_modules/@types/yargs
1042 silly REMOVE node_modules/@zowe/zos-ftp-for-zowe-cli/node_modules/@types/stack-utils
1043 silly REMOVE node_modules/@zowe/zos-ftp-for-zowe-cli/node_modules/@types/semver
1044 silly REMOVE node_modules/@zowe/zos-ftp-for-zowe-cli/node_modules/@types/node
1045 silly REMOVE node_modules/@zowe/zos-ftp-for-zowe-cli/node_modules/@types/json5
1046 silly REMOVE node_modules/@zowe/zos-ftp-for-zowe-cli/node_modules/@types/json-schema
1047 silly REMOVE node_modules/@zowe/zos-ftp-for-zowe-cli/node_modules/@types/jest
1048 silly REMOVE node_modules/@zowe/zos-ftp-for-zowe-cli/node_modules/@types/istanbul-reports
1049 silly REMOVE node_modules/@zowe/zos-ftp-for-zowe-cli/node_modules/@types/istanbul-lib-report
1050 silly REMOVE node_modules/@zowe/zos-ftp-for-zowe-cli/node_modules/@types/istanbul-lib-coverage
1051 silly REMOVE node_modules/@zowe/zos-ftp-for-zowe-cli/node_modules/@types/graceful-fs
1052 silly REMOVE node_modules/@zowe/zos-ftp-for-zowe-cli/node_modules/@types/babel__traverse
1053 silly REMOVE node_modules/@zowe/zos-ftp-for-zowe-cli/node_modules/@types/babel__template
1054 silly REMOVE node_modules/@zowe/zos-ftp-for-zowe-cli/node_modules/@types/babel__generator
1055 silly REMOVE node_modules/@zowe/zos-ftp-for-zowe-cli/node_modules/@types/babel__core
1056 silly REMOVE node_modules/@zowe/zos-ftp-for-zowe-cli/node_modules/@tufjs/models
1057 silly REMOVE node_modules/@zowe/zos-ftp-for-zowe-cli/node_modules/@tufjs/canonical-json
1058 silly REMOVE node_modules/@zowe/zos-ftp-for-zowe-cli/node_modules/@sinonjs/fake-timers
1059 silly REMOVE node_modules/@zowe/zos-ftp-for-zowe-cli/node_modules/@sinonjs/commons
1060 silly REMOVE node_modules/@zowe/zos-ftp-for-zowe-cli/node_modules/@sinclair/typebox
1061 silly REMOVE node_modules/@zowe/zos-ftp-for-zowe-cli/node_modules/@sigstore/verify
1062 silly REMOVE node_modules/@zowe/zos-ftp-for-zowe-cli/node_modules/@sigstore/tuf
1063 silly REMOVE node_modules/@zowe/zos-ftp-for-zowe-cli/node_modules/@sigstore/sign
1064 silly REMOVE node_modules/@zowe/zos-ftp-for-zowe-cli/node_modules/@sigstore/protobuf-specs
1065 silly REMOVE node_modules/@zowe/zos-ftp-for-zowe-cli/node_modules/@sigstore/core
1066 silly REMOVE node_modules/@zowe/zos-ftp-for-zowe-cli/node_modules/@sigstore/bundle
1067 silly REMOVE node_modules/@zowe/zos-ftp-for-zowe-cli/node_modules/@popperjs/core
1068 silly REMOVE node_modules/@zowe/zos-ftp-for-zowe-cli/node_modules/@pkgjs/parseargs
1069 silly REMOVE node_modules/@zowe/zos-ftp-for-zowe-cli/node_modules/@npmcli/run-script
1070 silly REMOVE node_modules/@zowe/zos-ftp-for-zowe-cli/node_modules/@npmcli/redact
1071 silly REMOVE node_modules/@zowe/zos-ftp-for-zowe-cli/node_modules/@npmcli/promise-spawn
1072 silly REMOVE node_modules/@zowe/zos-ftp-for-zowe-cli/node_modules/@npmcli/package-json
1073 silly REMOVE node_modules/@zowe/zos-ftp-for-zowe-cli/node_modules/@npmcli/package-json/node_modules/glob
1074 silly REMOVE node_modules/@zowe/zos-ftp-for-zowe-cli/node_modules/@npmcli/node-gyp
1075 silly REMOVE node_modules/@zowe/zos-ftp-for-zowe-cli/node_modules/@npmcli/installed-package-contents
1076 silly REMOVE node_modules/@zowe/zos-ftp-for-zowe-cli/node_modules/@npmcli/git
1077 silly REMOVE node_modules/@zowe/zos-ftp-for-zowe-cli/node_modules/@npmcli/git/node_modules/lru-cache
1078 silly REMOVE node_modules/@zowe/zos-ftp-for-zowe-cli/node_modules/@npmcli/fs
1079 silly REMOVE node_modules/@zowe/zos-ftp-for-zowe-cli/node_modules/@npmcli/agent
1080 silly REMOVE node_modules/@zowe/zos-ftp-for-zowe-cli/node_modules/@npmcli/agent/node_modules/lru-cache
1081 silly REMOVE node_modules/@zowe/zos-ftp-for-zowe-cli/node_modules/@nodelib/fs.walk
1082 silly REMOVE node_modules/@zowe/zos-ftp-for-zowe-cli/node_modules/@nodelib/fs.stat
1083 silly REMOVE node_modules/@zowe/zos-ftp-for-zowe-cli/node_modules/@nodelib/fs.scandir
1084 silly REMOVE node_modules/@zowe/zos-ftp-for-zowe-cli/node_modules/@kurkle/color
1085 silly REMOVE node_modules/@zowe/zos-ftp-for-zowe-cli/node_modules/@jridgewell/trace-mapping
1086 silly REMOVE node_modules/@zowe/zos-ftp-for-zowe-cli/node_modules/@jridgewell/sourcemap-codec
1087 silly REMOVE node_modules/@zowe/zos-ftp-for-zowe-cli/node_modules/@jridgewell/set-array
1088 silly REMOVE node_modules/@zowe/zos-ftp-for-zowe-cli/node_modules/@jridgewell/resolve-uri
1089 silly REMOVE node_modules/@zowe/zos-ftp-for-zowe-cli/node_modules/@jridgewell/gen-mapping
1090 silly REMOVE node_modules/@zowe/zos-ftp-for-zowe-cli/node_modules/@jest/types
1091 silly REMOVE node_modules/@zowe/zos-ftp-for-zowe-cli/node_modules/@jest/transform
1092 silly REMOVE node_modules/@zowe/zos-ftp-for-zowe-cli/node_modules/@jest/test-sequencer
1093 silly REMOVE node_modules/@zowe/zos-ftp-for-zowe-cli/node_modules/@jest/test-result
1094 silly REMOVE node_modules/@zowe/zos-ftp-for-zowe-cli/node_modules/@jest/source-map
1095 silly REMOVE node_modules/@zowe/zos-ftp-for-zowe-cli/node_modules/@jest/schemas
1096 silly REMOVE node_modules/@zowe/zos-ftp-for-zowe-cli/node_modules/@jest/reporters
1097 silly REMOVE node_modules/@zowe/zos-ftp-for-zowe-cli/node_modules/@jest/globals
1098 silly REMOVE node_modules/@zowe/zos-ftp-for-zowe-cli/node_modules/@jest/fake-timers
1099 silly REMOVE node_modules/@zowe/zos-ftp-for-zowe-cli/node_modules/@jest/expect-utils
1100 silly REMOVE node_modules/@zowe/zos-ftp-for-zowe-cli/node_modules/@jest/expect
1101 silly REMOVE node_modules/@zowe/zos-ftp-for-zowe-cli/node_modules/@jest/environment
1102 silly REMOVE node_modules/@zowe/zos-ftp-for-zowe-cli/node_modules/@jest/core
1103 silly REMOVE node_modules/@zowe/zos-ftp-for-zowe-cli/node_modules/@jest/console
1104 silly REMOVE node_modules/@zowe/zos-ftp-for-zowe-cli/node_modules/@istanbuljs/schema
1105 silly REMOVE node_modules/@zowe/zos-ftp-for-zowe-cli/node_modules/@istanbuljs/load-nyc-config
1106 silly REMOVE node_modules/@zowe/zos-ftp-for-zowe-cli/node_modules/@istanbuljs/load-nyc-config/node_modules/sprintf-js
1107 silly REMOVE node_modules/@zowe/zos-ftp-for-zowe-cli/node_modules/@istanbuljs/load-nyc-config/node_modules/resolve-from
1108 silly REMOVE node_modules/@zowe/zos-ftp-for-zowe-cli/node_modules/@istanbuljs/load-nyc-config/node_modules/p-locate
1109 silly REMOVE node_modules/@zowe/zos-ftp-for-zowe-cli/node_modules/@istanbuljs/load-nyc-config/node_modules/p-limit
1110 silly REMOVE node_modules/@zowe/zos-ftp-for-zowe-cli/node_modules/@istanbuljs/load-nyc-config/node_modules/locate-path
1111 silly REMOVE node_modules/@zowe/zos-ftp-for-zowe-cli/node_modules/@istanbuljs/load-nyc-config/node_modules/js-yaml
1112 silly REMOVE node_modules/@zowe/zos-ftp-for-zowe-cli/node_modules/@istanbuljs/load-nyc-config/node_modules/find-up
1113 silly REMOVE node_modules/@zowe/zos-ftp-for-zowe-cli/node_modules/@istanbuljs/load-nyc-config/node_modules/argparse
1114 silly REMOVE node_modules/@zowe/zos-ftp-for-zowe-cli/node_modules/@isaacs/cliui
1115 silly REMOVE node_modules/@zowe/zos-ftp-for-zowe-cli/node_modules/@isaacs/cliui/node_modules/wrap-ansi
1116 silly REMOVE node_modules/@zowe/zos-ftp-for-zowe-cli/node_modules/@isaacs/cliui/node_modules/strip-ansi
1117 silly REMOVE node_modules/@zowe/zos-ftp-for-zowe-cli/node_modules/@isaacs/cliui/node_modules/string-width
1118 silly REMOVE node_modules/@zowe/zos-ftp-for-zowe-cli/node_modules/@isaacs/cliui/node_modules/emoji-regex
1119 silly REMOVE node_modules/@zowe/zos-ftp-for-zowe-cli/node_modules/@isaacs/cliui/node_modules/ansi-styles
1120 silly REMOVE node_modules/@zowe/zos-ftp-for-zowe-cli/node_modules/@isaacs/cliui/node_modules/ansi-regex
1121 silly REMOVE node_modules/@zowe/zos-ftp-for-zowe-cli/node_modules/@humanwhocodes/object-schema
1122 silly REMOVE node_modules/@zowe/zos-ftp-for-zowe-cli/node_modules/@humanwhocodes/module-importer
1123 silly REMOVE node_modules/@zowe/zos-ftp-for-zowe-cli/node_modules/@humanwhocodes/config-array
1124 silly REMOVE node_modules/@zowe/zos-ftp-for-zowe-cli/node_modules/@humanwhocodes/config-array/node_modules/minimatch
1125 silly REMOVE node_modules/@zowe/zos-ftp-for-zowe-cli/node_modules/@humanwhocodes/config-array/node_modules/brace-expansion
1126 silly REMOVE node_modules/@zowe/zos-ftp-for-zowe-cli/node_modules/@eslint/js
1127 silly REMOVE node_modules/@zowe/zos-ftp-for-zowe-cli/node_modules/@eslint/eslintrc
1128 silly REMOVE node_modules/@zowe/zos-ftp-for-zowe-cli/node_modules/@eslint/eslintrc/node_modules/minimatch
1129 silly REMOVE node_modules/@zowe/zos-ftp-for-zowe-cli/node_modules/@eslint/eslintrc/node_modules/brace-expansion
1130 silly REMOVE node_modules/@zowe/zos-ftp-for-zowe-cli/node_modules/@eslint-community/regexpp
1131 silly REMOVE node_modules/@zowe/zos-ftp-for-zowe-cli/node_modules/@eslint-community/eslint-utils
1132 silly REMOVE node_modules/@zowe/zos-ftp-for-zowe-cli/node_modules/@dependents/detective-less
1133 silly REMOVE node_modules/@zowe/zos-ftp-for-zowe-cli/node_modules/@colors/colors
1134 silly REMOVE node_modules/@zowe/zos-ftp-for-zowe-cli/node_modules/@bcoe/v8-coverage
1135 silly REMOVE node_modules/@zowe/zos-ftp-for-zowe-cli/node_modules/@babel/types
1136 silly REMOVE node_modules/@zowe/zos-ftp-for-zowe-cli/node_modules/@babel/traverse
1137 silly REMOVE node_modules/@zowe/zos-ftp-for-zowe-cli/node_modules/@babel/traverse/node_modules/globals
1138 silly REMOVE node_modules/@zowe/zos-ftp-for-zowe-cli/node_modules/@babel/template
1139 silly REMOVE node_modules/@zowe/zos-ftp-for-zowe-cli/node_modules/@babel/plugin-syntax-typescript
1140 silly REMOVE node_modules/@zowe/zos-ftp-for-zowe-cli/node_modules/@babel/plugin-syntax-top-level-await
1141 silly REMOVE node_modules/@zowe/zos-ftp-for-zowe-cli/node_modules/@babel/plugin-syntax-private-property-in-object
1142 silly REMOVE node_modules/@zowe/zos-ftp-for-zowe-cli/node_modules/@babel/plugin-syntax-optional-chaining
1143 silly REMOVE node_modules/@zowe/zos-ftp-for-zowe-cli/node_modules/@babel/plugin-syntax-optional-catch-binding
1144 silly REMOVE node_modules/@zowe/zos-ftp-for-zowe-cli/node_modules/@babel/plugin-syntax-object-rest-spread
1145 silly REMOVE node_modules/@zowe/zos-ftp-for-zowe-cli/node_modules/@babel/plugin-syntax-numeric-separator
1146 silly REMOVE node_modules/@zowe/zos-ftp-for-zowe-cli/node_modules/@babel/plugin-syntax-nullish-coalescing-operator
1147 silly REMOVE node_modules/@zowe/zos-ftp-for-zowe-cli/node_modules/@babel/plugin-syntax-logical-assignment-operators
1148 silly REMOVE node_modules/@zowe/zos-ftp-for-zowe-cli/node_modules/@babel/plugin-syntax-jsx
1149 silly REMOVE node_modules/@zowe/zos-ftp-for-zowe-cli/node_modules/@babel/plugin-syntax-json-strings
1150 silly REMOVE node_modules/@zowe/zos-ftp-for-zowe-cli/node_modules/@babel/plugin-syntax-import-meta
1151 silly REMOVE node_modules/@zowe/zos-ftp-for-zowe-cli/node_modules/@babel/plugin-syntax-import-attributes
1152 silly REMOVE node_modules/@zowe/zos-ftp-for-zowe-cli/node_modules/@babel/plugin-syntax-class-static-block
1153 silly REMOVE node_modules/@zowe/zos-ftp-for-zowe-cli/node_modules/@babel/plugin-syntax-class-properties
1154 silly REMOVE node_modules/@zowe/zos-ftp-for-zowe-cli/node_modules/@babel/plugin-syntax-bigint
1155 silly REMOVE node_modules/@zowe/zos-ftp-for-zowe-cli/node_modules/@babel/plugin-syntax-async-generators
1156 silly REMOVE node_modules/@zowe/zos-ftp-for-zowe-cli/node_modules/@babel/parser
1157 silly REMOVE node_modules/@zowe/zos-ftp-for-zowe-cli/node_modules/@babel/highlight
1158 silly REMOVE node_modules/@zowe/zos-ftp-for-zowe-cli/node_modules/@babel/highlight/node_modules/supports-color
1159 silly REMOVE node_modules/@zowe/zos-ftp-for-zowe-cli/node_modules/@babel/highlight/node_modules/has-flag
1160 silly REMOVE node_modules/@zowe/zos-ftp-for-zowe-cli/node_modules/@babel/highlight/node_modules/escape-string-regexp
1161 silly REMOVE node_modules/@zowe/zos-ftp-for-zowe-cli/node_modules/@babel/highlight/node_modules/color-name
1162 silly REMOVE node_modules/@zowe/zos-ftp-for-zowe-cli/node_modules/@babel/highlight/node_modules/color-convert
1163 silly REMOVE node_modules/@zowe/zos-ftp-for-zowe-cli/node_modules/@babel/highlight/node_modules/chalk
1164 silly REMOVE node_modules/@zowe/zos-ftp-for-zowe-cli/node_modules/@babel/highlight/node_modules/ansi-styles
1165 silly REMOVE node_modules/@zowe/zos-ftp-for-zowe-cli/node_modules/@babel/helpers
1166 silly REMOVE node_modules/@zowe/zos-ftp-for-zowe-cli/node_modules/@babel/helper-validator-option
1167 silly REMOVE node_modules/@zowe/zos-ftp-for-zowe-cli/node_modules/@babel/helper-validator-identifier
1168 silly REMOVE node_modules/@zowe/zos-ftp-for-zowe-cli/node_modules/@babel/helper-string-parser
1169 silly REMOVE node_modules/@zowe/zos-ftp-for-zowe-cli/node_modules/@babel/helper-simple-access
1170 silly REMOVE node_modules/@zowe/zos-ftp-for-zowe-cli/node_modules/@babel/helper-plugin-utils
1171 silly REMOVE node_modules/@zowe/zos-ftp-for-zowe-cli/node_modules/@babel/helper-module-transforms
1172 silly REMOVE node_modules/@zowe/zos-ftp-for-zowe-cli/node_modules/@babel/helper-module-imports
1173 silly REMOVE node_modules/@zowe/zos-ftp-for-zowe-cli/node_modules/@babel/helper-compilation-targets
1174 silly REMOVE node_modules/@zowe/zos-ftp-for-zowe-cli/node_modules/@babel/helper-compilation-targets/node_modules/semver
1175 silly REMOVE node_modules/@zowe/zos-ftp-for-zowe-cli/node_modules/@babel/generator
1176 silly REMOVE node_modules/@zowe/zos-ftp-for-zowe-cli/node_modules/@babel/core
1177 silly REMOVE node_modules/@zowe/zos-ftp-for-zowe-cli/node_modules/@babel/core/node_modules/semver
1178 silly REMOVE node_modules/@zowe/zos-ftp-for-zowe-cli/node_modules/@babel/compat-data
1179 silly REMOVE node_modules/@zowe/zos-ftp-for-zowe-cli/node_modules/@babel/code-frame
1180 silly REMOVE node_modules/@zowe/zos-ftp-for-zowe-cli/node_modules/@ampproject/remapping
1181 verbose cwd C:\Users\NicholasChien\Documents\VSCode4z-InstantPack-work\npm-cache\npm-tmp
1182 verbose os Windows_NT 10.0.26100
1183 verbose node v22.16.0
1184 verbose npm  v10.9.2
1185 verbose exit 0
1186 info ok
