0 verbose cli C:\Program Files\nodejs\node.exe C:\Program Files\nodejs\node_modules\npm\bin\npm-cli.js
1 info using npm@10.9.2
2 info using node@v22.16.0
3 silly config load:file:C:\Program Files\nodejs\node_modules\npm\npmrc
4 silly config load:file:C:\Users\NicholasChien\Documents\VSCode4z-InstantPack-work\npm-cache\npm-tmp\.npmrc
5 silly config load:file:C:\Users\NicholasChien\.npmrc
6 silly config load:file:C:\Users\NicholasChien\AppData\Roaming\npm\etc\npmrc
7 verbose title npm install @zowe/cics-for-zowe-cli@6.13.0
8 verbose argv "install" "--no-fund" "--no-audit" "--no-save" "--no-package-lock" "--prefer-online" "--cache" "C:\\Users\\NicholasChien\\Documents\\VSCode4z-InstantPack-work\\npm-cache" "@zowe/cics-for-zowe-cli@6.13.0"
9 verbose logfile logs-max:10 dir:C:\Users\NicholasChien\Documents\VSCode4z-InstantPack-work\npm-cache\_logs\2025-11-28T07_17_36_279Z-
10 verbose logfile C:\Users\NicholasChien\Documents\VSCode4z-InstantPack-work\npm-cache\_logs\2025-11-28T07_17_36_279Z-debug-0.log
11 silly logfile done cleaning log files
12 silly packumentCache heap:4345298944 maxSize:1086324736 maxEntrySize:543162368
13 silly idealTree buildDeps
14 silly fetch manifest @zowe/cics-for-zowe-cli@6.13.0
15 silly packumentCache full:https://registry.npmjs.org/@zowe%2fcics-for-zowe-cli cache-miss
16 http fetch GET 200 https://registry.npmjs.org/@zowe%2fcics-for-zowe-cli 1680ms (cache revalidated)
17 silly packumentCache full:https://registry.npmjs.org/@zowe%2fcics-for-zowe-cli set size:261490 disposed:false
18 silly fetch manifest @zowe/imperative@^8.0.0
19 silly packumentCache full:https://registry.npmjs.org/@zowe%2fimperative cache-miss
20 http fetch GET 200 https://registry.npmjs.org/@zowe%2fimperative 87ms (cache revalidated)
21 silly packumentCache full:https://registry.npmjs.org/@zowe%2fimperative set size:2315670 disposed:false
22 silly placeDep ROOT @zowe/cics-for-zowe-cli@6.13.0 OK for:  want: 6.13.0
23 silly placeDep ROOT @zowe/imperative@8.29.4 OK for: @zowe/cics-for-zowe-cli@6.13.0 want: ^8.0.0
24 silly fetch manifest @zowe/cics-for-zowe-sdk@6.13.0
25 silly packumentCache full:https://registry.npmjs.org/@zowe%2fcics-for-zowe-sdk cache-miss
26 silly fetch manifest diff@^5.2.0
27 silly packumentCache full:https://registry.npmjs.org/diff cache-miss
28 silly fetch manifest read@^3.0.1
29 silly packumentCache full:https://registry.npmjs.org/read cache-miss
30 silly fetch manifest chalk@^4.1.2
31 silly packumentCache full:https://registry.npmjs.org/chalk cache-miss
32 silly fetch manifest dayjs@1.11.13
33 silly packumentCache full:https://registry.npmjs.org/dayjs cache-miss
34 silly fetch manifest which@^4.0.0
35 silly packumentCache full:https://registry.npmjs.org/which cache-miss
36 silly fetch manifest yargs@^17.7.2
37 silly packumentCache full:https://registry.npmjs.org/yargs cache-miss
38 silly fetch manifest lodash@^4.17.21
39 silly packumentCache full:https://registry.npmjs.org/lodash cache-miss
40 silly fetch manifest log4js@^6.9.1
41 silly packumentCache full:https://registry.npmjs.org/log4js cache-miss
42 silly fetch manifest opener@^1.5.2
43 silly packumentCache full:https://registry.npmjs.org/opener cache-miss
44 silly fetch manifest pacote@^18.0.6
45 silly packumentCache full:https://registry.npmjs.org/pacote cache-miss
46 silly fetch manifest semver@^7.5.2
47 silly packumentCache full:https://registry.npmjs.org/semver cache-miss
48 silly fetch manifest find-up@^5.0.0
49 silly packumentCache full:https://registry.npmjs.org/find-up cache-miss
50 http fetch GET 200 https://registry.npmjs.org/yargs 194ms (cache revalidated)
51 silly packumentCache full:https://registry.npmjs.org/yargs set size:743056 disposed:false
52 silly fetch manifest js-yaml@^4.1.0
53 silly packumentCache full:https://registry.npmjs.org/js-yaml cache-miss
54 http fetch GET 200 https://registry.npmjs.org/find-up 220ms (cache revalidated)
55 silly packumentCache full:https://registry.npmjs.org/find-up set size:42620 disposed:false
56 silly fetch manifest winston@^3.17.0
57 silly packumentCache full:https://registry.npmjs.org/winston cache-miss
58 http fetch GET 200 https://registry.npmjs.org/read 235ms (cache revalidated)
59 silly packumentCache full:https://registry.npmjs.org/read set size:41363 disposed:false
60 silly fetch manifest fs-extra@^11.0.0
61 silly packumentCache full:https://registry.npmjs.org/fs-extra cache-miss
62 http fetch GET 200 https://registry.npmjs.org/chalk 240ms (cache revalidated)
63 silly packumentCache full:https://registry.npmjs.org/chalk set size:117861 disposed:false
64 silly fetch manifest jsonfile@^6.0.0
65 silly packumentCache full:https://registry.npmjs.org/jsonfile cache-miss
66 http fetch GET 200 https://registry.npmjs.org/diff 264ms (cache revalidated)
67 silly packumentCache full:https://registry.npmjs.org/diff set size:149252 disposed:false
68 silly fetch manifest mustache@^4.2.0
69 silly packumentCache full:https://registry.npmjs.org/mustache cache-miss
70 http fetch GET 200 https://registry.npmjs.org/which 267ms (cache revalidated)
71 silly packumentCache full:https://registry.npmjs.org/which set size:65264 disposed:false
72 silly fetch manifest progress@^2.0.3
73 silly packumentCache full:https://registry.npmjs.org/progress cache-miss
74 http fetch GET 200 https://registry.npmjs.org/lodash 270ms (cache revalidated)
75 silly packumentCache full:https://registry.npmjs.org/lodash set size:242470 disposed:false
76 silly fetch manifest deepmerge@^4.3.1
77 silly packumentCache full:https://registry.npmjs.org/deepmerge cache-miss
78 http fetch GET 200 https://registry.npmjs.org/opener 277ms (cache revalidated)
79 silly packumentCache full:https://registry.npmjs.org/opener set size:21206 disposed:false
80 silly fetch manifest diff2html@3.4.20-usewontache.1.60e7a2e
81 silly packumentCache full:https://registry.npmjs.org/diff2html cache-miss
82 http fetch GET 200 https://registry.npmjs.org/log4js 282ms (cache revalidated)
83 silly packumentCache full:https://registry.npmjs.org/log4js set size:409691 disposed:false
84 silly fetch manifest fast-glob@^3.3.2
85 silly packumentCache full:https://registry.npmjs.org/fast-glob cache-miss
86 http fetch GET 200 https://registry.npmjs.org/semver 287ms (cache revalidated)
87 silly packumentCache full:https://registry.npmjs.org/semver set size:226907 disposed:false
88 silly fetch manifest jest-diff@^29.0.0
89 silly packumentCache full:https://registry.npmjs.org/jest-diff cache-miss
90 http fetch GET 200 https://registry.npmjs.org/pacote 304ms (cache revalidated)
91 silly packumentCache full:https://registry.npmjs.org/pacote set size:734587 disposed:false
92 silly fetch manifest wrap-ansi@^7.0.0
93 silly packumentCache full:https://registry.npmjs.org/wrap-ansi cache-miss
94 http fetch GET 200 https://registry.npmjs.org/dayjs 332ms (cache revalidated)
95 silly packumentCache full:https://registry.npmjs.org/dayjs set size:483478 disposed:false
96 silly fetch manifest cli-table3@^0.6.3
97 silly packumentCache full:https://registry.npmjs.org/cli-table3 cache-miss
98 http fetch GET 200 https://registry.npmjs.org/js-yaml 182ms (cache revalidated)
99 silly packumentCache full:https://registry.npmjs.org/js-yaml set size:152232 disposed:false
100 silly fetch manifest jsonschema@^1.4.1
101 silly packumentCache full:https://registry.npmjs.org/jsonschema cache-miss
102 http fetch GET 200 https://registry.npmjs.org/winston 178ms (cache revalidated)
103 silly packumentCache full:https://registry.npmjs.org/winston set size:273296 disposed:false
104 silly fetch manifest prettyjson@^1.2.5
105 silly packumentCache full:https://registry.npmjs.org/prettyjson cache-miss
106 http fetch GET 200 https://registry.npmjs.org/jsonfile 179ms (cache revalidated)
107 silly packumentCache full:https://registry.npmjs.org/jsonfile set size:51505 disposed:false
108 silly fetch manifest strip-ansi@^6.0.1
109 silly packumentCache full:https://registry.npmjs.org/strip-ansi cache-miss
110 http fetch GET 200 https://registry.npmjs.org/fast-glob 145ms (cache revalidated)
111 silly packumentCache full:https://registry.npmjs.org/fast-glob set size:220556 disposed:false
112 silly fetch manifest cross-spawn@^7.0.6
113 silly packumentCache full:https://registry.npmjs.org/cross-spawn cache-miss
114 http fetch GET 200 https://registry.npmjs.org/mustache 186ms (cache revalidated)
115 silly packumentCache full:https://registry.npmjs.org/mustache set size:166955 disposed:false
116 silly fetch manifest lodash-deep@^2.0.0
117 silly packumentCache full:https://registry.npmjs.org/lodash-deep cache-miss
118 http fetch GET 200 https://registry.npmjs.org/deepmerge 178ms (cache revalidated)
119 silly packumentCache full:https://registry.npmjs.org/deepmerge set size:101897 disposed:false
120 silly fetch manifest markdown-it@^14.1.0
121 silly packumentCache full:https://registry.npmjs.org/markdown-it cache-miss
122 http fetch GET 200 https://registry.npmjs.org/progress 191ms (cache revalidated)
123 silly packumentCache full:https://registry.npmjs.org/progress set size:34179 disposed:false
124 silly fetch manifest stack-trace@^0.0.10
125 silly packumentCache full:https://registry.npmjs.org/stack-trace cache-miss
126 http fetch GET 200 https://registry.npmjs.org/fs-extra 228ms (cache revalidated)
127 silly packumentCache full:https://registry.npmjs.org/fs-extra set size:227939 disposed:false
128 silly fetch manifest @types/yargs@^17.0.32
129 silly packumentCache full:https://registry.npmjs.org/@types%2fyargs cache-miss
130 http fetch GET 200 https://registry.npmjs.org/cli-table3 130ms (cache revalidated)
131 silly packumentCache full:https://registry.npmjs.org/cli-table3 set size:40139 disposed:false
132 silly fetch manifest comment-json@~4.2.3
133 silly packumentCache full:https://registry.npmjs.org/comment-json cache-miss
134 http fetch GET 200 https://registry.npmjs.org/jest-diff 180ms (cache revalidated)
135 silly packumentCache full:https://registry.npmjs.org/jest-diff set size:551165 disposed:false
136 silly fetch manifest npm-package-arg@^11.0.1
137 silly packumentCache full:https://registry.npmjs.org/npm-package-arg cache-miss
138 http fetch GET 200 https://registry.npmjs.org/wrap-ansi 172ms (cache revalidated)
139 silly packumentCache full:https://registry.npmjs.org/wrap-ansi set size:51195 disposed:false
140 silly fetch manifest http-proxy-agent@^7.0.2
141 silly packumentCache full:https://registry.npmjs.org/http-proxy-agent cache-miss
142 http fetch GET 200 https://registry.npmjs.org/diff2html 220ms (cache revalidated)
143 silly packumentCache full:https://registry.npmjs.org/diff2html set size:1093369 disposed:false
144 silly fetch manifest dataobject-parser@^1.2.25
145 silly packumentCache full:https://registry.npmjs.org/dataobject-parser cache-miss
146 http fetch GET 200 https://registry.npmjs.org/jsonschema 158ms (cache revalidated)
147 silly packumentCache full:https://registry.npmjs.org/jsonschema set size:79920 disposed:false
148 silly fetch manifest https-proxy-agent@^7.0.4
149 silly packumentCache full:https://registry.npmjs.org/https-proxy-agent cache-miss
150 http fetch GET 200 https://registry.npmjs.org/strip-ansi 155ms (cache revalidated)
151 silly packumentCache full:https://registry.npmjs.org/strip-ansi set size:41855 disposed:false
152 silly fetch manifest fastest-levenshtein@^1.0.16
153 silly packumentCache full:https://registry.npmjs.org/fastest-levenshtein cache-miss
154 http fetch GET 200 https://registry.npmjs.org/cross-spawn 145ms (cache revalidated)
155 silly packumentCache full:https://registry.npmjs.org/cross-spawn set size:109066 disposed:false
156 http fetch GET 200 https://registry.npmjs.org/comment-json 132ms (cache revalidated)
157 silly packumentCache full:https://registry.npmjs.org/comment-json set size:164693 disposed:false
158 http fetch GET 200 https://registry.npmjs.org/prettyjson 199ms (cache revalidated)
159 silly packumentCache full:https://registry.npmjs.org/prettyjson set size:68270 disposed:false
160 http fetch GET 200 https://registry.npmjs.org/@types%2fyargs 150ms (cache revalidated)
161 silly packumentCache full:https://registry.npmjs.org/@types%2fyargs set size:390540 disposed:false
162 http fetch GET 200 https://registry.npmjs.org/http-proxy-agent 131ms (cache revalidated)
163 silly packumentCache full:https://registry.npmjs.org/http-proxy-agent set size:50096 disposed:false
164 http fetch GET 200 https://registry.npmjs.org/markdown-it 172ms (cache revalidated)
165 silly packumentCache full:https://registry.npmjs.org/markdown-it set size:218812 disposed:false
166 http fetch GET 200 https://registry.npmjs.org/stack-trace 177ms (cache revalidated)
167 silly packumentCache full:https://registry.npmjs.org/stack-trace set size:24248 disposed:false
168 http fetch GET 200 https://registry.npmjs.org/npm-package-arg 155ms (cache revalidated)
169 silly packumentCache full:https://registry.npmjs.org/npm-package-arg set size:131455 disposed:false
170 http fetch GET 200 https://registry.npmjs.org/https-proxy-agent 87ms (cache revalidated)
171 silly packumentCache full:https://registry.npmjs.org/https-proxy-agent set size:76241 disposed:false
172 http fetch GET 200 https://registry.npmjs.org/fastest-levenshtein 102ms (cache revalidated)
173 silly packumentCache full:https://registry.npmjs.org/fastest-levenshtein set size:59475 disposed:false
174 http fetch GET 200 https://registry.npmjs.org/lodash-deep 715ms (cache revalidated)
175 silly packumentCache full:https://registry.npmjs.org/lodash-deep set size:20777 disposed:false
176 http fetch GET 200 https://registry.npmjs.org/dataobject-parser 688ms (cache revalidated)
177 silly packumentCache full:https://registry.npmjs.org/dataobject-parser set size:36650 disposed:false
178 http fetch GET 200 https://registry.npmjs.org/@zowe%2fcics-for-zowe-sdk 1638ms (cache revalidated)
179 silly packumentCache full:https://registry.npmjs.org/@zowe%2fcics-for-zowe-sdk set size:95889 disposed:false
180 silly placeDep ROOT @types/yargs@17.0.35 OK for: @zowe/imperative@8.29.4 want: ^17.0.32
181 silly placeDep ROOT chalk@4.1.2 OK for: @zowe/imperative@8.29.4 want: ^4.1.2
182 silly placeDep ROOT cli-table3@0.6.5 OK for: @zowe/imperative@8.29.4 want: ^0.6.3
183 silly placeDep ROOT comment-json@4.2.5 OK for: @zowe/imperative@8.29.4 want: ~4.2.3
184 silly placeDep ROOT cross-spawn@7.0.6 OK for: @zowe/imperative@8.29.4 want: ^7.0.6
185 silly placeDep ROOT dataobject-parser@1.2.25 OK for: @zowe/imperative@8.29.4 want: ^1.2.25
186 silly placeDep ROOT dayjs@1.11.13 OK for: @zowe/imperative@8.29.4 want: 1.11.13
187 silly placeDep ROOT deepmerge@4.3.1 OK for: @zowe/imperative@8.29.4 want: ^4.3.1
188 silly placeDep ROOT diff@5.2.0 OK for: @zowe/imperative@8.29.4 want: ^5.2.0
189 silly placeDep ROOT diff2html@3.4.20-usewontache.1.60e7a2e OK for: @zowe/imperative@8.29.4 want: 3.4.20-usewontache.1.60e7a2e
190 silly placeDep ROOT fast-glob@3.3.3 OK for: @zowe/imperative@8.29.4 want: ^3.3.2
191 silly placeDep ROOT fastest-levenshtein@1.0.16 OK for: @zowe/imperative@8.29.4 want: ^1.0.16
192 silly placeDep ROOT find-up@5.0.0 OK for: @zowe/imperative@8.29.4 want: ^5.0.0
193 silly placeDep ROOT fs-extra@11.3.2 OK for: @zowe/imperative@8.29.4 want: ^11.0.0
194 silly placeDep ROOT http-proxy-agent@7.0.2 OK for: @zowe/imperative@8.29.4 want: ^7.0.2
195 silly placeDep ROOT https-proxy-agent@7.0.6 OK for: @zowe/imperative@8.29.4 want: ^7.0.4
196 silly placeDep ROOT jest-diff@29.7.0 OK for: @zowe/imperative@8.29.4 want: ^29.0.0
197 silly placeDep ROOT js-yaml@4.1.1 OK for: @zowe/imperative@8.29.4 want: ^4.1.0
198 silly placeDep ROOT jsonfile@6.2.0 OK for: @zowe/imperative@8.29.4 want: ^6.0.0
199 silly placeDep ROOT jsonschema@1.5.0 OK for: @zowe/imperative@8.29.4 want: ^1.4.1
200 silly placeDep ROOT lodash@4.17.21 OK for: @zowe/imperative@8.29.4 want: ^4.17.21
201 silly placeDep ROOT lodash-deep@2.0.0 OK for: @zowe/imperative@8.29.4 want: ^2.0.0
202 silly placeDep ROOT log4js@6.9.1 OK for: @zowe/imperative@8.29.4 want: ^6.9.1
203 silly placeDep ROOT markdown-it@14.1.0 OK for: @zowe/imperative@8.29.4 want: ^14.1.0
204 silly placeDep ROOT mustache@4.2.0 OK for: @zowe/imperative@8.29.4 want: ^4.2.0
205 silly placeDep ROOT npm-package-arg@11.0.3 OK for: @zowe/imperative@8.29.4 want: ^11.0.1
206 silly placeDep ROOT opener@1.5.2 OK for: @zowe/imperative@8.29.4 want: ^1.5.2
207 silly placeDep ROOT pacote@18.0.6 OK for: @zowe/imperative@8.29.4 want: ^18.0.6
208 silly placeDep ROOT prettyjson@1.2.5 OK for: @zowe/imperative@8.29.4 want: ^1.2.5
209 silly placeDep ROOT progress@2.0.3 OK for: @zowe/imperative@8.29.4 want: ^2.0.3
210 silly placeDep ROOT read@3.0.1 OK for: @zowe/imperative@8.29.4 want: ^3.0.1
211 silly placeDep ROOT semver@7.7.3 OK for: @zowe/imperative@8.29.4 want: ^7.5.2
212 silly placeDep ROOT stack-trace@0.0.10 OK for: @zowe/imperative@8.29.4 want: ^0.0.10
213 silly placeDep ROOT strip-ansi@6.0.1 OK for: @zowe/imperative@8.29.4 want: ^6.0.1
214 silly placeDep ROOT which@4.0.0 OK for: @zowe/imperative@8.29.4 want: ^4.0.0
215 silly placeDep ROOT winston@3.18.3 OK for: @zowe/imperative@8.29.4 want: ^3.17.0
216 silly placeDep ROOT wrap-ansi@7.0.0 OK for: @zowe/imperative@8.29.4 want: ^7.0.0
217 silly placeDep ROOT yargs@17.7.2 OK for: @zowe/imperative@8.29.4 want: ^17.7.2
218 silly fetch manifest @types/yargs-parser@*
219 silly packumentCache full:https://registry.npmjs.org/@types%2fyargs-parser cache-miss
220 silly fetch manifest ansi-styles@^4.1.0
221 silly packumentCache full:https://registry.npmjs.org/ansi-styles cache-miss
222 silly fetch manifest supports-color@^7.1.0
223 silly packumentCache full:https://registry.npmjs.org/supports-color cache-miss
224 silly fetch manifest string-width@^4.2.0
225 silly packumentCache full:https://registry.npmjs.org/string-width cache-miss
226 silly fetch manifest @colors/colors@1.5.0
227 silly packumentCache full:https://registry.npmjs.org/@colors%2fcolors cache-miss
228 silly fetch manifest esprima@^4.0.1
229 silly packumentCache full:https://registry.npmjs.org/esprima cache-miss
230 silly fetch manifest core-util-is@^1.0.3
231 silly packumentCache full:https://registry.npmjs.org/core-util-is cache-miss
232 silly fetch manifest has-own-prop@^2.0.0
233 silly packumentCache full:https://registry.npmjs.org/has-own-prop cache-miss
234 silly fetch manifest array-timsort@^1.0.3
235 silly packumentCache full:https://registry.npmjs.org/array-timsort cache-miss
236 silly fetch manifest repeat-string@^1.6.1
237 silly packumentCache full:https://registry.npmjs.org/repeat-string cache-miss
238 silly fetch manifest which@^2.0.1
239 silly packumentCache full:https://registry.npmjs.org/which cache-hit
240 silly fetch manifest path-key@^3.1.0
241 silly packumentCache full:https://registry.npmjs.org/path-key cache-miss
242 silly fetch manifest shebang-command@^2.0.0
243 silly packumentCache full:https://registry.npmjs.org/shebang-command cache-miss
244 silly fetch manifest diff@5.1.0
245 silly packumentCache full:https://registry.npmjs.org/diff cache-hit
246 silly fetch manifest wontache@0.1.0
247 silly packumentCache full:https://registry.npmjs.org/wontache cache-miss
248 http fetch GET 200 https://registry.npmjs.org/ansi-styles 91ms (cache revalidated)
249 silly packumentCache full:https://registry.npmjs.org/ansi-styles set size:63233 disposed:false
250 silly fetch manifest highlight.js@11.6.0
251 silly packumentCache full:https://registry.npmjs.org/highlight.js cache-miss
252 http fetch GET 200 https://registry.npmjs.org/esprima 119ms (cache revalidated)
253 silly packumentCache full:https://registry.npmjs.org/esprima set size:118410 disposed:false
254 silly fetch manifest @nodelib/fs.stat@^2.0.2
255 silly packumentCache full:https://registry.npmjs.org/@nodelib%2ffs.stat cache-miss
256 http fetch GET 200 https://registry.npmjs.org/string-width 127ms (cache revalidated)
257 silly packumentCache full:https://registry.npmjs.org/string-width set size:64158 disposed:false
258 silly fetch manifest @nodelib/fs.walk@^1.2.3
259 silly packumentCache full:https://registry.npmjs.org/@nodelib%2ffs.walk cache-miss
260 http fetch GET 200 https://registry.npmjs.org/array-timsort 131ms (cache revalidated)
261 silly packumentCache full:https://registry.npmjs.org/array-timsort set size:21524 disposed:false
262 silly fetch manifest glob-parent@^5.1.2
263 silly packumentCache full:https://registry.npmjs.org/glob-parent cache-miss
264 http fetch GET 200 https://registry.npmjs.org/core-util-is 137ms (cache revalidated)
265 silly packumentCache full:https://registry.npmjs.org/core-util-is set size:7163 disposed:false
266 silly fetch manifest merge2@^1.3.0
267 silly packumentCache full:https://registry.npmjs.org/merge2 cache-miss
268 http fetch GET 200 https://registry.npmjs.org/repeat-string 145ms (cache revalidated)
269 silly packumentCache full:https://registry.npmjs.org/repeat-string set size:35494 disposed:false
270 silly fetch manifest micromatch@^4.0.8
271 silly packumentCache full:https://registry.npmjs.org/micromatch cache-miss
272 http fetch GET 200 https://registry.npmjs.org/@types%2fyargs-parser 153ms (cache revalidated)
273 silly packumentCache full:https://registry.npmjs.org/@types%2fyargs-parser set size:42751 disposed:false
274 silly fetch manifest locate-path@^6.0.0
275 silly packumentCache full:https://registry.npmjs.org/locate-path cache-miss
276 http fetch GET 200 https://registry.npmjs.org/supports-color 159ms (cache revalidated)
277 silly packumentCache full:https://registry.npmjs.org/supports-color set size:118680 disposed:false
278 silly fetch manifest path-exists@^4.0.0
279 silly packumentCache full:https://registry.npmjs.org/path-exists cache-miss
280 http fetch GET 200 https://registry.npmjs.org/shebang-command 160ms (cache revalidated)
281 silly packumentCache full:https://registry.npmjs.org/shebang-command set size:8525 disposed:false
282 silly fetch manifest jsonfile@^6.0.1
283 silly packumentCache full:https://registry.npmjs.org/jsonfile cache-hit
284 silly fetch manifest graceful-fs@^4.2.0
285 silly packumentCache full:https://registry.npmjs.org/graceful-fs cache-miss
286 http fetch GET 200 https://registry.npmjs.org/@colors%2fcolors 165ms (cache revalidated)
287 silly packumentCache full:https://registry.npmjs.org/@colors%2fcolors set size:12042 disposed:false
288 silly fetch manifest universalify@^2.0.0
289 silly packumentCache full:https://registry.npmjs.org/universalify cache-miss
290 http fetch GET 200 https://registry.npmjs.org/path-key 165ms (cache revalidated)
291 silly packumentCache full:https://registry.npmjs.org/path-key set size:16975 disposed:false
292 silly fetch manifest agent-base@^7.1.0
293 silly packumentCache full:https://registry.npmjs.org/agent-base cache-miss
294 http fetch GET 200 https://registry.npmjs.org/has-own-prop 174ms (cache revalidated)
295 silly packumentCache full:https://registry.npmjs.org/has-own-prop set size:12007 disposed:false
296 silly fetch manifest debug@^4.3.4
297 silly packumentCache full:https://registry.npmjs.org/debug cache-miss
298 http fetch GET 200 https://registry.npmjs.org/glob-parent 85ms (cache revalidated)
299 silly packumentCache full:https://registry.npmjs.org/glob-parent set size:42445 disposed:false
300 silly fetch manifest debug@4
301 silly packumentCache full:https://registry.npmjs.org/debug cache-miss
302 http fetch GET 200 https://registry.npmjs.org/locate-path 69ms (cache revalidated)
303 silly packumentCache full:https://registry.npmjs.org/locate-path set size:31329 disposed:false
304 silly fetch manifest agent-base@^7.1.2
305 silly packumentCache full:https://registry.npmjs.org/agent-base cache-miss
306 http fetch GET 200 https://registry.npmjs.org/merge2 92ms (cache revalidated)
307 silly packumentCache full:https://registry.npmjs.org/merge2 set size:46159 disposed:false
308 silly fetch manifest jest-get-type@^29.6.3
309 silly packumentCache full:https://registry.npmjs.org/jest-get-type cache-miss
310 http fetch GET 200 https://registry.npmjs.org/@nodelib%2ffs.stat 113ms (cache revalidated)
311 silly packumentCache full:https://registry.npmjs.org/@nodelib%2ffs.stat set size:36993 disposed:false
312 silly fetch manifest pretty-format@^29.7.0
313 silly packumentCache full:https://registry.npmjs.org/pretty-format cache-miss
314 http fetch GET 200 https://registry.npmjs.org/highlight.js 151ms (cache revalidated)
315 silly packumentCache full:https://registry.npmjs.org/highlight.js set size:1244415 disposed:false
316 silly fetch manifest diff-sequences@^29.6.3
317 silly packumentCache full:https://registry.npmjs.org/diff-sequences cache-miss
318 http fetch GET 200 https://registry.npmjs.org/micromatch 114ms (cache revalidated)
319 silly packumentCache full:https://registry.npmjs.org/micromatch set size:240630 disposed:false
320 silly fetch manifest argparse@^2.0.1
321 silly packumentCache full:https://registry.npmjs.org/argparse cache-miss
322 http fetch GET 200 https://registry.npmjs.org/universalify 113ms (cache revalidated)
323 silly packumentCache full:https://registry.npmjs.org/universalify set size:19431 disposed:false
324 silly fetch manifest graceful-fs@^4.1.6
325 silly packumentCache full:https://registry.npmjs.org/graceful-fs cache-miss
326 http fetch GET 200 https://registry.npmjs.org/@nodelib%2ffs.walk 160ms (cache revalidated)
327 silly packumentCache full:https://registry.npmjs.org/@nodelib%2ffs.walk set size:41589 disposed:false
328 silly fetch manifest date-format@^4.0.14
329 silly packumentCache full:https://registry.npmjs.org/date-format cache-miss
330 http fetch GET 200 https://registry.npmjs.org/path-exists 135ms (cache revalidated)
331 silly packumentCache full:https://registry.npmjs.org/path-exists set size:13704 disposed:false
332 silly fetch manifest debug@^4.3.4
333 silly packumentCache full:https://registry.npmjs.org/debug cache-miss
334 http fetch GET 200 https://registry.npmjs.org/graceful-fs 138ms (cache revalidated)
335 silly packumentCache full:https://registry.npmjs.org/graceful-fs set size:124285 disposed:false
336 silly fetch manifest flatted@^3.2.7
337 silly packumentCache full:https://registry.npmjs.org/flatted cache-miss
338 http fetch GET 200 https://registry.npmjs.org/debug 130ms (cache revalidated)
339 silly packumentCache full:https://registry.npmjs.org/debug set size:195840 disposed:false
340 silly fetch manifest rfdc@^1.3.0
341 silly packumentCache full:https://registry.npmjs.org/rfdc cache-miss
342 http fetch GET 200 https://registry.npmjs.org/agent-base 146ms (cache revalidated)
343 silly packumentCache full:https://registry.npmjs.org/agent-base set size:67460 disposed:false
344 silly fetch manifest streamroller@^3.1.5
345 silly packumentCache full:https://registry.npmjs.org/streamroller cache-miss
346 http fetch GET 200 https://registry.npmjs.org/debug 118ms (cache revalidated)
347 silly packumentCache full:https://registry.npmjs.org/debug set size:195840 disposed:false
348 silly packumentCache full:https://registry.npmjs.org/debug dispose
349 silly fetch manifest argparse@^2.0.1
350 silly packumentCache full:https://registry.npmjs.org/argparse cache-miss
351 http fetch GET 200 https://registry.npmjs.org/agent-base 141ms (cache revalidated)
352 silly packumentCache full:https://registry.npmjs.org/agent-base set size:67460 disposed:false
353 silly packumentCache full:https://registry.npmjs.org/agent-base dispose
354 silly fetch manifest entities@^4.4.0
355 silly packumentCache full:https://registry.npmjs.org/entities cache-miss
356 http fetch GET 200 https://registry.npmjs.org/jest-get-type 141ms (cache revalidated)
357 silly packumentCache full:https://registry.npmjs.org/jest-get-type set size:201170 disposed:false
358 silly fetch manifest linkify-it@^5.0.0
359 silly packumentCache full:https://registry.npmjs.org/linkify-it cache-miss
360 http fetch GET 200 https://registry.npmjs.org/argparse 111ms (cache revalidated)
361 silly packumentCache full:https://registry.npmjs.org/argparse set size:49266 disposed:false
362 silly fetch manifest mdurl@^2.0.0
363 silly packumentCache full:https://registry.npmjs.org/mdurl cache-miss
364 http fetch GET 200 https://registry.npmjs.org/diff-sequences 121ms (cache revalidated)
365 silly packumentCache full:https://registry.npmjs.org/diff-sequences set size:180764 disposed:false
366 silly fetch manifest punycode.js@^2.3.1
367 silly packumentCache full:https://registry.npmjs.org/punycode.js cache-miss
368 http fetch GET 200 https://registry.npmjs.org/pretty-format 151ms (cache revalidated)
369 silly packumentCache full:https://registry.npmjs.org/pretty-format set size:591748 disposed:false
370 silly fetch manifest uc.micro@^2.1.0
371 silly packumentCache full:https://registry.npmjs.org/uc.micro cache-miss
372 http fetch GET 200 https://registry.npmjs.org/date-format 131ms (cache revalidated)
373 silly packumentCache full:https://registry.npmjs.org/date-format set size:59202 disposed:false
374 silly fetch manifest semver@^7.3.5
375 silly packumentCache full:https://registry.npmjs.org/semver cache-hit
376 silly fetch manifest proc-log@^4.0.0
377 silly packumentCache full:https://registry.npmjs.org/proc-log cache-miss
378 http fetch GET 200 https://registry.npmjs.org/rfdc 117ms (cache revalidated)
379 silly packumentCache full:https://registry.npmjs.org/rfdc set size:45382 disposed:false
380 silly fetch manifest hosted-git-info@^7.0.0
381 silly packumentCache full:https://registry.npmjs.org/hosted-git-info cache-miss
382 http fetch GET 200 https://registry.npmjs.org/graceful-fs 151ms (cache revalidated)
383 silly packumentCache full:https://registry.npmjs.org/graceful-fs set size:124285 disposed:false
384 silly packumentCache full:https://registry.npmjs.org/graceful-fs dispose
385 silly fetch manifest validate-npm-package-name@^5.0.0
386 silly packumentCache full:https://registry.npmjs.org/validate-npm-package-name cache-miss
387 http fetch GET 200 https://registry.npmjs.org/flatted 129ms (cache revalidated)
388 silly packumentCache full:https://registry.npmjs.org/flatted set size:126610 disposed:false
389 silly fetch manifest tar@^6.1.11
390 silly packumentCache full:https://registry.npmjs.org/tar cache-miss
391 http fetch GET 200 https://registry.npmjs.org/debug 142ms (cache revalidated)
392 silly packumentCache full:https://registry.npmjs.org/debug set size:195840 disposed:true
393 silly packumentCache full:https://registry.npmjs.org/debug dispose
394 silly fetch manifest ssri@^10.0.0
395 silly packumentCache full:https://registry.npmjs.org/ssri cache-miss
396 http fetch GET 200 https://registry.npmjs.org/streamroller 141ms (cache revalidated)
397 silly packumentCache full:https://registry.npmjs.org/streamroller set size:151555 disposed:false
398 silly fetch manifest cacache@^18.0.0
399 silly packumentCache full:https://registry.npmjs.org/cacache cache-miss
400 http fetch GET 200 https://registry.npmjs.org/argparse 129ms (cache revalidated)
401 silly packumentCache full:https://registry.npmjs.org/argparse set size:49266 disposed:false
402 silly packumentCache full:https://registry.npmjs.org/argparse dispose
403 silly fetch manifest minipass@^7.0.2
404 silly packumentCache full:https://registry.npmjs.org/minipass cache-miss
405 http fetch GET 200 https://registry.npmjs.org/entities 109ms (cache revalidated)
406 silly packumentCache full:https://registry.npmjs.org/entities set size:94747 disposed:false
407 silly fetch manifest proc-log@^4.0.0
408 silly packumentCache full:https://registry.npmjs.org/proc-log cache-miss
409 http fetch GET 200 https://registry.npmjs.org/uc.micro 122ms (cache revalidated)
410 silly packumentCache full:https://registry.npmjs.org/uc.micro set size:16457 disposed:false
411 silly fetch manifest sigstore@^2.2.0
412 silly packumentCache full:https://registry.npmjs.org/sigstore cache-miss
413 http fetch GET 200 https://registry.npmjs.org/linkify-it 155ms (cache revalidated)
414 silly packumentCache full:https://registry.npmjs.org/linkify-it set size:62527 disposed:false
415 silly fetch manifest @npmcli/git@^5.0.0
416 silly packumentCache full:https://registry.npmjs.org/@npmcli%2fgit cache-miss
417 http fetch GET 200 https://registry.npmjs.org/mdurl 154ms (cache revalidated)
418 silly packumentCache full:https://registry.npmjs.org/mdurl set size:9361 disposed:false
419 silly fetch manifest fs-minipass@^3.0.0
420 silly packumentCache full:https://registry.npmjs.org/fs-minipass cache-miss
421 http fetch GET 200 https://registry.npmjs.org/proc-log 111ms (cache revalidated)
422 silly packumentCache full:https://registry.npmjs.org/proc-log set size:33588 disposed:false
423 silly fetch manifest npm-packlist@^8.0.0
424 silly packumentCache full:https://registry.npmjs.org/npm-packlist cache-miss
425 http fetch GET 200 https://registry.npmjs.org/hosted-git-info 129ms (cache revalidated)
426 silly packumentCache full:https://registry.npmjs.org/hosted-git-info set size:178912 disposed:false
427 silly fetch manifest promise-retry@^2.0.1
428 silly packumentCache full:https://registry.npmjs.org/promise-retry cache-miss
429 http fetch GET 200 https://registry.npmjs.org/proc-log 97ms (cache revalidated)
430 silly packumentCache full:https://registry.npmjs.org/proc-log set size:33588 disposed:false
431 silly packumentCache full:https://registry.npmjs.org/proc-log dispose
432 silly fetch manifest npm-pick-manifest@^9.0.0
433 silly packumentCache full:https://registry.npmjs.org/npm-pick-manifest cache-miss
434 http fetch GET 200 https://registry.npmjs.org/tar 144ms (cache revalidated)
435 silly packumentCache full:https://registry.npmjs.org/tar set size:429369 disposed:false
436 silly fetch manifest @npmcli/run-script@^8.0.0
437 silly packumentCache full:https://registry.npmjs.org/@npmcli%2frun-script cache-miss
438 http fetch GET 200 https://registry.npmjs.org/ssri 147ms (cache revalidated)
439 silly packumentCache full:https://registry.npmjs.org/ssri set size:133159 disposed:false
440 silly fetch manifest npm-registry-fetch@^17.0.0
441 silly packumentCache full:https://registry.npmjs.org/npm-registry-fetch cache-miss
442 http fetch GET 200 https://registry.npmjs.org/validate-npm-package-name 164ms (cache revalidated)
443 silly packumentCache full:https://registry.npmjs.org/validate-npm-package-name set size:42012 disposed:false
444 silly fetch manifest @npmcli/package-json@^5.1.0
445 silly packumentCache full:https://registry.npmjs.org/@npmcli%2fpackage-json cache-miss
446 http fetch GET 200 https://registry.npmjs.org/minipass 129ms (cache revalidated)
447 silly packumentCache full:https://registry.npmjs.org/minipass set size:490195 disposed:false
448 silly fetch manifest @npmcli/promise-spawn@^7.0.0
449 silly packumentCache full:https://registry.npmjs.org/@npmcli%2fpromise-spawn cache-miss
450 http fetch GET 200 https://registry.npmjs.org/punycode.js 226ms (cache revalidated)
451 silly packumentCache full:https://registry.npmjs.org/punycode.js set size:13508 disposed:false
452 silly fetch manifest @npmcli/installed-package-contents@^2.0.1
453 silly packumentCache full:https://registry.npmjs.org/@npmcli%2finstalled-package-contents cache-miss
454 http fetch GET 200 https://registry.npmjs.org/cacache 159ms (cache revalidated)
455 silly packumentCache full:https://registry.npmjs.org/cacache set size:379664 disposed:false
456 silly fetch manifest colors@1.4.0
457 silly packumentCache full:https://registry.npmjs.org/colors cache-miss
458 http fetch GET 200 https://registry.npmjs.org/sigstore 125ms (cache revalidated)
459 silly packumentCache full:https://registry.npmjs.org/sigstore set size:114657 disposed:false
460 silly fetch manifest minimist@^1.2.0
461 silly packumentCache full:https://registry.npmjs.org/minimist cache-miss
462 http fetch GET 200 https://registry.npmjs.org/fs-minipass 134ms (cache revalidated)
463 silly packumentCache full:https://registry.npmjs.org/fs-minipass set size:44606 disposed:false
464 silly fetch manifest mute-stream@^1.0.0
465 silly packumentCache full:https://registry.npmjs.org/mute-stream cache-miss
466 http fetch GET 200 https://registry.npmjs.org/promise-retry 123ms (cache revalidated)
467 silly packumentCache full:https://registry.npmjs.org/promise-retry set size:34511 disposed:false
468 silly fetch manifest ansi-regex@^5.0.1
469 silly packumentCache full:https://registry.npmjs.org/ansi-regex cache-miss
470 http fetch GET 200 https://registry.npmjs.org/npm-pick-manifest 120ms (cache revalidated)
471 silly packumentCache full:https://registry.npmjs.org/npm-pick-manifest set size:102383 disposed:false
472 silly fetch manifest isexe@^3.1.1
473 silly packumentCache full:https://registry.npmjs.org/isexe cache-miss
474 http fetch GET 200 https://registry.npmjs.org/npm-registry-fetch 115ms (cache revalidated)
475 silly packumentCache full:https://registry.npmjs.org/npm-registry-fetch set size:279474 disposed:false
476 silly fetch manifest @dabh/diagnostics@^2.0.8
477 silly packumentCache full:https://registry.npmjs.org/@dabh%2fdiagnostics cache-miss
478 http fetch GET 200 https://registry.npmjs.org/@npmcli%2frun-script 131ms (cache revalidated)
479 silly packumentCache full:https://registry.npmjs.org/@npmcli%2frun-script set size:196862 disposed:false
480 silly fetch manifest @colors/colors@^1.6.0
481 silly packumentCache full:https://registry.npmjs.org/@colors%2fcolors cache-hit
482 silly fetch manifest async@^3.2.3
483 silly packumentCache full:https://registry.npmjs.org/async cache-miss
484 http fetch GET 200 https://registry.npmjs.org/@npmcli%2fgit 193ms (cache revalidated)
485 silly packumentCache full:https://registry.npmjs.org/@npmcli%2fgit set size:110850 disposed:false
486 silly fetch manifest is-stream@^2.0.0
487 silly packumentCache full:https://registry.npmjs.org/is-stream cache-miss
488 http fetch GET 200 https://registry.npmjs.org/colors 102ms (cache revalidated)
489 silly packumentCache full:https://registry.npmjs.org/colors set size:55711 disposed:false
490 silly fetch manifest logform@^2.7.0
491 silly packumentCache full:https://registry.npmjs.org/logform cache-miss
492 http fetch GET 200 https://registry.npmjs.org/npm-packlist 197ms (cache revalidated)
493 silly packumentCache full:https://registry.npmjs.org/npm-packlist set size:188633 disposed:false
494 silly fetch manifest one-time@^1.0.0
495 silly packumentCache full:https://registry.npmjs.org/one-time cache-miss
496 http fetch GET 200 https://registry.npmjs.org/@npmcli%2fpackage-json 151ms (cache revalidated)
497 silly packumentCache full:https://registry.npmjs.org/@npmcli%2fpackage-json set size:79455 disposed:false
498 silly fetch manifest readable-stream@^3.4.0
499 silly packumentCache full:https://registry.npmjs.org/readable-stream cache-miss
500 http fetch GET 200 https://registry.npmjs.org/minimist 110ms (cache revalidated)
501 silly packumentCache full:https://registry.npmjs.org/minimist set size:77082 disposed:false
502 silly fetch manifest safe-stable-stringify@^2.3.1
503 silly packumentCache full:https://registry.npmjs.org/safe-stable-stringify cache-miss
504 http fetch GET 200 https://registry.npmjs.org/@npmcli%2finstalled-package-contents 151ms (cache revalidated)
505 silly packumentCache full:https://registry.npmjs.org/@npmcli%2finstalled-package-contents set size:49004 disposed:false
506 silly fetch manifest triple-beam@^1.3.0
507 silly packumentCache full:https://registry.npmjs.org/triple-beam cache-miss
508 http fetch GET 200 https://registry.npmjs.org/wontache 760ms (cache revalidated)
509 silly packumentCache full:https://registry.npmjs.org/wontache set size:29397 disposed:false
510 silly fetch manifest winston-transport@^4.9.0
511 silly packumentCache full:https://registry.npmjs.org/winston-transport cache-miss
512 http fetch GET 200 https://registry.npmjs.org/@npmcli%2fpromise-spawn 162ms (cache revalidated)
513 silly packumentCache full:https://registry.npmjs.org/@npmcli%2fpromise-spawn set size:68304 disposed:false
514 silly fetch manifest ansi-styles@^4.0.0
515 silly packumentCache full:https://registry.npmjs.org/ansi-styles cache-hit
516 silly fetch manifest string-width@^4.1.0
517 silly packumentCache full:https://registry.npmjs.org/string-width cache-hit
518 silly fetch manifest y18n@^5.0.5
519 silly packumentCache full:https://registry.npmjs.org/y18n cache-miss
520 http fetch GET 200 https://registry.npmjs.org/mute-stream 104ms (cache revalidated)
521 silly packumentCache full:https://registry.npmjs.org/mute-stream set size:21918 disposed:false
522 silly fetch manifest cliui@^8.0.1
523 silly packumentCache full:https://registry.npmjs.org/cliui cache-miss
524 http fetch GET 200 https://registry.npmjs.org/isexe 111ms (cache revalidated)
525 silly packumentCache full:https://registry.npmjs.org/isexe set size:19340 disposed:false
526 silly fetch manifest escalade@^3.1.1
527 silly packumentCache full:https://registry.npmjs.org/escalade cache-miss
528 http fetch GET 200 https://registry.npmjs.org/ansi-regex 128ms (cache revalidated)
529 silly packumentCache full:https://registry.npmjs.org/ansi-regex set size:43572 disposed:false
530 silly fetch manifest string-width@^4.2.3
531 silly packumentCache full:https://registry.npmjs.org/string-width cache-hit
532 silly fetch manifest yargs-parser@^21.1.1
533 silly packumentCache full:https://registry.npmjs.org/yargs-parser cache-miss
534 http fetch GET 200 https://registry.npmjs.org/logform 96ms (cache revalidated)
535 silly packumentCache full:https://registry.npmjs.org/logform set size:101534 disposed:false
536 silly fetch manifest get-caller-file@^2.0.5
537 silly packumentCache full:https://registry.npmjs.org/get-caller-file cache-miss
538 http fetch GET 200 https://registry.npmjs.org/is-stream 105ms (cache revalidated)
539 silly packumentCache full:https://registry.npmjs.org/is-stream set size:18582 disposed:false
540 silly fetch manifest require-directory@^2.1.1
541 silly packumentCache full:https://registry.npmjs.org/require-directory cache-miss
542 http fetch GET 200 https://registry.npmjs.org/async 113ms (cache revalidated)
543 silly packumentCache full:https://registry.npmjs.org/async set size:230496 disposed:false
544 http fetch GET 200 https://registry.npmjs.org/one-time 105ms (cache revalidated)
545 silly packumentCache full:https://registry.npmjs.org/one-time set size:12254 disposed:false
546 http fetch GET 200 https://registry.npmjs.org/readable-stream 108ms (cache revalidated)
547 silly packumentCache full:https://registry.npmjs.org/readable-stream set size:261096 disposed:false
548 http fetch GET 200 https://registry.npmjs.org/triple-beam 104ms (cache revalidated)
549 silly packumentCache full:https://registry.npmjs.org/triple-beam set size:15133 disposed:false
550 http fetch GET 200 https://registry.npmjs.org/safe-stable-stringify 109ms (cache revalidated)
551 silly packumentCache full:https://registry.npmjs.org/safe-stable-stringify set size:45091 disposed:false
552 http fetch GET 200 https://registry.npmjs.org/y18n 101ms (cache revalidated)
553 silly packumentCache full:https://registry.npmjs.org/y18n set size:76155 disposed:false
554 http fetch GET 200 https://registry.npmjs.org/winston-transport 112ms (cache revalidated)
555 silly packumentCache full:https://registry.npmjs.org/winston-transport set size:60135 disposed:false
556 http fetch GET 200 https://registry.npmjs.org/cliui 104ms (cache revalidated)
557 silly packumentCache full:https://registry.npmjs.org/cliui set size:69089 disposed:false
558 http fetch GET 200 https://registry.npmjs.org/escalade 83ms (cache revalidated)
559 silly packumentCache full:https://registry.npmjs.org/escalade set size:33724 disposed:false
560 http fetch GET 200 https://registry.npmjs.org/yargs-parser 78ms (cache revalidated)
561 silly packumentCache full:https://registry.npmjs.org/yargs-parser set size:238630 disposed:false
562 http fetch GET 200 https://registry.npmjs.org/require-directory 74ms (cache revalidated)
563 silly packumentCache full:https://registry.npmjs.org/require-directory set size:26866 disposed:false
564 http fetch GET 200 https://registry.npmjs.org/get-caller-file 86ms (cache revalidated)
565 silly packumentCache full:https://registry.npmjs.org/get-caller-file set size:26456 disposed:false
566 http fetch GET 200 https://registry.npmjs.org/@dabh%2fdiagnostics 369ms (cache revalidated)
567 silly packumentCache full:https://registry.npmjs.org/@dabh%2fdiagnostics set size:34310 disposed:false
568 silly placeDep ROOT @types/yargs-parser@21.0.3 OK for: @types/yargs@17.0.35 want: *
569 silly placeDep ROOT ansi-styles@4.3.0 OK for: chalk@4.1.2 want: ^4.1.0
570 silly placeDep ROOT supports-color@7.2.0 OK for: chalk@4.1.2 want: ^7.1.0
571 silly fetch manifest color-convert@^2.0.1
572 silly packumentCache full:https://registry.npmjs.org/color-convert cache-miss
573 silly fetch manifest has-flag@^4.0.0
574 silly packumentCache full:https://registry.npmjs.org/has-flag cache-miss
575 http fetch GET 200 https://registry.npmjs.org/has-flag 47ms (cache revalidated)
576 silly packumentCache full:https://registry.npmjs.org/has-flag set size:15180 disposed:false
577 http fetch GET 200 https://registry.npmjs.org/color-convert 117ms (cache revalidated)
578 silly packumentCache full:https://registry.npmjs.org/color-convert set size:72663 disposed:false
579 silly placeDep ROOT color-convert@2.0.1 OK for: ansi-styles@4.3.0 want: ^2.0.1
580 silly fetch manifest color-name@~1.1.4
581 silly packumentCache full:https://registry.npmjs.org/color-name cache-miss
582 http fetch GET 200 https://registry.npmjs.org/color-name 47ms (cache revalidated)
583 silly packumentCache full:https://registry.npmjs.org/color-name set size:19467 disposed:false
584 silly placeDep ROOT @colors/colors@1.5.0 OK for: cli-table3@0.6.5 want: 1.5.0
585 silly placeDep ROOT string-width@4.2.3 OK for: cli-table3@0.6.5 want: ^4.2.0
586 silly fetch manifest emoji-regex@^8.0.0
587 silly packumentCache full:https://registry.npmjs.org/emoji-regex cache-miss
588 silly fetch manifest is-fullwidth-code-point@^3.0.0
589 silly packumentCache full:https://registry.npmjs.org/is-fullwidth-code-point cache-miss
590 http fetch GET 200 https://registry.npmjs.org/is-fullwidth-code-point 46ms (cache revalidated)
591 silly packumentCache full:https://registry.npmjs.org/is-fullwidth-code-point set size:14578 disposed:false
592 http fetch GET 200 https://registry.npmjs.org/emoji-regex 52ms (cache revalidated)
593 silly packumentCache full:https://registry.npmjs.org/emoji-regex set size:89088 disposed:false
594 silly placeDep ROOT color-name@1.1.4 OK for: color-convert@2.0.1 want: ~1.1.4
595 silly placeDep ROOT array-timsort@1.0.3 OK for: comment-json@4.2.5 want: ^1.0.3
596 silly placeDep ROOT core-util-is@1.0.3 OK for: comment-json@4.2.5 want: ^1.0.3
597 silly placeDep ROOT esprima@4.0.1 OK for: comment-json@4.2.5 want: ^4.0.1
598 silly placeDep ROOT has-own-prop@2.0.0 OK for: comment-json@4.2.5 want: ^2.0.0
599 silly placeDep ROOT repeat-string@1.6.1 OK for: comment-json@4.2.5 want: ^1.6.1
600 silly placeDep ROOT path-key@3.1.1 OK for: cross-spawn@7.0.6 want: ^3.1.0
601 silly placeDep ROOT shebang-command@2.0.0 OK for: cross-spawn@7.0.6 want: ^2.0.0
602 silly placeDep node_modules/cross-spawn which@2.0.2 OK for: cross-spawn@7.0.6 want: ^2.0.1
603 silly fetch manifest shebang-regex@^3.0.0
604 silly packumentCache full:https://registry.npmjs.org/shebang-regex cache-miss
605 silly fetch manifest isexe@^2.0.0
606 silly packumentCache full:https://registry.npmjs.org/isexe cache-hit
607 http fetch GET 200 https://registry.npmjs.org/shebang-regex 42ms (cache revalidated)
608 silly packumentCache full:https://registry.npmjs.org/shebang-regex set size:9763 disposed:false
609 silly placeDep node_modules/diff2html diff@5.1.0 OK for: diff2html@3.4.20-usewontache.1.60e7a2e want: 5.1.0
610 silly placeDep ROOT highlight.js@11.6.0 OK for: diff2html@3.4.20-usewontache.1.60e7a2e want: 11.6.0
611 silly placeDep ROOT wontache@0.1.0 OK for: diff2html@3.4.20-usewontache.1.60e7a2e want: 0.1.0
612 silly fetch manifest underscore@^1.13.0-2
613 silly packumentCache full:https://registry.npmjs.org/underscore cache-miss
614 http fetch GET 200 https://registry.npmjs.org/underscore 45ms (cache revalidated)
615 silly packumentCache full:https://registry.npmjs.org/underscore set size:155400 disposed:false
616 silly placeDep ROOT @nodelib/fs.stat@2.0.5 OK for: fast-glob@3.3.3 want: ^2.0.2
617 silly placeDep ROOT @nodelib/fs.walk@1.2.8 OK for: fast-glob@3.3.3 want: ^1.2.3
618 silly placeDep ROOT glob-parent@5.1.2 OK for: fast-glob@3.3.3 want: ^5.1.2
619 silly placeDep ROOT merge2@1.4.1 OK for: fast-glob@3.3.3 want: ^1.3.0
620 silly placeDep ROOT micromatch@4.0.8 OK for: fast-glob@3.3.3 want: ^4.0.8
621 silly fetch manifest fastq@^1.6.0
622 silly packumentCache full:https://registry.npmjs.org/fastq cache-miss
623 silly fetch manifest @nodelib/fs.scandir@2.1.5
624 silly packumentCache full:https://registry.npmjs.org/@nodelib%2ffs.scandir cache-miss
625 silly fetch manifest is-glob@^4.0.1
626 silly packumentCache full:https://registry.npmjs.org/is-glob cache-miss
627 silly fetch manifest braces@^3.0.3
628 silly packumentCache full:https://registry.npmjs.org/braces cache-miss
629 silly fetch manifest picomatch@^2.3.1
630 silly packumentCache full:https://registry.npmjs.org/picomatch cache-miss
631 http fetch GET 200 https://registry.npmjs.org/is-glob 43ms (cache revalidated)
632 silly packumentCache full:https://registry.npmjs.org/is-glob set size:40530 disposed:false
633 http fetch GET 200 https://registry.npmjs.org/braces 52ms (cache revalidated)
634 silly packumentCache full:https://registry.npmjs.org/braces set size:114529 disposed:false
635 http fetch GET 200 https://registry.npmjs.org/picomatch 56ms (cache revalidated)
636 silly packumentCache full:https://registry.npmjs.org/picomatch set size:118818 disposed:false
637 http fetch GET 200 https://registry.npmjs.org/fastq 62ms (cache revalidated)
638 silly packumentCache full:https://registry.npmjs.org/fastq set size:73822 disposed:false
639 http fetch GET 200 https://registry.npmjs.org/@nodelib%2ffs.scandir 64ms (cache revalidated)
640 silly packumentCache full:https://registry.npmjs.org/@nodelib%2ffs.scandir set size:49256 disposed:false
641 silly placeDep ROOT @nodelib/fs.scandir@2.1.5 OK for: @nodelib/fs.walk@1.2.8 want: 2.1.5
642 silly placeDep ROOT fastq@1.19.1 OK for: @nodelib/fs.walk@1.2.8 want: ^1.6.0
643 silly fetch manifest run-parallel@^1.1.9
644 silly packumentCache full:https://registry.npmjs.org/run-parallel cache-miss
645 silly fetch manifest reusify@^1.0.4
646 silly packumentCache full:https://registry.npmjs.org/reusify cache-miss
647 http fetch GET 200 https://registry.npmjs.org/run-parallel 31ms (cache revalidated)
648 silly packumentCache full:https://registry.npmjs.org/run-parallel set size:35172 disposed:false
649 http fetch GET 200 https://registry.npmjs.org/reusify 39ms (cache revalidated)
650 silly packumentCache full:https://registry.npmjs.org/reusify set size:14249 disposed:false
651 silly placeDep ROOT run-parallel@1.2.0 OK for: @nodelib/fs.scandir@2.1.5 want: ^1.1.9
652 silly fetch manifest queue-microtask@^1.2.2
653 silly packumentCache full:https://registry.npmjs.org/queue-microtask cache-miss
654 http fetch GET 200 https://registry.npmjs.org/queue-microtask 52ms (cache revalidated)
655 silly packumentCache full:https://registry.npmjs.org/queue-microtask set size:36088 disposed:false
656 silly placeDep ROOT reusify@1.1.0 OK for: fastq@1.19.1 want: ^1.0.4
657 silly placeDep ROOT locate-path@6.0.0 OK for: find-up@5.0.0 want: ^6.0.0
658 silly placeDep ROOT path-exists@4.0.0 OK for: find-up@5.0.0 want: ^4.0.0
659 silly fetch manifest p-locate@^5.0.0
660 silly packumentCache full:https://registry.npmjs.org/p-locate cache-miss
661 http fetch GET 200 https://registry.npmjs.org/p-locate 49ms (cache revalidated)
662 silly packumentCache full:https://registry.npmjs.org/p-locate set size:20789 disposed:false
663 silly placeDep ROOT graceful-fs@4.2.11 OK for: fs-extra@11.3.2 want: ^4.2.0
664 silly placeDep ROOT universalify@2.0.1 OK for: fs-extra@11.3.2 want: ^2.0.0
665 silly placeDep ROOT is-glob@4.0.3 OK for: glob-parent@5.1.2 want: ^4.0.1
666 silly fetch manifest is-extglob@^2.1.1
667 silly packumentCache full:https://registry.npmjs.org/is-extglob cache-miss
668 http fetch GET 200 https://registry.npmjs.org/is-extglob 53ms (cache revalidated)
669 silly packumentCache full:https://registry.npmjs.org/is-extglob set size:11766 disposed:false
670 silly placeDep ROOT agent-base@7.1.4 OK for: http-proxy-agent@7.0.2 want: ^7.1.0
671 silly placeDep ROOT debug@4.4.3 OK for: http-proxy-agent@7.0.2 want: ^4.3.4
672 silly fetch manifest ms@^2.1.3
673 silly packumentCache full:https://registry.npmjs.org/ms cache-miss
674 http fetch GET 200 https://registry.npmjs.org/ms 40ms (cache revalidated)
675 silly packumentCache full:https://registry.npmjs.org/ms set size:92208 disposed:false
676 silly placeDep ROOT ms@2.1.3 OK for: debug@4.4.3 want: ^2.1.3
677 silly placeDep ROOT is-extglob@2.1.1 OK for: is-glob@4.0.3 want: ^2.1.1
678 silly placeDep ROOT diff-sequences@29.6.3 OK for: jest-diff@29.7.0 want: ^29.6.3
679 silly placeDep ROOT jest-get-type@29.6.3 OK for: jest-diff@29.7.0 want: ^29.6.3
680 silly placeDep ROOT pretty-format@29.7.0 OK for: jest-diff@29.7.0 want: ^29.7.0
681 silly fetch manifest react-is@^18.0.0
682 silly packumentCache full:https://registry.npmjs.org/react-is cache-miss
683 silly fetch manifest ansi-styles@^5.0.0
684 silly packumentCache full:https://registry.npmjs.org/ansi-styles cache-hit
685 silly fetch manifest @jest/schemas@^29.6.3
686 silly packumentCache full:https://registry.npmjs.org/@jest%2fschemas cache-miss
687 http fetch GET 200 https://registry.npmjs.org/react-is 71ms (cache revalidated)
688 silly packumentCache full:https://registry.npmjs.org/react-is set size:5098500 disposed:false
689 http fetch GET 200 https://registry.npmjs.org/@jest%2fschemas 149ms (cache revalidated)
690 silly packumentCache full:https://registry.npmjs.org/@jest%2fschemas set size:68580 disposed:false
691 silly placeDep ROOT argparse@2.0.1 OK for: js-yaml@4.1.1 want: ^2.0.1
692 silly placeDep ROOT p-locate@5.0.0 OK for: locate-path@6.0.0 want: ^5.0.0
693 silly fetch manifest p-limit@^3.0.2
694 silly packumentCache full:https://registry.npmjs.org/p-limit cache-miss
695 http fetch GET 200 https://registry.npmjs.org/p-limit 46ms (cache revalidated)
696 silly packumentCache full:https://registry.npmjs.org/p-limit set size:58608 disposed:false
697 silly placeDep ROOT date-format@4.0.14 OK for: log4js@6.9.1 want: ^4.0.14
698 silly placeDep ROOT flatted@3.3.3 OK for: log4js@6.9.1 want: ^3.2.7
699 silly placeDep ROOT rfdc@1.4.1 OK for: log4js@6.9.1 want: ^1.3.0
700 silly placeDep ROOT streamroller@3.1.5 OK for: log4js@6.9.1 want: ^3.1.5
701 silly fetch manifest fs-extra@^8.1.0
702 silly packumentCache full:https://registry.npmjs.org/fs-extra cache-hit
703 silly placeDep ROOT entities@4.5.0 OK for: markdown-it@14.1.0 want: ^4.4.0
704 silly placeDep ROOT linkify-it@5.0.0 OK for: markdown-it@14.1.0 want: ^5.0.0
705 silly placeDep ROOT mdurl@2.0.0 OK for: markdown-it@14.1.0 want: ^2.0.0
706 silly placeDep ROOT punycode.js@2.3.1 OK for: markdown-it@14.1.0 want: ^2.3.1
707 silly placeDep ROOT uc.micro@2.1.0 OK for: markdown-it@14.1.0 want: ^2.1.0
708 silly fetch manifest uc.micro@^2.0.0
709 silly packumentCache full:https://registry.npmjs.org/uc.micro cache-hit
710 silly placeDep ROOT braces@3.0.3 OK for: micromatch@4.0.8 want: ^3.0.3
711 silly placeDep ROOT picomatch@2.3.1 OK for: micromatch@4.0.8 want: ^2.3.1
712 silly fetch manifest fill-range@^7.1.1
713 silly packumentCache full:https://registry.npmjs.org/fill-range cache-miss
714 http fetch GET 200 https://registry.npmjs.org/fill-range 58ms (cache revalidated)
715 silly packumentCache full:https://registry.npmjs.org/fill-range set size:90212 disposed:false
716 silly placeDep ROOT fill-range@7.1.1 OK for: braces@3.0.3 want: ^7.1.1
717 silly fetch manifest to-regex-range@^5.0.1
718 silly packumentCache full:https://registry.npmjs.org/to-regex-range cache-miss
719 http fetch GET 200 https://registry.npmjs.org/to-regex-range 42ms (cache revalidated)
720 silly packumentCache full:https://registry.npmjs.org/to-regex-range set size:61569 disposed:false
721 silly placeDep ROOT to-regex-range@5.0.1 OK for: fill-range@7.1.1 want: ^5.0.1
722 silly fetch manifest is-number@^7.0.0
723 silly packumentCache full:https://registry.npmjs.org/is-number cache-miss
724 http fetch GET 200 https://registry.npmjs.org/is-number 44ms (cache revalidated)
725 silly packumentCache full:https://registry.npmjs.org/is-number set size:36183 disposed:false
726 silly placeDep ROOT hosted-git-info@7.0.2 OK for: npm-package-arg@11.0.3 want: ^7.0.0
727 silly placeDep ROOT proc-log@4.2.0 OK for: npm-package-arg@11.0.3 want: ^4.0.0
728 silly placeDep ROOT validate-npm-package-name@5.0.1 OK for: npm-package-arg@11.0.3 want: ^5.0.0
729 silly fetch manifest lru-cache@^10.0.1
730 silly packumentCache full:https://registry.npmjs.org/lru-cache cache-miss
731 http fetch GET 200 https://registry.npmjs.org/lru-cache 35ms (cache revalidated)
732 silly packumentCache full:https://registry.npmjs.org/lru-cache set size:400387 disposed:false
733 silly placeDep ROOT lru-cache@10.4.3 OK for: hosted-git-info@7.0.2 want: ^10.0.1
734 silly placeDep ROOT p-limit@3.1.0 OK for: p-locate@5.0.0 want: ^3.0.2
735 silly fetch manifest yocto-queue@^0.1.0
736 silly packumentCache full:https://registry.npmjs.org/yocto-queue cache-miss
737 http fetch GET 200 https://registry.npmjs.org/yocto-queue 40ms (cache revalidated)
738 silly packumentCache full:https://registry.npmjs.org/yocto-queue set size:20256 disposed:false
739 silly placeDep ROOT yocto-queue@0.1.0 OK for: p-limit@3.1.0 want: ^0.1.0
740 silly placeDep ROOT @npmcli/git@5.0.8 OK for: pacote@18.0.6 want: ^5.0.0
741 silly placeDep ROOT @npmcli/installed-package-contents@2.1.0 OK for: pacote@18.0.6 want: ^2.0.1
742 silly placeDep ROOT @npmcli/package-json@5.2.1 OK for: pacote@18.0.6 want: ^5.1.0
743 silly placeDep ROOT @npmcli/promise-spawn@7.0.2 OK for: pacote@18.0.6 want: ^7.0.0
744 silly placeDep ROOT @npmcli/run-script@8.1.0 OK for: pacote@18.0.6 want: ^8.0.0
745 silly placeDep ROOT cacache@18.0.4 OK for: pacote@18.0.6 want: ^18.0.0
746 silly placeDep ROOT fs-minipass@3.0.3 OK for: pacote@18.0.6 want: ^3.0.0
747 silly placeDep ROOT minipass@7.1.2 OK for: pacote@18.0.6 want: ^7.0.2
748 silly placeDep ROOT npm-packlist@8.0.2 OK for: pacote@18.0.6 want: ^8.0.0
749 silly placeDep ROOT npm-pick-manifest@9.1.0 OK for: pacote@18.0.6 want: ^9.0.0
750 silly placeDep ROOT npm-registry-fetch@17.1.0 OK for: pacote@18.0.6 want: ^17.0.0
751 silly placeDep ROOT promise-retry@2.0.1 OK for: pacote@18.0.6 want: ^2.0.1
752 silly placeDep ROOT sigstore@2.3.1 OK for: pacote@18.0.6 want: ^2.2.0
753 silly placeDep ROOT ssri@10.0.6 OK for: pacote@18.0.6 want: ^10.0.0
754 silly placeDep ROOT tar@6.2.1 OK for: pacote@18.0.6 want: ^6.1.11
755 silly fetch manifest ini@^4.1.3
756 silly packumentCache full:https://registry.npmjs.org/ini cache-miss
757 silly fetch manifest promise-inflight@^1.0.1
758 silly packumentCache full:https://registry.npmjs.org/promise-inflight cache-miss
759 silly fetch manifest npm-bundled@^3.0.0
760 silly packumentCache full:https://registry.npmjs.org/npm-bundled cache-miss
761 silly fetch manifest npm-normalize-package-bin@^3.0.0
762 silly packumentCache full:https://registry.npmjs.org/npm-normalize-package-bin cache-miss
763 silly fetch manifest glob@^10.2.2
764 silly packumentCache full:https://registry.npmjs.org/glob cache-miss
765 silly fetch manifest normalize-package-data@^6.0.0
766 silly packumentCache full:https://registry.npmjs.org/normalize-package-data cache-miss
767 silly fetch manifest json-parse-even-better-errors@^3.0.0
768 silly packumentCache full:https://registry.npmjs.org/json-parse-even-better-errors cache-miss
769 silly fetch manifest node-gyp@^10.0.0
770 silly packumentCache full:https://registry.npmjs.org/node-gyp cache-miss
771 silly fetch manifest @npmcli/node-gyp@^3.0.0
772 silly packumentCache full:https://registry.npmjs.org/@npmcli%2fnode-gyp cache-miss
773 silly fetch manifest glob@^10.2.2
774 silly packumentCache full:https://registry.npmjs.org/glob cache-miss
775 silly fetch manifest p-map@^4.0.0
776 silly packumentCache full:https://registry.npmjs.org/p-map cache-miss
777 silly fetch manifest minipass@^7.0.3
778 silly packumentCache full:https://registry.npmjs.org/minipass cache-hit
779 silly fetch manifest @npmcli/fs@^3.1.0
780 silly packumentCache full:https://registry.npmjs.org/@npmcli%2ffs cache-miss
781 silly fetch manifest minipass-flush@^1.0.5
782 silly packumentCache full:https://registry.npmjs.org/minipass-flush cache-miss
783 http fetch GET 200 https://registry.npmjs.org/npm-normalize-package-bin 83ms (cache revalidated)
784 silly packumentCache full:https://registry.npmjs.org/npm-normalize-package-bin set size:21797 disposed:false
785 silly fetch manifest unique-filename@^3.0.0
786 silly packumentCache full:https://registry.npmjs.org/unique-filename cache-miss
787 http fetch GET 200 https://registry.npmjs.org/glob 93ms (cache revalidated)
788 silly packumentCache full:https://registry.npmjs.org/glob set size:415427 disposed:false
789 silly fetch manifest minipass-collect@^2.0.1
790 silly packumentCache full:https://registry.npmjs.org/minipass-collect cache-miss
791 http fetch GET 200 https://registry.npmjs.org/normalize-package-data 106ms (cache revalidated)
792 silly packumentCache full:https://registry.npmjs.org/normalize-package-data set size:128484 disposed:false
793 silly fetch manifest minipass-pipeline@^1.2.4
794 silly packumentCache full:https://registry.npmjs.org/minipass-pipeline cache-miss
795 http fetch GET 200 https://registry.npmjs.org/glob 112ms (cache revalidated)
796 silly packumentCache full:https://registry.npmjs.org/glob set size:415427 disposed:false
797 silly packumentCache full:https://registry.npmjs.org/glob dispose
798 silly fetch manifest ignore-walk@^6.0.4
799 silly packumentCache full:https://registry.npmjs.org/ignore-walk cache-miss
800 http fetch GET 200 https://registry.npmjs.org/node-gyp 125ms (cache revalidated)
801 silly packumentCache full:https://registry.npmjs.org/node-gyp set size:313224 disposed:false
802 silly fetch manifest npm-install-checks@^6.0.0
803 silly packumentCache full:https://registry.npmjs.org/npm-install-checks cache-miss
804 http fetch GET 200 https://registry.npmjs.org/p-map 138ms (cache revalidated)
805 silly packumentCache full:https://registry.npmjs.org/p-map set size:52373 disposed:false
806 silly fetch manifest minizlib@^2.1.2
807 silly packumentCache full:https://registry.npmjs.org/minizlib cache-miss
808 http fetch GET 200 https://registry.npmjs.org/minipass-flush 149ms (cache revalidated)
809 silly packumentCache full:https://registry.npmjs.org/minipass-flush set size:16292 disposed:false
810 silly fetch manifest jsonparse@^1.3.1
811 silly packumentCache full:https://registry.npmjs.org/jsonparse cache-miss
812 http fetch GET 200 https://registry.npmjs.org/json-parse-even-better-errors 156ms (cache revalidated)
813 silly packumentCache full:https://registry.npmjs.org/json-parse-even-better-errors set size:34572 disposed:false
814 silly fetch manifest @npmcli/redact@^2.0.0
815 silly packumentCache full:https://registry.npmjs.org/@npmcli%2fredact cache-miss
816 http fetch GET 200 https://registry.npmjs.org/npm-bundled 160ms (cache revalidated)
817 silly packumentCache full:https://registry.npmjs.org/npm-bundled set size:41434 disposed:false
818 silly fetch manifest minipass-fetch@^3.0.0
819 silly packumentCache full:https://registry.npmjs.org/minipass-fetch cache-miss
820 http fetch GET 200 https://registry.npmjs.org/ini 164ms (cache revalidated)
821 silly packumentCache full:https://registry.npmjs.org/ini set size:57019 disposed:false
822 silly fetch manifest make-fetch-happen@^13.0.0
823 silly packumentCache full:https://registry.npmjs.org/make-fetch-happen cache-miss
824 http fetch GET 200 https://registry.npmjs.org/promise-inflight 166ms (cache revalidated)
825 silly packumentCache full:https://registry.npmjs.org/promise-inflight set size:4685 disposed:false
826 silly fetch manifest err-code@^2.0.2
827 silly packumentCache full:https://registry.npmjs.org/err-code cache-miss
828 http fetch GET 200 https://registry.npmjs.org/@npmcli%2ffs 169ms (cache revalidated)
829 silly packumentCache full:https://registry.npmjs.org/@npmcli%2ffs set size:40552 disposed:false
830 silly fetch manifest retry@^0.12.0
831 silly packumentCache full:https://registry.npmjs.org/retry cache-miss
832 http fetch GET 200 https://registry.npmjs.org/unique-filename 111ms (cache revalidated)
833 silly packumentCache full:https://registry.npmjs.org/unique-filename set size:22047 disposed:false
834 silly fetch manifest @sigstore/tuf@^2.3.4
835 silly packumentCache full:https://registry.npmjs.org/@sigstore%2ftuf cache-miss
836 http fetch GET 200 https://registry.npmjs.org/minipass-collect 119ms (cache revalidated)
837 silly packumentCache full:https://registry.npmjs.org/minipass-collect set size:12471 disposed:false
838 silly fetch manifest @sigstore/core@^1.0.0
839 silly packumentCache full:https://registry.npmjs.org/@sigstore%2fcore cache-miss
840 http fetch GET 200 https://registry.npmjs.org/minipass-pipeline 117ms (cache revalidated)
841 silly packumentCache full:https://registry.npmjs.org/minipass-pipeline set size:27941 disposed:false
842 silly fetch manifest @sigstore/sign@^2.3.2
843 silly packumentCache full:https://registry.npmjs.org/@sigstore%2fsign cache-miss
844 http fetch GET 200 https://registry.npmjs.org/npm-install-checks 113ms (cache revalidated)
845 silly packumentCache full:https://registry.npmjs.org/npm-install-checks set size:59311 disposed:false
846 silly fetch manifest @sigstore/bundle@^2.3.2
847 silly packumentCache full:https://registry.npmjs.org/@sigstore%2fbundle cache-miss
848 http fetch GET 200 https://registry.npmjs.org/minizlib 106ms (cache revalidated)
849 silly packumentCache full:https://registry.npmjs.org/minizlib set size:62862 disposed:false
850 silly fetch manifest @sigstore/verify@^1.2.1
851 silly packumentCache full:https://registry.npmjs.org/@sigstore%2fverify cache-miss
852 http fetch GET 200 https://registry.npmjs.org/err-code 85ms (cache revalidated)
853 silly packumentCache full:https://registry.npmjs.org/err-code set size:29518 disposed:false
854 silly fetch manifest @sigstore/protobuf-specs@^0.3.2
855 silly packumentCache full:https://registry.npmjs.org/@sigstore%2fprotobuf-specs cache-miss
856 http fetch GET 200 https://registry.npmjs.org/make-fetch-happen 92ms (cache revalidated)
857 silly packumentCache full:https://registry.npmjs.org/make-fetch-happen set size:367671 disposed:false
858 silly fetch manifest chownr@^2.0.0
859 silly packumentCache full:https://registry.npmjs.org/chownr cache-miss
860 http fetch GET 200 https://registry.npmjs.org/minipass-fetch 115ms (cache revalidated)
861 silly packumentCache full:https://registry.npmjs.org/minipass-fetch set size:100280 disposed:false
862 silly fetch manifest mkdirp@^1.0.3
863 silly packumentCache full:https://registry.npmjs.org/mkdirp cache-miss
864 http fetch GET 200 https://registry.npmjs.org/ignore-walk 162ms (cache revalidated)
865 silly packumentCache full:https://registry.npmjs.org/ignore-walk set size:68355 disposed:false
866 silly fetch manifest yallist@^4.0.0
867 silly packumentCache full:https://registry.npmjs.org/yallist cache-miss
868 http fetch GET 200 https://registry.npmjs.org/retry 109ms (cache revalidated)
869 silly packumentCache full:https://registry.npmjs.org/retry set size:31161 disposed:false
870 silly fetch manifest minipass@^5.0.0
871 silly packumentCache full:https://registry.npmjs.org/minipass cache-hit
872 silly fetch manifest minizlib@^2.1.1
873 silly packumentCache full:https://registry.npmjs.org/minizlib cache-hit
874 silly fetch manifest fs-minipass@^2.0.0
875 silly packumentCache full:https://registry.npmjs.org/fs-minipass cache-hit
876 http fetch GET 200 https://registry.npmjs.org/jsonparse 133ms (cache revalidated)
877 silly packumentCache full:https://registry.npmjs.org/jsonparse set size:15932 disposed:false
878 http fetch GET 200 https://registry.npmjs.org/@sigstore%2ftuf 103ms (cache revalidated)
879 silly packumentCache full:https://registry.npmjs.org/@sigstore%2ftuf set size:35401 disposed:false
880 http fetch GET 200 https://registry.npmjs.org/@sigstore%2fsign 83ms (cache revalidated)
881 silly packumentCache full:https://registry.npmjs.org/@sigstore%2fsign set size:35352 disposed:false
882 http fetch GET 200 https://registry.npmjs.org/@sigstore%2fcore 89ms (cache revalidated)
883 silly packumentCache full:https://registry.npmjs.org/@sigstore%2fcore set size:11787 disposed:false
884 http fetch GET 200 https://registry.npmjs.org/@npmcli%2fredact 162ms (cache revalidated)
885 silly packumentCache full:https://registry.npmjs.org/@npmcli%2fredact set size:30551 disposed:false
886 http fetch GET 200 https://registry.npmjs.org/chownr 71ms (cache revalidated)
887 silly packumentCache full:https://registry.npmjs.org/chownr set size:22157 disposed:false
888 http fetch GET 200 https://registry.npmjs.org/@sigstore%2fprotobuf-specs 93ms (cache revalidated)
889 silly packumentCache full:https://registry.npmjs.org/@sigstore%2fprotobuf-specs set size:26034 disposed:false
890 http fetch GET 200 https://registry.npmjs.org/@sigstore%2fverify 101ms (cache revalidated)
891 silly packumentCache full:https://registry.npmjs.org/@sigstore%2fverify set size:20065 disposed:false
892 http fetch GET 200 https://registry.npmjs.org/mkdirp 75ms (cache revalidated)
893 silly packumentCache full:https://registry.npmjs.org/mkdirp set size:116455 disposed:false
894 http fetch GET 200 https://registry.npmjs.org/yallist 78ms (cache revalidated)
895 silly packumentCache full:https://registry.npmjs.org/yallist set size:34610 disposed:false
896 http fetch GET 200 https://registry.npmjs.org/@sigstore%2fbundle 129ms (cache revalidated)
897 silly packumentCache full:https://registry.npmjs.org/@sigstore%2fbundle set size:23167 disposed:false
898 http fetch GET 200 https://registry.npmjs.org/@npmcli%2fnode-gyp 743ms (cache revalidated)
899 silly packumentCache full:https://registry.npmjs.org/@npmcli%2fnode-gyp set size:21995 disposed:false
900 silly placeDep ROOT ini@4.1.3 OK for: @npmcli/git@5.0.8 want: ^4.1.3
901 silly placeDep ROOT promise-inflight@1.0.1 OK for: @npmcli/git@5.0.8 want: ^1.0.1
902 silly placeDep ROOT npm-bundled@3.0.1 OK for: @npmcli/installed-package-contents@2.1.0 want: ^3.0.0
903 silly placeDep ROOT npm-normalize-package-bin@3.0.1 OK for: @npmcli/installed-package-contents@2.1.0 want: ^3.0.0
904 silly placeDep ROOT glob@10.5.0 OK for: @npmcli/package-json@5.2.1 want: ^10.2.2
905 silly placeDep ROOT json-parse-even-better-errors@3.0.2 OK for: @npmcli/package-json@5.2.1 want: ^3.0.0
906 silly placeDep ROOT normalize-package-data@6.0.2 OK for: @npmcli/package-json@5.2.1 want: ^6.0.0
907 silly fetch manifest jackspeak@^3.1.2
908 silly packumentCache full:https://registry.npmjs.org/jackspeak cache-miss
909 silly fetch manifest minimatch@^9.0.4
910 silly packumentCache full:https://registry.npmjs.org/minimatch cache-miss
911 silly fetch manifest path-scurry@^1.11.1
912 silly packumentCache full:https://registry.npmjs.org/path-scurry cache-miss
913 silly fetch manifest foreground-child@^3.1.0
914 silly packumentCache full:https://registry.npmjs.org/foreground-child cache-miss
915 silly fetch manifest package-json-from-dist@^1.0.0
916 silly packumentCache full:https://registry.npmjs.org/package-json-from-dist cache-miss
917 silly fetch manifest validate-npm-package-license@^3.0.4
918 silly packumentCache full:https://registry.npmjs.org/validate-npm-package-license cache-miss
919 http fetch GET 200 https://registry.npmjs.org/minimatch 56ms (cache revalidated)
920 silly packumentCache full:https://registry.npmjs.org/minimatch set size:303959 disposed:false
921 http fetch GET 200 https://registry.npmjs.org/path-scurry 63ms (cache revalidated)
922 silly packumentCache full:https://registry.npmjs.org/path-scurry set size:115160 disposed:false
923 http fetch GET 200 https://registry.npmjs.org/jackspeak 67ms (cache revalidated)
924 silly packumentCache full:https://registry.npmjs.org/jackspeak set size:189177 disposed:false
925 http fetch GET 200 https://registry.npmjs.org/foreground-child 75ms (cache revalidated)
926 silly packumentCache full:https://registry.npmjs.org/foreground-child set size:59344 disposed:false
927 http fetch GET 200 https://registry.npmjs.org/package-json-from-dist 77ms (cache revalidated)
928 silly packumentCache full:https://registry.npmjs.org/package-json-from-dist set size:8854 disposed:false
929 http fetch GET 200 https://registry.npmjs.org/validate-npm-package-license 78ms (cache revalidated)
930 silly packumentCache full:https://registry.npmjs.org/validate-npm-package-license set size:21821 disposed:false
931 silly placeDep ROOT @npmcli/node-gyp@3.0.0 OK for: @npmcli/run-script@8.1.0 want: ^3.0.0
932 silly placeDep ROOT node-gyp@10.3.1 OK for: @npmcli/run-script@8.1.0 want: ^10.0.0
933 silly fetch manifest nopt@^7.0.0
934 silly packumentCache full:https://registry.npmjs.org/nopt cache-miss
935 silly fetch manifest env-paths@^2.2.0
936 silly packumentCache full:https://registry.npmjs.org/env-paths cache-miss
937 silly fetch manifest exponential-backoff@^3.1.1
938 silly packumentCache full:https://registry.npmjs.org/exponential-backoff cache-miss
939 http fetch GET 200 https://registry.npmjs.org/nopt 42ms (cache revalidated)
940 silly packumentCache full:https://registry.npmjs.org/nopt set size:71592 disposed:false
941 http fetch GET 200 https://registry.npmjs.org/env-paths 62ms (cache revalidated)
942 silly packumentCache full:https://registry.npmjs.org/env-paths set size:25456 disposed:false
943 http fetch GET 200 https://registry.npmjs.org/exponential-backoff 76ms (cache revalidated)
944 silly packumentCache full:https://registry.npmjs.org/exponential-backoff set size:56105 disposed:false
945 silly placeDep ROOT @npmcli/fs@3.1.1 OK for: cacache@18.0.4 want: ^3.1.0
946 silly placeDep ROOT minipass-collect@2.0.1 OK for: cacache@18.0.4 want: ^2.0.1
947 silly placeDep ROOT minipass-flush@1.0.5 OK for: cacache@18.0.4 want: ^1.0.5
948 silly placeDep ROOT minipass-pipeline@1.2.4 OK for: cacache@18.0.4 want: ^1.2.4
949 silly placeDep ROOT p-map@4.0.0 OK for: cacache@18.0.4 want: ^4.0.0
950 silly placeDep ROOT unique-filename@3.0.0 OK for: cacache@18.0.4 want: ^3.0.0
951 silly fetch manifest minipass@^3.0.0
952 silly packumentCache full:https://registry.npmjs.org/minipass cache-hit
953 silly fetch manifest minipass@^3.0.0
954 silly packumentCache full:https://registry.npmjs.org/minipass cache-hit
955 silly fetch manifest aggregate-error@^3.0.0
956 silly packumentCache full:https://registry.npmjs.org/aggregate-error cache-miss
957 silly fetch manifest unique-slug@^4.0.0
958 silly packumentCache full:https://registry.npmjs.org/unique-slug cache-miss
959 http fetch GET 200 https://registry.npmjs.org/aggregate-error 39ms (cache revalidated)
960 silly packumentCache full:https://registry.npmjs.org/aggregate-error set size:29031 disposed:false
961 http fetch GET 200 https://registry.npmjs.org/unique-slug 45ms (cache revalidated)
962 silly packumentCache full:https://registry.npmjs.org/unique-slug set size:20403 disposed:false
963 silly placeDep ROOT foreground-child@3.3.1 OK for: glob@10.5.0 want: ^3.1.0
964 silly placeDep ROOT jackspeak@3.4.3 OK for: glob@10.5.0 want: ^3.1.2
965 silly placeDep ROOT minimatch@9.0.5 OK for: glob@10.5.0 want: ^9.0.4
966 silly placeDep ROOT package-json-from-dist@1.0.1 OK for: glob@10.5.0 want: ^1.0.0
967 silly placeDep ROOT path-scurry@1.11.1 OK for: glob@10.5.0 want: ^1.11.1
968 silly fetch manifest signal-exit@^4.0.1
969 silly packumentCache full:https://registry.npmjs.org/signal-exit cache-miss
970 silly fetch manifest @isaacs/cliui@^8.0.2
971 silly packumentCache full:https://registry.npmjs.org/@isaacs%2fcliui cache-miss
972 silly fetch manifest @pkgjs/parseargs@^0.11.0
973 silly packumentCache full:https://registry.npmjs.org/@pkgjs%2fparseargs cache-miss
974 silly fetch manifest brace-expansion@^2.0.1
975 silly packumentCache full:https://registry.npmjs.org/brace-expansion cache-miss
976 http fetch GET 200 https://registry.npmjs.org/signal-exit 44ms (cache revalidated)
977 silly packumentCache full:https://registry.npmjs.org/signal-exit set size:53489 disposed:false
978 http fetch GET 200 https://registry.npmjs.org/brace-expansion 54ms (cache revalidated)
979 silly packumentCache full:https://registry.npmjs.org/brace-expansion set size:46250 disposed:false
980 http fetch GET 200 https://registry.npmjs.org/@pkgjs%2fparseargs 57ms (cache revalidated)
981 silly packumentCache full:https://registry.npmjs.org/@pkgjs%2fparseargs set size:51085 disposed:false
982 http fetch GET 200 https://registry.npmjs.org/@isaacs%2fcliui 80ms (cache revalidated)
983 silly packumentCache full:https://registry.npmjs.org/@isaacs%2fcliui set size:7676 disposed:false
984 silly placeDep ROOT signal-exit@4.1.0 OK for: foreground-child@3.3.1 want: ^4.0.1
985 silly placeDep ROOT @isaacs/cliui@8.0.2 OK for: jackspeak@3.4.3 want: ^8.0.2
986 silly placeDep ROOT @pkgjs/parseargs@0.11.0 OK for: jackspeak@3.4.3 want: ^0.11.0
987 silly fetch manifest string-width@^5.1.2
988 silly packumentCache full:https://registry.npmjs.org/string-width cache-hit
989 silly fetch manifest string-width-cjs@npm:string-width@^4.2.0
990 silly packumentCache full:https://registry.npmjs.org/string-width cache-hit
991 silly fetch manifest strip-ansi@^7.0.1
992 silly packumentCache full:https://registry.npmjs.org/strip-ansi cache-hit
993 silly fetch manifest strip-ansi-cjs@npm:strip-ansi@^6.0.1
994 silly packumentCache full:https://registry.npmjs.org/strip-ansi cache-hit
995 silly fetch manifest wrap-ansi@^8.1.0
996 silly packumentCache full:https://registry.npmjs.org/wrap-ansi cache-hit
997 silly fetch manifest wrap-ansi-cjs@npm:wrap-ansi@^7.0.0
998 silly packumentCache full:https://registry.npmjs.org/wrap-ansi cache-hit
999 silly placeDep node_modules/@isaacs/cliui string-width@5.1.2 OK for: @isaacs/cliui@8.0.2 want: ^5.1.2
1000 silly placeDep ROOT string-width-cjs@4.2.3 OK for: @isaacs/cliui@8.0.2 want: npm:string-width@^4.2.0
1001 silly placeDep node_modules/@isaacs/cliui strip-ansi@7.1.2 OK for: @isaacs/cliui@8.0.2 want: ^7.0.1
1002 silly placeDep ROOT strip-ansi-cjs@6.0.1 OK for: @isaacs/cliui@8.0.2 want: npm:strip-ansi@^6.0.1
1003 silly placeDep node_modules/@isaacs/cliui wrap-ansi@8.1.0 OK for: @isaacs/cliui@8.0.2 want: ^8.1.0
1004 silly placeDep ROOT wrap-ansi-cjs@7.0.0 OK for: @isaacs/cliui@8.0.2 want: npm:wrap-ansi@^7.0.0
1005 silly fetch manifest emoji-regex@^9.2.2
1006 silly packumentCache full:https://registry.npmjs.org/emoji-regex cache-hit
1007 silly fetch manifest eastasianwidth@^0.2.0
1008 silly packumentCache full:https://registry.npmjs.org/eastasianwidth cache-miss
1009 silly fetch manifest ansi-regex@^6.0.1
1010 silly packumentCache full:https://registry.npmjs.org/ansi-regex cache-hit
1011 silly fetch manifest ansi-styles@^6.1.0
1012 silly packumentCache full:https://registry.npmjs.org/ansi-styles cache-hit
1013 http fetch GET 200 https://registry.npmjs.org/eastasianwidth 41ms (cache revalidated)
1014 silly packumentCache full:https://registry.npmjs.org/eastasianwidth set size:7890 disposed:false
1015 silly placeDep ROOT brace-expansion@2.0.2 OK for: minimatch@9.0.5 want: ^2.0.1
1016 silly fetch manifest balanced-match@^1.0.0
1017 silly packumentCache full:https://registry.npmjs.org/balanced-match cache-miss
1018 http fetch GET 200 https://registry.npmjs.org/balanced-match 38ms (cache revalidated)
1019 silly packumentCache full:https://registry.npmjs.org/balanced-match set size:33860 disposed:false
1020 silly placeDep ROOT balanced-match@1.0.2 OK for: brace-expansion@2.0.2 want: ^1.0.0
1021 silly placeDep node_modules/minipass-flush minipass@3.3.6 OK for: minipass-flush@1.0.5 want: ^3.0.0
1022 silly placeDep node_modules/minipass-pipeline minipass@3.3.6 OK for: minipass-pipeline@1.2.4 want: ^3.0.0
1023 silly placeDep ROOT env-paths@2.2.1 OK for: node-gyp@10.3.1 want: ^2.2.0
1024 silly placeDep ROOT exponential-backoff@3.1.3 OK for: node-gyp@10.3.1 want: ^3.1.1
1025 silly placeDep ROOT make-fetch-happen@13.0.1 OK for: node-gyp@10.3.1 want: ^13.0.0
1026 silly placeDep ROOT nopt@7.2.1 OK for: node-gyp@10.3.1 want: ^7.0.0
1027 silly fetch manifest is-lambda@^1.0.1
1028 silly packumentCache full:https://registry.npmjs.org/is-lambda cache-miss
1029 silly fetch manifest negotiator@^0.6.3
1030 silly packumentCache full:https://registry.npmjs.org/negotiator cache-miss
1031 silly fetch manifest @npmcli/agent@^2.0.0
1032 silly packumentCache full:https://registry.npmjs.org/@npmcli%2fagent cache-miss
1033 silly fetch manifest http-cache-semantics@^4.1.1
1034 silly packumentCache full:https://registry.npmjs.org/http-cache-semantics cache-miss
1035 silly fetch manifest abbrev@^2.0.0
1036 silly packumentCache full:https://registry.npmjs.org/abbrev cache-miss
1037 http fetch GET 200 https://registry.npmjs.org/abbrev 44ms (cache revalidated)
1038 silly packumentCache full:https://registry.npmjs.org/abbrev set size:21777 disposed:false
1039 http fetch GET 200 https://registry.npmjs.org/http-cache-semantics 51ms (cache revalidated)
1040 silly packumentCache full:https://registry.npmjs.org/http-cache-semantics set size:66288 disposed:false
1041 http fetch GET 200 https://registry.npmjs.org/is-lambda 58ms (cache revalidated)
1042 silly packumentCache full:https://registry.npmjs.org/is-lambda set size:4411 disposed:false
1043 http fetch GET 200 https://registry.npmjs.org/@npmcli%2fagent 61ms (cache revalidated)
1044 silly packumentCache full:https://registry.npmjs.org/@npmcli%2fagent set size:28435 disposed:false
1045 http fetch GET 200 https://registry.npmjs.org/negotiator 63ms (cache revalidated)
1046 silly packumentCache full:https://registry.npmjs.org/negotiator set size:48046 disposed:false
1047 silly placeDep ROOT @npmcli/agent@2.2.2 OK for: make-fetch-happen@13.0.1 want: ^2.0.0
1048 silly placeDep ROOT http-cache-semantics@4.2.0 OK for: make-fetch-happen@13.0.1 want: ^4.1.1
1049 silly placeDep ROOT is-lambda@1.0.1 OK for: make-fetch-happen@13.0.1 want: ^1.0.1
1050 silly placeDep ROOT minipass-fetch@3.0.5 OK for: make-fetch-happen@13.0.1 want: ^3.0.0
1051 silly placeDep ROOT negotiator@0.6.4 OK for: make-fetch-happen@13.0.1 want: ^0.6.3
1052 silly fetch manifest socks-proxy-agent@^8.0.3
1053 silly packumentCache full:https://registry.npmjs.org/socks-proxy-agent cache-miss
1054 silly fetch manifest minipass-sized@^1.0.3
1055 silly packumentCache full:https://registry.npmjs.org/minipass-sized cache-miss
1056 silly fetch manifest encoding@^0.1.13
1057 silly packumentCache full:https://registry.npmjs.org/encoding cache-miss
1058 http fetch GET 200 https://registry.npmjs.org/socks-proxy-agent 43ms (cache revalidated)
1059 silly packumentCache full:https://registry.npmjs.org/socks-proxy-agent set size:96838 disposed:false
1060 http fetch GET 200 https://registry.npmjs.org/encoding 45ms (cache revalidated)
1061 silly packumentCache full:https://registry.npmjs.org/encoding set size:17833 disposed:false
1062 http fetch GET 200 https://registry.npmjs.org/minipass-sized 60ms (cache revalidated)
1063 silly packumentCache full:https://registry.npmjs.org/minipass-sized set size:12074 disposed:false
1064 silly placeDep ROOT socks-proxy-agent@8.0.5 OK for: @npmcli/agent@2.2.2 want: ^8.0.3
1065 silly fetch manifest socks@^2.8.3
1066 silly packumentCache full:https://registry.npmjs.org/socks cache-miss
1067 http fetch GET 200 https://registry.npmjs.org/socks 41ms (cache revalidated)
1068 silly packumentCache full:https://registry.npmjs.org/socks set size:168523 disposed:false
1069 silly placeDep ROOT encoding@0.1.13 OK for: minipass-fetch@3.0.5 want: ^0.1.13
1070 silly placeDep ROOT minipass-sized@1.0.3 OK for: minipass-fetch@3.0.5 want: ^1.0.3
1071 silly placeDep ROOT minizlib@2.1.2 OK for: minipass-fetch@3.0.5 want: ^2.1.2
1072 silly fetch manifest iconv-lite@^0.6.2
1073 silly packumentCache full:https://registry.npmjs.org/iconv-lite cache-miss
1074 http fetch GET 200 https://registry.npmjs.org/iconv-lite 40ms (cache revalidated)
1075 silly packumentCache full:https://registry.npmjs.org/iconv-lite set size:118890 disposed:false
1076 silly placeDep ROOT iconv-lite@0.6.3 OK for: encoding@0.1.13 want: ^0.6.2
1077 silly fetch manifest safer-buffer@>= 2.1.2 < 3.0.0
1078 silly packumentCache full:https://registry.npmjs.org/safer-buffer cache-miss
1079 http fetch GET 200 https://registry.npmjs.org/safer-buffer 79ms (cache revalidated)
1080 silly packumentCache full:https://registry.npmjs.org/safer-buffer set size:18521 disposed:false
1081 silly placeDep ROOT safer-buffer@2.1.2 OK for: iconv-lite@0.6.3 want: >= 2.1.2 < 3.0.0
1082 silly placeDep node_modules/minipass-sized minipass@3.3.6 OK for: minipass-sized@1.0.3 want: ^3.0.0
1083 silly placeDep node_modules/minizlib minipass@3.3.6 OK for: minizlib@2.1.2 want: ^3.0.0
1084 silly placeDep ROOT yallist@4.0.0 OK for: minizlib@2.1.2 want: ^4.0.0
1085 silly placeDep ROOT abbrev@2.0.0 OK for: nopt@7.2.1 want: ^2.0.0
1086 silly placeDep ROOT validate-npm-package-license@3.0.4 OK for: normalize-package-data@6.0.2 want: ^3.0.4
1087 silly fetch manifest spdx-correct@^3.0.0
1088 silly packumentCache full:https://registry.npmjs.org/spdx-correct cache-miss
1089 silly fetch manifest spdx-expression-parse@^3.0.0
1090 silly packumentCache full:https://registry.npmjs.org/spdx-expression-parse cache-miss
1091 http fetch GET 200 https://registry.npmjs.org/spdx-expression-parse 41ms (cache revalidated)
1092 silly packumentCache full:https://registry.npmjs.org/spdx-expression-parse set size:29500 disposed:false
1093 http fetch GET 200 https://registry.npmjs.org/spdx-correct 44ms (cache revalidated)
1094 silly packumentCache full:https://registry.npmjs.org/spdx-correct set size:38642 disposed:false
1095 silly placeDep ROOT ignore-walk@6.0.5 OK for: npm-packlist@8.0.2 want: ^6.0.4
1096 silly placeDep ROOT npm-install-checks@6.3.0 OK for: npm-pick-manifest@9.1.0 want: ^6.0.0
1097 silly placeDep ROOT @npmcli/redact@2.0.1 OK for: npm-registry-fetch@17.1.0 want: ^2.0.0
1098 silly placeDep ROOT jsonparse@1.3.1 OK for: npm-registry-fetch@17.1.0 want: ^1.3.1
1099 silly placeDep ROOT aggregate-error@3.1.0 OK for: p-map@4.0.0 want: ^3.0.0
1100 silly fetch manifest clean-stack@^2.0.0
1101 silly packumentCache full:https://registry.npmjs.org/clean-stack cache-miss
1102 silly fetch manifest indent-string@^4.0.0
1103 silly packumentCache full:https://registry.npmjs.org/indent-string cache-miss
1104 http fetch GET 200 https://registry.npmjs.org/clean-stack 34ms (cache revalidated)
1105 silly packumentCache full:https://registry.npmjs.org/clean-stack set size:52858 disposed:false
1106 http fetch GET 200 https://registry.npmjs.org/indent-string 42ms (cache revalidated)
1107 silly packumentCache full:https://registry.npmjs.org/indent-string set size:28547 disposed:false
1108 silly placeDep ROOT clean-stack@2.2.0 OK for: aggregate-error@3.1.0 want: ^2.0.0
1109 silly placeDep ROOT indent-string@4.0.0 OK for: aggregate-error@3.1.0 want: ^4.0.0
1110 silly placeDep ROOT @jest/schemas@29.6.3 OK for: pretty-format@29.7.0 want: ^29.6.3
1111 silly placeDep node_modules/pretty-format ansi-styles@5.2.0 OK for: pretty-format@29.7.0 want: ^5.0.0
1112 silly placeDep ROOT react-is@18.3.1 OK for: pretty-format@29.7.0 want: ^18.0.0
1113 silly fetch manifest @sinclair/typebox@^0.27.8
1114 silly packumentCache full:https://registry.npmjs.org/@sinclair%2ftypebox cache-miss
1115 http fetch GET 200 https://registry.npmjs.org/@sinclair%2ftypebox 344ms (cache revalidated)
1116 silly packumentCache full:https://registry.npmjs.org/@sinclair%2ftypebox set size:1194553 disposed:false
1117 silly placeDep ROOT @sinclair/typebox@0.27.8 OK for: @jest/schemas@29.6.3 want: ^0.27.8
1118 silly placeDep ROOT colors@1.4.0 OK for: prettyjson@1.2.5 want: 1.4.0
1119 silly placeDep ROOT minimist@1.2.8 OK for: prettyjson@1.2.5 want: ^1.2.0
1120 silly placeDep ROOT err-code@2.0.3 OK for: promise-retry@2.0.1 want: ^2.0.2
1121 silly placeDep ROOT retry@0.12.0 OK for: promise-retry@2.0.1 want: ^0.12.0
1122 silly placeDep ROOT mute-stream@1.0.0 OK for: read@3.0.1 want: ^1.0.0
1123 silly placeDep ROOT queue-microtask@1.2.3 OK for: run-parallel@1.2.0 want: ^1.2.2
1124 silly placeDep ROOT shebang-regex@3.0.0 OK for: shebang-command@2.0.0 want: ^3.0.0
1125 silly placeDep ROOT @sigstore/bundle@2.3.2 OK for: sigstore@2.3.1 want: ^2.3.2
1126 silly placeDep ROOT @sigstore/core@1.1.0 OK for: sigstore@2.3.1 want: ^1.0.0
1127 silly placeDep ROOT @sigstore/protobuf-specs@0.3.3 OK for: sigstore@2.3.1 want: ^0.3.2
1128 silly placeDep ROOT @sigstore/sign@2.3.2 OK for: sigstore@2.3.1 want: ^2.3.2
1129 silly placeDep ROOT @sigstore/tuf@2.3.4 OK for: sigstore@2.3.1 want: ^2.3.4
1130 silly placeDep ROOT @sigstore/verify@1.2.1 OK for: sigstore@2.3.1 want: ^1.2.1
1131 silly fetch manifest tuf-js@^2.2.1
1132 silly packumentCache full:https://registry.npmjs.org/tuf-js cache-miss
1133 http fetch GET 200 https://registry.npmjs.org/tuf-js 40ms (cache revalidated)
1134 silly packumentCache full:https://registry.npmjs.org/tuf-js set size:63297 disposed:false
1135 silly placeDep ROOT tuf-js@2.2.1 OK for: @sigstore/tuf@2.3.4 want: ^2.2.1
1136 silly fetch manifest @tufjs/models@2.0.1
1137 silly packumentCache full:https://registry.npmjs.org/@tufjs%2fmodels cache-miss
1138 http fetch GET 200 https://registry.npmjs.org/@tufjs%2fmodels 78ms (cache revalidated)
1139 silly packumentCache full:https://registry.npmjs.org/@tufjs%2fmodels set size:27405 disposed:false
1140 silly placeDep ROOT socks@2.8.7 OK for: socks-proxy-agent@8.0.5 want: ^2.8.3
1141 silly fetch manifest ip-address@^10.0.1
1142 silly packumentCache full:https://registry.npmjs.org/ip-address cache-miss
1143 silly fetch manifest smart-buffer@^4.2.0
1144 silly packumentCache full:https://registry.npmjs.org/smart-buffer cache-miss
1145 http fetch GET 200 https://registry.npmjs.org/smart-buffer 49ms (cache revalidated)
1146 silly packumentCache full:https://registry.npmjs.org/smart-buffer set size:87065 disposed:false
1147 http fetch GET 200 https://registry.npmjs.org/ip-address 61ms (cache revalidated)
1148 silly packumentCache full:https://registry.npmjs.org/ip-address set size:135050 disposed:false
1149 silly placeDep ROOT ip-address@10.1.0 OK for: socks@2.8.7 want: ^10.0.1
1150 silly placeDep ROOT smart-buffer@4.2.0 OK for: socks@2.8.7 want: ^4.2.0
1151 silly placeDep node_modules/streamroller fs-extra@8.1.0 OK for: streamroller@3.1.5 want: ^8.1.0
1152 silly fetch manifest jsonfile@^4.0.0
1153 silly packumentCache full:https://registry.npmjs.org/jsonfile cache-hit
1154 silly fetch manifest universalify@^0.1.0
1155 silly packumentCache full:https://registry.npmjs.org/universalify cache-hit
1156 silly placeDep ROOT emoji-regex@8.0.0 OK for: string-width@4.2.3 want: ^8.0.0
1157 silly placeDep ROOT is-fullwidth-code-point@3.0.0 OK for: string-width@4.2.3 want: ^3.0.0
1158 silly placeDep ROOT ansi-regex@5.0.1 OK for: strip-ansi@6.0.1 want: ^5.0.1
1159 silly placeDep ROOT has-flag@4.0.0 OK for: supports-color@7.2.0 want: ^4.0.0
1160 silly placeDep ROOT chownr@2.0.0 OK for: tar@6.2.1 want: ^2.0.0
1161 silly placeDep node_modules/tar fs-minipass@2.1.0 OK for: tar@6.2.1 want: ^2.0.0
1162 silly placeDep node_modules/tar minipass@5.0.0 OK for: tar@6.2.1 want: ^5.0.0
1163 silly placeDep ROOT mkdirp@1.0.4 OK for: tar@6.2.1 want: ^1.0.3
1164 silly placeDep ROOT is-number@7.0.0 OK for: to-regex-range@5.0.1 want: ^7.0.0
1165 silly placeDep ROOT @tufjs/models@2.0.1 OK for: tuf-js@2.2.1 want: 2.0.1
1166 silly fetch manifest @tufjs/canonical-json@2.0.0
1167 silly packumentCache full:https://registry.npmjs.org/@tufjs%2fcanonical-json cache-miss
1168 http fetch GET 200 https://registry.npmjs.org/@tufjs%2fcanonical-json 86ms (cache revalidated)
1169 silly packumentCache full:https://registry.npmjs.org/@tufjs%2fcanonical-json set size:7336 disposed:false
1170 silly placeDep ROOT @tufjs/canonical-json@2.0.0 OK for: @tufjs/models@2.0.1 want: 2.0.0
1171 silly placeDep ROOT unique-slug@4.0.0 OK for: unique-filename@3.0.0 want: ^4.0.0
1172 silly fetch manifest imurmurhash@^0.1.4
1173 silly packumentCache full:https://registry.npmjs.org/imurmurhash cache-miss
1174 http fetch GET 200 https://registry.npmjs.org/imurmurhash 45ms (cache revalidated)
1175 silly packumentCache full:https://registry.npmjs.org/imurmurhash set size:35819 disposed:false
1176 silly placeDep ROOT imurmurhash@0.1.4 OK for: unique-slug@4.0.0 want: ^0.1.4
1177 silly placeDep ROOT spdx-correct@3.2.0 OK for: validate-npm-package-license@3.0.4 want: ^3.0.0
1178 silly placeDep ROOT spdx-expression-parse@3.0.1 OK for: validate-npm-package-license@3.0.4 want: ^3.0.0
1179 silly fetch manifest spdx-license-ids@^3.0.0
1180 silly packumentCache full:https://registry.npmjs.org/spdx-license-ids cache-miss
1181 silly fetch manifest spdx-exceptions@^2.1.0
1182 silly packumentCache full:https://registry.npmjs.org/spdx-exceptions cache-miss
1183 silly fetch manifest spdx-license-ids@^3.0.0
1184 silly packumentCache full:https://registry.npmjs.org/spdx-license-ids cache-miss
1185 http fetch GET 200 https://registry.npmjs.org/spdx-license-ids 68ms (cache revalidated)
1186 silly packumentCache full:https://registry.npmjs.org/spdx-license-ids set size:79959 disposed:false
1187 http fetch GET 200 https://registry.npmjs.org/spdx-exceptions 73ms (cache revalidated)
1188 silly packumentCache full:https://registry.npmjs.org/spdx-exceptions set size:21227 disposed:false
1189 http fetch GET 200 https://registry.npmjs.org/spdx-license-ids 77ms (cache revalidated)
1190 silly packumentCache full:https://registry.npmjs.org/spdx-license-ids set size:79959 disposed:false
1191 silly packumentCache full:https://registry.npmjs.org/spdx-license-ids dispose
1192 silly placeDep ROOT spdx-license-ids@3.0.22 OK for: spdx-correct@3.2.0 want: ^3.0.0
1193 silly placeDep ROOT spdx-exceptions@2.5.0 OK for: spdx-expression-parse@3.0.1 want: ^2.1.0
1194 silly placeDep ROOT isexe@3.1.1 OK for: which@4.0.0 want: ^3.1.1
1195 silly placeDep node_modules/winston @colors/colors@1.6.0 OK for: winston@3.18.3 want: ^1.6.0
1196 silly placeDep ROOT @dabh/diagnostics@2.0.8 OK for: winston@3.18.3 want: ^2.0.8
1197 silly placeDep ROOT async@3.2.6 OK for: winston@3.18.3 want: ^3.2.3
1198 silly placeDep ROOT is-stream@2.0.1 OK for: winston@3.18.3 want: ^2.0.0
1199 silly placeDep ROOT logform@2.7.0 OK for: winston@3.18.3 want: ^2.7.0
1200 silly placeDep ROOT one-time@1.0.0 OK for: winston@3.18.3 want: ^1.0.0
1201 silly placeDep ROOT readable-stream@3.6.2 OK for: winston@3.18.3 want: ^3.4.0
1202 silly placeDep ROOT safe-stable-stringify@2.5.0 OK for: winston@3.18.3 want: ^2.3.1
1203 silly placeDep ROOT triple-beam@1.4.1 OK for: winston@3.18.3 want: ^1.3.0
1204 silly placeDep ROOT winston-transport@4.9.0 OK for: winston@3.18.3 want: ^4.9.0
1205 silly fetch manifest @so-ric/colorspace@^1.1.6
1206 silly packumentCache full:https://registry.npmjs.org/@so-ric%2fcolorspace cache-miss
1207 silly fetch manifest enabled@2.0.x
1208 silly packumentCache full:https://registry.npmjs.org/enabled cache-miss
1209 silly fetch manifest kuler@^2.0.0
1210 silly packumentCache full:https://registry.npmjs.org/kuler cache-miss
1211 silly fetch manifest @colors/colors@1.6.0
1212 silly packumentCache full:https://registry.npmjs.org/@colors%2fcolors cache-hit
1213 silly fetch manifest @types/triple-beam@^1.3.2
1214 silly packumentCache full:https://registry.npmjs.org/@types%2ftriple-beam cache-miss
1215 silly fetch manifest fecha@^4.2.0
1216 silly packumentCache full:https://registry.npmjs.org/fecha cache-miss
1217 silly fetch manifest fn.name@1.x.x
1218 silly packumentCache full:https://registry.npmjs.org/fn.name cache-miss
1219 silly fetch manifest inherits@^2.0.3
1220 silly packumentCache full:https://registry.npmjs.org/inherits cache-miss
1221 silly fetch manifest string_decoder@^1.1.1
1222 silly packumentCache full:https://registry.npmjs.org/string_decoder cache-miss
1223 silly fetch manifest util-deprecate@^1.0.1
1224 silly packumentCache full:https://registry.npmjs.org/util-deprecate cache-miss
1225 http fetch GET 200 https://registry.npmjs.org/enabled 65ms (cache revalidated)
1226 silly packumentCache full:https://registry.npmjs.org/enabled set size:8263 disposed:false
1227 http fetch GET 200 https://registry.npmjs.org/kuler 66ms (cache revalidated)
1228 silly packumentCache full:https://registry.npmjs.org/kuler set size:10079 disposed:false
1229 http fetch GET 200 https://registry.npmjs.org/fecha 67ms (cache revalidated)
1230 silly packumentCache full:https://registry.npmjs.org/fecha set size:86792 disposed:false
1231 http fetch GET 200 https://registry.npmjs.org/@types%2ftriple-beam 75ms (cache revalidated)
1232 silly packumentCache full:https://registry.npmjs.org/@types%2ftriple-beam set size:12646 disposed:false
1233 http fetch GET 200 https://registry.npmjs.org/string_decoder 74ms (cache revalidated)
1234 silly packumentCache full:https://registry.npmjs.org/string_decoder set size:28441 disposed:false
1235 http fetch GET 200 https://registry.npmjs.org/fn.name 79ms (cache revalidated)
1236 silly packumentCache full:https://registry.npmjs.org/fn.name set size:7638 disposed:false
1237 http fetch GET 200 https://registry.npmjs.org/util-deprecate 79ms (cache revalidated)
1238 silly packumentCache full:https://registry.npmjs.org/util-deprecate set size:6674 disposed:false
1239 http fetch GET 200 https://registry.npmjs.org/inherits 91ms (cache revalidated)
1240 silly packumentCache full:https://registry.npmjs.org/inherits set size:12925 disposed:false
1241 http fetch GET 200 https://registry.npmjs.org/@so-ric%2fcolorspace 305ms (cache revalidated)
1242 silly packumentCache full:https://registry.npmjs.org/@so-ric%2fcolorspace set size:7005 disposed:false
1243 silly placeDep ROOT @so-ric/colorspace@1.1.6 OK for: @dabh/diagnostics@2.0.8 want: ^1.1.6
1244 silly placeDep ROOT enabled@2.0.0 OK for: @dabh/diagnostics@2.0.8 want: 2.0.x
1245 silly placeDep ROOT kuler@2.0.0 OK for: @dabh/diagnostics@2.0.8 want: ^2.0.0
1246 silly fetch manifest color@^5.0.2
1247 silly packumentCache full:https://registry.npmjs.org/color cache-miss
1248 silly fetch manifest text-hex@1.0.x
1249 silly packumentCache full:https://registry.npmjs.org/text-hex cache-miss
1250 http fetch GET 200 https://registry.npmjs.org/color 46ms (cache revalidated)
1251 silly packumentCache full:https://registry.npmjs.org/color set size:98234 disposed:false
1252 http fetch GET 200 https://registry.npmjs.org/text-hex 52ms (cache revalidated)
1253 silly packumentCache full:https://registry.npmjs.org/text-hex set size:4528 disposed:false
1254 silly placeDep ROOT color@5.0.3 OK for: @so-ric/colorspace@1.1.6 want: ^5.0.2
1255 silly placeDep ROOT text-hex@1.0.0 OK for: @so-ric/colorspace@1.1.6 want: 1.0.x
1256 silly fetch manifest color-convert@^3.1.3
1257 silly packumentCache full:https://registry.npmjs.org/color-convert cache-hit
1258 silly fetch manifest color-string@^2.1.3
1259 silly packumentCache full:https://registry.npmjs.org/color-string cache-miss
1260 http fetch GET 200 https://registry.npmjs.org/color-string 39ms (cache revalidated)
1261 silly packumentCache full:https://registry.npmjs.org/color-string set size:84418 disposed:false
1262 silly placeDep node_modules/color color-convert@3.1.3 OK for: color@5.0.3 want: ^3.1.3
1263 silly placeDep ROOT color-string@2.1.4 OK for: color@5.0.3 want: ^2.1.3
1264 silly fetch manifest color-name@^2.0.0
1265 silly packumentCache full:https://registry.npmjs.org/color-name cache-hit
1266 silly fetch manifest color-name@^2.0.0
1267 silly packumentCache full:https://registry.npmjs.org/color-name cache-hit
1268 silly placeDep node_modules/color-string color-name@2.1.0 OK for: color-string@2.1.4 want: ^2.0.0
1269 silly placeDep node_modules/logform @colors/colors@1.6.0 OK for: logform@2.7.0 want: 1.6.0
1270 silly placeDep ROOT @types/triple-beam@1.3.5 OK for: logform@2.7.0 want: ^1.3.2
1271 silly placeDep ROOT fecha@4.2.3 OK for: logform@2.7.0 want: ^4.2.0
1272 silly placeDep ROOT fn.name@1.1.0 OK for: one-time@1.0.0 want: 1.x.x
1273 silly placeDep ROOT inherits@2.0.4 OK for: readable-stream@3.6.2 want: ^2.0.3
1274 silly placeDep ROOT string_decoder@1.3.0 OK for: readable-stream@3.6.2 want: ^1.1.1
1275 silly placeDep ROOT util-deprecate@1.0.2 OK for: readable-stream@3.6.2 want: ^1.0.1
1276 silly fetch manifest safe-buffer@~5.2.0
1277 silly packumentCache full:https://registry.npmjs.org/safe-buffer cache-miss
1278 http fetch GET 200 https://registry.npmjs.org/safe-buffer 52ms (cache revalidated)
1279 silly packumentCache full:https://registry.npmjs.org/safe-buffer set size:41183 disposed:false
1280 silly placeDep ROOT safe-buffer@5.2.1 OK for: string_decoder@1.3.0 want: ~5.2.0
1281 silly placeDep ROOT underscore@1.13.7 OK for: wontache@0.1.0 want: ^1.13.0-2
1282 silly placeDep ROOT cliui@8.0.1 OK for: yargs@17.7.2 want: ^8.0.1
1283 silly placeDep ROOT escalade@3.2.0 OK for: yargs@17.7.2 want: ^3.1.1
1284 silly placeDep ROOT get-caller-file@2.0.5 OK for: yargs@17.7.2 want: ^2.0.5
1285 silly placeDep ROOT require-directory@2.1.1 OK for: yargs@17.7.2 want: ^2.1.1
1286 silly placeDep ROOT y18n@5.0.8 OK for: yargs@17.7.2 want: ^5.0.5
1287 silly placeDep ROOT yargs-parser@21.1.1 OK for: yargs@17.7.2 want: ^21.1.1
1288 silly placeDep ROOT eastasianwidth@0.2.0 OK for: string-width@5.1.2 want: ^0.2.0
1289 silly placeDep node_modules/@isaacs/cliui emoji-regex@9.2.2 OK for: string-width@5.1.2 want: ^9.2.2
1290 silly placeDep node_modules/@isaacs/cliui ansi-regex@6.2.2 OK for: strip-ansi@7.1.2 want: ^6.0.1
1291 silly placeDep node_modules/@isaacs/cliui ansi-styles@6.2.3 OK for: wrap-ansi@8.1.0 want: ^6.1.0
1292 silly placeDep node_modules/color color-name@2.1.0 OK for: color-convert@3.1.3 want: ^2.0.0
1293 silly placeDep node_modules/cross-spawn isexe@2.0.0 OK for: which@2.0.2 want: ^2.0.0
1294 silly placeDep node_modules/streamroller jsonfile@4.0.0 OK for: fs-extra@8.1.0 want: ^4.0.0
1295 silly placeDep node_modules/streamroller universalify@0.1.2 OK for: fs-extra@8.1.0 want: ^0.1.0
1296 silly placeDep node_modules/tar/node_modules/fs-minipass minipass@3.3.6 OK for: fs-minipass@2.1.0 want: ^3.0.0
1297 silly reify mark retired [
1297 silly reify   'C:\\Users\\NicholasChien\\Documents\\VSCode4z-InstantPack-work\\npm-cache\\npm-tmp\\node_modules\\@zowe\\cli',
1297 silly reify   'C:\\Users\\NicholasChien\\Documents\\VSCode4z-InstantPack-work\\npm-cache\\npm-tmp\\node_modules\\.bin\\zowe',
1297 silly reify   'C:\\Users\\NicholasChien\\Documents\\VSCode4z-InstantPack-work\\npm-cache\\npm-tmp\\node_modules\\.bin\\zowe.cmd',
1297 silly reify   'C:\\Users\\NicholasChien\\Documents\\VSCode4z-InstantPack-work\\npm-cache\\npm-tmp\\node_modules\\.bin\\zowe.ps1'
1297 silly reify ]
1298 silly reify moves {
1298 silly reify   'C:\\Users\\NicholasChien\\Documents\\VSCode4z-InstantPack-work\\npm-cache\\npm-tmp\\node_modules\\@zowe\\cli': 'C:\\Users\\NicholasChien\\Documents\\VSCode4z-InstantPack-work\\npm-cache\\npm-tmp\\node_modules\\@zowe\\.cli-hwug6O4h',
1298 silly reify   'C:\\Users\\NicholasChien\\Documents\\VSCode4z-InstantPack-work\\npm-cache\\npm-tmp\\node_modules\\.bin\\zowe': 'C:\\Users\\NicholasChien\\Documents\\VSCode4z-InstantPack-work\\npm-cache\\npm-tmp\\node_modules\\.bin\\.zowe-mO91Drmd',
1298 silly reify   'C:\\Users\\NicholasChien\\Documents\\VSCode4z-InstantPack-work\\npm-cache\\npm-tmp\\node_modules\\.bin\\zowe.cmd': 'C:\\Users\\NicholasChien\\Documents\\VSCode4z-InstantPack-work\\npm-cache\\npm-tmp\\node_modules\\.bin\\.zowe.cmd-1qBTq6F9',
1298 silly reify   'C:\\Users\\NicholasChien\\Documents\\VSCode4z-InstantPack-work\\npm-cache\\npm-tmp\\node_modules\\.bin\\zowe.ps1': 'C:\\Users\\NicholasChien\\Documents\\VSCode4z-InstantPack-work\\npm-cache\\npm-tmp\\node_modules\\.bin\\.zowe.ps1-NWrxFzRU'
1298 silly reify }
1299 http fetch GET 200 https://registry.npmjs.org/@zowe/cics-for-zowe-cli/-/cics-for-zowe-cli-6.13.0.tgz 719ms (cache revalidated)
1300 silly packumentCache corgi:https://registry.npmjs.org/xml2js cache-miss
1301 silly packumentCache corgi:https://registry.npmjs.org/xmlbuilder cache-miss
1302 silly packumentCache corgi:https://registry.npmjs.org/sax cache-miss
1303 http fetch GET 200 https://registry.npmjs.org/y18n/-/y18n-5.0.8.tgz 1151ms (cache revalidated)
1304 http fetch GET 200 https://registry.npmjs.org/cliui/-/cliui-8.0.1.tgz 1151ms (cache revalidated)
1305 http fetch GET 200 https://registry.npmjs.org/escalade/-/escalade-3.2.0.tgz 1152ms (cache revalidated)
1306 http fetch GET 200 https://registry.npmjs.org/get-caller-file/-/get-caller-file-2.0.5.tgz 1155ms (cache revalidated)
1307 http fetch GET 200 https://registry.npmjs.org/underscore/-/underscore-1.13.7.tgz 1178ms (cache revalidated)
1308 http fetch GET 200 https://registry.npmjs.org/safe-buffer/-/safe-buffer-5.2.1.tgz 1180ms (cache revalidated)
1309 http fetch GET 200 https://registry.npmjs.org/fecha/-/fecha-4.2.3.tgz 1177ms (cache revalidated)
1310 http fetch GET 200 https://registry.npmjs.org/util-deprecate/-/util-deprecate-1.0.2.tgz 1181ms (cache revalidated)
1311 http fetch GET 200 https://registry.npmjs.org/yargs-parser/-/yargs-parser-21.1.1.tgz 1190ms (cache revalidated)
1312 http fetch GET 200 https://registry.npmjs.org/color-string/-/color-string-2.1.4.tgz 1181ms (cache revalidated)
1313 http fetch GET 200 https://registry.npmjs.org/fn.name/-/fn.name-1.1.0.tgz 1185ms (cache revalidated)
1314 http fetch GET 200 https://registry.npmjs.org/require-directory/-/require-directory-2.1.1.tgz 1189ms (cache revalidated)
1315 http fetch GET 200 https://registry.npmjs.org/@types/triple-beam/-/triple-beam-1.3.5.tgz 1186ms (cache revalidated)
1316 http fetch GET 200 https://registry.npmjs.org/text-hex/-/text-hex-1.0.0.tgz 1213ms (cache revalidated)
1317 http fetch GET 200 https://registry.npmjs.org/color/-/color-5.0.3.tgz 1213ms (cache revalidated)
1318 http fetch GET 200 https://registry.npmjs.org/inherits/-/inherits-2.0.4.tgz 1222ms (cache revalidated)
1319 http fetch GET 200 https://registry.npmjs.org/enabled/-/enabled-2.0.0.tgz 1219ms (cache revalidated)
1320 http fetch GET 200 https://registry.npmjs.org/triple-beam/-/triple-beam-1.4.1.tgz 1227ms (cache revalidated)
1321 http fetch GET 200 https://registry.npmjs.org/is-stream/-/is-stream-2.0.1.tgz 1225ms (cache revalidated)
1322 http fetch GET 200 https://registry.npmjs.org/logform/-/logform-2.7.0.tgz 1232ms (cache revalidated)
1323 http fetch GET 200 https://registry.npmjs.org/readable-stream/-/readable-stream-3.6.2.tgz 1257ms (cache revalidated)
1324 http fetch GET 200 https://registry.npmjs.org/async/-/async-3.2.6.tgz 1262ms (cache revalidated)
1325 http fetch GET 200 https://registry.npmjs.org/safe-stable-stringify/-/safe-stable-stringify-2.5.0.tgz 1276ms (cache revalidated)
1326 http fetch GET 200 https://registry.npmjs.org/isexe/-/isexe-3.1.1.tgz 1276ms (cache revalidated)
1327 http fetch GET 200 https://registry.npmjs.org/@dabh/diagnostics/-/diagnostics-2.0.8.tgz 1278ms (cache revalidated)
1328 http fetch GET 200 https://registry.npmjs.org/one-time/-/one-time-1.0.0.tgz 1287ms (cache revalidated)
1329 http fetch GET 200 https://registry.npmjs.org/unique-slug/-/unique-slug-4.0.0.tgz 1281ms (cache revalidated)
1330 http fetch GET 200 https://registry.npmjs.org/kuler/-/kuler-2.0.0.tgz 1294ms (cache revalidated)
1331 http fetch GET 200 https://registry.npmjs.org/winston-transport/-/winston-transport-4.9.0.tgz 1297ms (cache revalidated)
1332 http fetch GET 200 https://registry.npmjs.org/string_decoder/-/string_decoder-1.3.0.tgz 1310ms (cache revalidated)
1333 http fetch GET 200 https://registry.npmjs.org/spdx-correct/-/spdx-correct-3.2.0.tgz 1300ms (cache revalidated)
1334 http fetch GET 200 https://registry.npmjs.org/spdx-exceptions/-/spdx-exceptions-2.5.0.tgz 1302ms (cache revalidated)
1335 http fetch GET 200 https://registry.npmjs.org/chownr/-/chownr-2.0.0.tgz 1297ms (cache revalidated)
1336 http fetch GET 200 https://registry.npmjs.org/is-number/-/is-number-7.0.0.tgz 1300ms (cache revalidated)
1337 http fetch GET 200 https://registry.npmjs.org/imurmurhash/-/imurmurhash-0.1.4.tgz 1302ms (cache revalidated)
1338 http fetch GET 200 https://registry.npmjs.org/@tufjs/models/-/models-2.0.1.tgz 1305ms (cache revalidated)
1339 http fetch GET 200 https://registry.npmjs.org/mkdirp/-/mkdirp-1.0.4.tgz 1303ms (cache revalidated)
1340 http fetch GET 200 https://registry.npmjs.org/@tufjs/canonical-json/-/canonical-json-2.0.0.tgz 1306ms (cache revalidated)
1341 http fetch GET 200 https://registry.npmjs.org/spdx-license-ids/-/spdx-license-ids-3.0.22.tgz 1310ms (cache revalidated)
1342 http fetch GET 200 https://registry.npmjs.org/ansi-regex/-/ansi-regex-5.0.1.tgz 1305ms (cache revalidated)
1343 http fetch GET 200 https://registry.npmjs.org/@so-ric/colorspace/-/colorspace-1.1.6.tgz 1322ms (cache revalidated)
1344 http fetch GET 200 https://registry.npmjs.org/is-fullwidth-code-point/-/is-fullwidth-code-point-3.0.0.tgz 1339ms (cache revalidated)
1345 http fetch GET 200 https://registry.npmjs.org/spdx-expression-parse/-/spdx-expression-parse-3.0.1.tgz 1355ms (cache revalidated)
1346 http fetch GET 200 https://registry.npmjs.org/has-flag/-/has-flag-4.0.0.tgz 1355ms (cache revalidated)
1347 http fetch GET 200 https://registry.npmjs.org/socks/-/socks-2.8.7.tgz 1352ms (cache revalidated)
1348 http fetch GET 200 https://registry.npmjs.org/@sigstore/sign/-/sign-2.3.2.tgz 1366ms (cache revalidated)
1349 http fetch GET 200 https://registry.npmjs.org/smart-buffer/-/smart-buffer-4.2.0.tgz 1372ms (cache revalidated)
1350 http fetch GET 200 https://registry.npmjs.org/queue-microtask/-/queue-microtask-1.2.3.tgz 1367ms (cache revalidated)
1351 http fetch GET 200 https://registry.npmjs.org/tuf-js/-/tuf-js-2.2.1.tgz 1371ms (cache revalidated)
1352 http fetch GET 200 https://registry.npmjs.org/retry/-/retry-0.12.0.tgz 1370ms (cache revalidated)
1353 http fetch GET 200 https://registry.npmjs.org/ip-address/-/ip-address-10.1.0.tgz 1375ms (cache revalidated)
1354 http fetch GET 200 https://registry.npmjs.org/@sigstore/verify/-/verify-1.2.1.tgz 1391ms (cache revalidated)
1355 http fetch GET 200 https://registry.npmjs.org/@sigstore/bundle/-/bundle-2.3.2.tgz 1394ms (cache revalidated)
1356 http fetch GET 200 https://registry.npmjs.org/@sigstore/core/-/core-1.1.0.tgz 1395ms (cache revalidated)
1357 http fetch GET 200 https://registry.npmjs.org/@sinclair/typebox/-/typebox-0.27.8.tgz 1399ms (cache revalidated)
1358 http fetch GET 200 https://registry.npmjs.org/@sigstore/tuf/-/tuf-2.3.4.tgz 1406ms (cache revalidated)
1359 http fetch GET 200 https://registry.npmjs.org/err-code/-/err-code-2.0.3.tgz 1406ms (cache revalidated)
1360 http fetch GET 200 https://registry.npmjs.org/mute-stream/-/mute-stream-1.0.0.tgz 1415ms (cache revalidated)
1361 http fetch GET 200 https://registry.npmjs.org/shebang-regex/-/shebang-regex-3.0.0.tgz 1418ms (cache revalidated)
1362 http fetch GET 200 https://registry.npmjs.org/clean-stack/-/clean-stack-2.2.0.tgz 1428ms (cache revalidated)
1363 http fetch GET 200 https://registry.npmjs.org/colors/-/colors-1.4.0.tgz 1431ms (cache revalidated)
1364 http fetch GET 200 https://registry.npmjs.org/indent-string/-/indent-string-4.0.0.tgz 1432ms (cache revalidated)
1365 http fetch GET 200 https://registry.npmjs.org/minimist/-/minimist-1.2.8.tgz 1446ms (cache revalidated)
1366 http fetch GET 200 https://registry.npmjs.org/@jest/schemas/-/schemas-29.6.3.tgz 1450ms (cache revalidated)
1367 http fetch GET 200 https://registry.npmjs.org/@npmcli/redact/-/redact-2.0.1.tgz 1450ms (cache revalidated)
1368 http fetch GET 200 https://registry.npmjs.org/npm-install-checks/-/npm-install-checks-6.3.0.tgz 1449ms (cache revalidated)
1369 http fetch GET 200 https://registry.npmjs.org/safer-buffer/-/safer-buffer-2.1.2.tgz 1452ms (cache revalidated)
1370 http fetch GET 200 https://registry.npmjs.org/react-is/-/react-is-18.3.1.tgz 1464ms (cache revalidated)
1371 http fetch GET 200 https://registry.npmjs.org/emoji-regex/-/emoji-regex-8.0.0.tgz 1475ms (cache revalidated)
1372 http fetch GET 200 https://registry.npmjs.org/minipass-sized/-/minipass-sized-1.0.3.tgz 1461ms (cache revalidated)
1373 http fetch GET 200 https://registry.npmjs.org/yallist/-/yallist-4.0.0.tgz 1462ms (cache revalidated)
1374 http fetch GET 200 https://registry.npmjs.org/aggregate-error/-/aggregate-error-3.1.0.tgz 1467ms (cache revalidated)
1375 http fetch GET 200 https://registry.npmjs.org/validate-npm-package-license/-/validate-npm-package-license-3.0.4.tgz 1466ms (cache revalidated)
1376 http fetch GET 200 https://registry.npmjs.org/encoding/-/encoding-0.1.13.tgz 1476ms (cache revalidated)
1377 http fetch GET 200 https://registry.npmjs.org/iconv-lite/-/iconv-lite-0.6.3.tgz 1483ms (cache revalidated)
1378 http fetch GET 200 https://registry.npmjs.org/socks-proxy-agent/-/socks-proxy-agent-8.0.5.tgz 1482ms (cache revalidated)
1379 http fetch GET 200 https://registry.npmjs.org/ignore-walk/-/ignore-walk-6.0.5.tgz 1487ms (cache revalidated)
1380 http fetch GET 200 https://registry.npmjs.org/minipass-fetch/-/minipass-fetch-3.0.5.tgz 1497ms (cache revalidated)
1381 http fetch GET 200 https://registry.npmjs.org/@npmcli/agent/-/agent-2.2.2.tgz 1499ms (cache revalidated)
1382 http fetch GET 200 https://registry.npmjs.org/exponential-backoff/-/exponential-backoff-3.1.3.tgz 1497ms (cache revalidated)
1383 http fetch GET 200 https://registry.npmjs.org/negotiator/-/negotiator-0.6.4.tgz 1521ms (cache revalidated)
1384 http fetch GET 200 https://registry.npmjs.org/make-fetch-happen/-/make-fetch-happen-13.0.1.tgz 1520ms (cache revalidated)
1385 http fetch GET 200 https://registry.npmjs.org/brace-expansion/-/brace-expansion-2.0.2.tgz 1520ms (cache revalidated)
1386 http fetch GET 200 https://registry.npmjs.org/is-lambda/-/is-lambda-1.0.1.tgz 1525ms (cache revalidated)
1387 http fetch GET 200 https://registry.npmjs.org/wrap-ansi/-/wrap-ansi-7.0.0.tgz 1522ms (cache revalidated)
1388 http fetch GET 200 https://registry.npmjs.org/jsonparse/-/jsonparse-1.3.1.tgz 1549ms (cache revalidated)
1389 http fetch GET 200 https://registry.npmjs.org/minizlib/-/minizlib-2.1.2.tgz 1549ms (cache revalidated)
1390 http fetch GET 200 https://registry.npmjs.org/nopt/-/nopt-7.2.1.tgz 1549ms (cache revalidated)
1391 http fetch GET 200 https://registry.npmjs.org/env-paths/-/env-paths-2.2.1.tgz 1548ms (cache revalidated)
1392 http fetch GET 200 https://registry.npmjs.org/http-cache-semantics/-/http-cache-semantics-4.2.0.tgz 1555ms (cache revalidated)
1393 http fetch GET 200 https://registry.npmjs.org/@pkgjs/parseargs/-/parseargs-0.11.0.tgz 1569ms (cache revalidated)
1394 http fetch GET 200 https://registry.npmjs.org/@isaacs/cliui/-/cliui-8.0.2.tgz 1567ms (cache revalidated)
1395 http fetch GET 200 https://registry.npmjs.org/balanced-match/-/balanced-match-1.0.2.tgz 1572ms (cache revalidated)
1396 http fetch GET 200 https://registry.npmjs.org/strip-ansi/-/strip-ansi-6.0.1.tgz 1570ms (cache revalidated)
1397 http fetch GET 200 https://registry.npmjs.org/jackspeak/-/jackspeak-3.4.3.tgz 1571ms (cache revalidated)
1398 http fetch GET 200 https://registry.npmjs.org/path-scurry/-/path-scurry-1.11.1.tgz 1573ms (cache revalidated)
1399 http fetch GET 200 https://registry.npmjs.org/unique-filename/-/unique-filename-3.0.0.tgz 1594ms (cache revalidated)
1400 http fetch GET 200 https://registry.npmjs.org/string-width/-/string-width-4.2.3.tgz 1602ms (cache revalidated)
1401 http fetch GET 200 https://registry.npmjs.org/signal-exit/-/signal-exit-4.1.0.tgz 1600ms (cache revalidated)
1402 http fetch GET 200 https://registry.npmjs.org/package-json-from-dist/-/package-json-from-dist-1.0.1.tgz 1631ms (cache revalidated)
1403 http fetch GET 200 https://registry.npmjs.org/minipass-collect/-/minipass-collect-2.0.1.tgz 1628ms (cache revalidated)
1404 http fetch GET 200 https://registry.npmjs.org/glob/-/glob-10.5.0.tgz 1631ms (cache revalidated)
1405 http fetch GET 200 https://registry.npmjs.org/@npmcli/fs/-/fs-3.1.1.tgz 1638ms (cache revalidated)
1406 http fetch GET 200 https://registry.npmjs.org/@npmcli/node-gyp/-/node-gyp-3.0.0.tgz 1637ms (cache revalidated)
1407 http fetch GET 200 https://registry.npmjs.org/minipass-flush/-/minipass-flush-1.0.5.tgz 1641ms (cache revalidated)
1408 http fetch GET 200 https://registry.npmjs.org/minipass-pipeline/-/minipass-pipeline-1.2.4.tgz 1649ms (cache revalidated)
1409 http fetch GET 200 https://registry.npmjs.org/json-parse-even-better-errors/-/json-parse-even-better-errors-3.0.2.tgz 1647ms (cache revalidated)
1410 http fetch GET 200 https://registry.npmjs.org/p-map/-/p-map-4.0.0.tgz 1653ms (cache revalidated)
1411 http fetch GET 200 https://registry.npmjs.org/minimatch/-/minimatch-9.0.5.tgz 1658ms (cache revalidated)
1412 http fetch GET 200 https://registry.npmjs.org/npm-normalize-package-bin/-/npm-normalize-package-bin-3.0.1.tgz 1651ms (cache revalidated)
1413 http fetch GET 200 https://registry.npmjs.org/npm-bundled/-/npm-bundled-3.0.1.tgz 1652ms (cache revalidated)
1414 http fetch GET 200 https://registry.npmjs.org/normalize-package-data/-/normalize-package-data-6.0.2.tgz 1659ms (cache revalidated)
1415 http fetch GET 200 https://registry.npmjs.org/tar/-/tar-6.2.1.tgz 1692ms (cache revalidated)
1416 http fetch GET 200 https://registry.npmjs.org/promise-retry/-/promise-retry-2.0.1.tgz 1692ms (cache revalidated)
1417 http fetch GET 200 https://registry.npmjs.org/promise-inflight/-/promise-inflight-1.0.1.tgz 1695ms (cache revalidated)
1418 http fetch GET 200 https://registry.npmjs.org/ini/-/ini-4.1.3.tgz 1694ms (cache revalidated)
1419 http fetch GET 200 https://registry.npmjs.org/ssri/-/ssri-10.0.6.tgz 1694ms (cache revalidated)
1420 http fetch GET 200 https://registry.npmjs.org/abbrev/-/abbrev-2.0.0.tgz 1725ms (cache revalidated)
1421 http fetch GET 200 https://registry.npmjs.org/foreground-child/-/foreground-child-3.3.1.tgz 1696ms (cache revalidated)
1422 http fetch GET 200 https://registry.npmjs.org/node-gyp/-/node-gyp-10.3.1.tgz 1717ms (cache revalidated)
1423 http fetch GET 200 https://registry.npmjs.org/npm-pick-manifest/-/npm-pick-manifest-9.1.0.tgz 1725ms (cache revalidated)
1424 http fetch GET 200 https://registry.npmjs.org/minipass/-/minipass-7.1.2.tgz 1725ms (cache revalidated)
1425 http fetch GET 200 https://registry.npmjs.org/cacache/-/cacache-18.0.4.tgz 1743ms (cache revalidated)
1426 http fetch GET 200 https://registry.npmjs.org/@npmcli/run-script/-/run-script-8.1.0.tgz 1750ms (cache revalidated)
1427 http fetch GET 200 https://registry.npmjs.org/@npmcli/promise-spawn/-/promise-spawn-7.0.2.tgz 1767ms (cache revalidated)
1428 http fetch GET 200 https://registry.npmjs.org/npm-registry-fetch/-/npm-registry-fetch-17.1.0.tgz 1769ms (cache revalidated)
1429 http fetch GET 200 https://registry.npmjs.org/npm-packlist/-/npm-packlist-8.0.2.tgz 1769ms (cache revalidated)
1430 http fetch GET 200 https://registry.npmjs.org/yocto-queue/-/yocto-queue-0.1.0.tgz 1781ms (cache revalidated)
1431 http fetch GET 200 https://registry.npmjs.org/fs-minipass/-/fs-minipass-3.0.3.tgz 1784ms (cache revalidated)
1432 http fetch GET 200 https://registry.npmjs.org/p-limit/-/p-limit-3.1.0.tgz 1784ms (cache revalidated)
1433 http fetch GET 200 https://registry.npmjs.org/@npmcli/git/-/git-5.0.8.tgz 1788ms (cache revalidated)
1434 http fetch GET 200 https://registry.npmjs.org/@npmcli/package-json/-/package-json-5.2.1.tgz 1790ms (cache revalidated)
1435 http fetch GET 200 https://registry.npmjs.org/proc-log/-/proc-log-4.2.0.tgz 1783ms (cache revalidated)
1436 http fetch GET 200 https://registry.npmjs.org/sigstore/-/sigstore-2.3.1.tgz 1798ms (cache revalidated)
1437 http fetch GET 200 https://registry.npmjs.org/hosted-git-info/-/hosted-git-info-7.0.2.tgz 1792ms (cache revalidated)
1438 http fetch GET 200 https://registry.npmjs.org/validate-npm-package-name/-/validate-npm-package-name-5.0.1.tgz 1786ms (cache revalidated)
1439 http fetch GET 200 https://registry.npmjs.org/lru-cache/-/lru-cache-10.4.3.tgz 1793ms (cache revalidated)
1440 http fetch GET 200 https://registry.npmjs.org/@npmcli/installed-package-contents/-/installed-package-contents-2.1.0.tgz 1818ms (cache revalidated)
1441 http fetch GET 200 https://registry.npmjs.org/picomatch/-/picomatch-2.3.1.tgz 1812ms (cache revalidated)
1442 http fetch GET 200 https://registry.npmjs.org/uc.micro/-/uc.micro-2.1.0.tgz 1824ms (cache revalidated)
1443 http fetch GET 200 https://registry.npmjs.org/punycode.js/-/punycode.js-2.3.1.tgz 1824ms (cache revalidated)
1444 http fetch GET 200 https://registry.npmjs.org/to-regex-range/-/to-regex-range-5.0.1.tgz 1842ms (cache revalidated)
1445 http fetch GET 200 https://registry.npmjs.org/mdurl/-/mdurl-2.0.0.tgz 1841ms (cache revalidated)
1446 http fetch GET 200 https://registry.npmjs.org/streamroller/-/streamroller-3.1.5.tgz 1842ms (cache revalidated)
1447 http fetch GET 200 https://registry.npmjs.org/entities/-/entities-4.5.0.tgz 1846ms (cache revalidated)
1448 http fetch GET 200 https://registry.npmjs.org/fill-range/-/fill-range-7.1.1.tgz 1849ms (cache revalidated)
1449 http fetch GET 200 https://registry.npmjs.org/linkify-it/-/linkify-it-5.0.0.tgz 1850ms (cache revalidated)
1450 http fetch GET 200 https://registry.npmjs.org/braces/-/braces-3.0.3.tgz 1855ms (cache revalidated)
1451 http fetch GET 200 https://registry.npmjs.org/argparse/-/argparse-2.0.1.tgz 1855ms (cache revalidated)
1452 http fetch GET 200 https://registry.npmjs.org/rfdc/-/rfdc-1.4.1.tgz 1888ms (cache revalidated)
1453 http fetch GET 200 https://registry.npmjs.org/p-locate/-/p-locate-5.0.0.tgz 1888ms (cache revalidated)
1454 http fetch GET 200 https://registry.npmjs.org/flatted/-/flatted-3.3.3.tgz 1890ms (cache revalidated)
1455 http fetch GET 200 https://registry.npmjs.org/pretty-format/-/pretty-format-29.7.0.tgz 1910ms (cache revalidated)
1456 http fetch GET 200 https://registry.npmjs.org/is-extglob/-/is-extglob-2.1.1.tgz 1908ms (cache revalidated)
1457 http fetch GET 200 https://registry.npmjs.org/diff-sequences/-/diff-sequences-29.6.3.tgz 1944ms (cache revalidated)
1458 http fetch GET 200 https://registry.npmjs.org/ms/-/ms-2.1.3.tgz 1946ms (cache revalidated)
1459 http fetch GET 200 https://registry.npmjs.org/path-exists/-/path-exists-4.0.0.tgz 1951ms (cache revalidated)
1460 http fetch GET 200 https://registry.npmjs.org/agent-base/-/agent-base-7.1.4.tgz 1955ms (cache revalidated)
1461 http fetch GET 200 https://registry.npmjs.org/locate-path/-/locate-path-6.0.0.tgz 1965ms (cache revalidated)
1462 http fetch GET 200 https://registry.npmjs.org/jest-get-type/-/jest-get-type-29.6.3.tgz 1971ms (cache revalidated)
1463 http fetch GET 200 https://registry.npmjs.org/@nodelib/fs.walk/-/fs.walk-1.2.8.tgz 1970ms (cache revalidated)
1464 http fetch GET 200 https://registry.npmjs.org/debug/-/debug-4.4.3.tgz 1976ms (cache revalidated)
1465 http fetch GET 200 https://registry.npmjs.org/fastq/-/fastq-1.19.1.tgz 1974ms (cache revalidated)
1466 http fetch GET 200 https://registry.npmjs.org/graceful-fs/-/graceful-fs-4.2.11.tgz 1976ms (cache revalidated)
1467 http fetch GET 200 https://registry.npmjs.org/@nodelib/fs.scandir/-/fs.scandir-2.1.5.tgz 1995ms (cache revalidated)
1468 http fetch GET 200 https://registry.npmjs.org/merge2/-/merge2-1.4.1.tgz 2014ms (cache revalidated)
1469 http fetch GET 200 https://registry.npmjs.org/@nodelib/fs.stat/-/fs.stat-2.0.5.tgz 2017ms (cache revalidated)
1470 http fetch GET 200 https://registry.npmjs.org/reusify/-/reusify-1.1.0.tgz 2021ms (cache revalidated)
1471 http fetch GET 200 https://registry.npmjs.org/universalify/-/universalify-2.0.1.tgz 2042ms (cache revalidated)
1472 http fetch GET 200 https://registry.npmjs.org/eastasianwidth/-/eastasianwidth-0.2.0.tgz 2041ms (cache revalidated)
1473 http fetch GET 200 https://registry.npmjs.org/date-format/-/date-format-4.0.14.tgz 2052ms (cache revalidated)
1474 http fetch GET 200 https://registry.npmjs.org/micromatch/-/micromatch-4.0.8.tgz 2044ms (cache revalidated)
1475 http fetch GET 200 https://registry.npmjs.org/shebang-command/-/shebang-command-2.0.0.tgz 2044ms (cache revalidated)
1476 http fetch GET 200 https://registry.npmjs.org/glob-parent/-/glob-parent-5.1.2.tgz 2047ms (cache revalidated)
1477 http fetch GET 200 https://registry.npmjs.org/highlight.js/-/highlight.js-11.6.0.tgz 2080ms (cache revalidated)
1478 http fetch GET 200 https://registry.npmjs.org/repeat-string/-/repeat-string-1.6.1.tgz 2081ms (cache revalidated)
1479 http fetch GET 200 https://registry.npmjs.org/array-timsort/-/array-timsort-1.0.3.tgz 2102ms (cache revalidated)
1480 http fetch GET 200 https://registry.npmjs.org/has-own-prop/-/has-own-prop-2.0.0.tgz 2106ms (cache revalidated)
1481 http fetch GET 200 https://registry.npmjs.org/@sigstore/protobuf-specs/-/protobuf-specs-0.3.3.tgz 2177ms (cache revalidated)
1482 http fetch GET 200 https://registry.npmjs.org/core-util-is/-/core-util-is-1.0.3.tgz 2108ms (cache revalidated)
1483 http fetch GET 200 https://registry.npmjs.org/@colors/colors/-/colors-1.5.0.tgz 2107ms (cache revalidated)
1484 http fetch GET 200 https://registry.npmjs.org/is-glob/-/is-glob-4.0.3.tgz 2118ms (cache revalidated)
1485 http fetch GET 200 https://registry.npmjs.org/wontache/-/wontache-0.1.0.tgz 2142ms (cache revalidated)
1486 http fetch GET 200 https://registry.npmjs.org/ansi-styles/-/ansi-styles-4.3.0.tgz 2151ms (cache revalidated)
1487 http fetch GET 200 https://registry.npmjs.org/winston/-/winston-3.18.3.tgz 2154ms (cache revalidated)
1488 http fetch GET 200 https://registry.npmjs.org/esprima/-/esprima-4.0.1.tgz 2161ms (cache revalidated)
1489 http fetch GET 200 https://registry.npmjs.org/string-width/-/string-width-4.2.3.tgz 2160ms (cache revalidated)
1490 http fetch GET 200 https://registry.npmjs.org/path-key/-/path-key-3.1.1.tgz 2182ms (cache revalidated)
1491 http fetch GET 200 https://registry.npmjs.org/@types/yargs-parser/-/yargs-parser-21.0.3.tgz 2191ms (cache revalidated)
1492 http fetch GET 200 https://registry.npmjs.org/color-name/-/color-name-1.1.4.tgz 2193ms (cache revalidated)
1493 http fetch GET 200 https://registry.npmjs.org/yargs/-/yargs-17.7.2.tgz 2193ms (cache revalidated)
1494 http fetch GET 200 https://registry.npmjs.org/wrap-ansi/-/wrap-ansi-7.0.0.tgz 2193ms (cache revalidated)
1495 http fetch GET 200 https://registry.npmjs.org/supports-color/-/supports-color-7.2.0.tgz 2196ms (cache revalidated)
1496 http fetch GET 200 https://registry.npmjs.org/stack-trace/-/stack-trace-0.0.10.tgz 2209ms (cache revalidated)
1497 http fetch GET 200 https://registry.npmjs.org/color-convert/-/color-convert-2.0.1.tgz 2213ms (cache revalidated)
1498 http fetch GET 200 https://registry.npmjs.org/which/-/which-4.0.0.tgz 2212ms (cache revalidated)
1499 http fetch GET 200 https://registry.npmjs.org/prettyjson/-/prettyjson-1.2.5.tgz 2210ms (cache revalidated)
1500 http fetch GET 200 https://registry.npmjs.org/strip-ansi/-/strip-ansi-6.0.1.tgz 2226ms (cache revalidated)
1501 http fetch GET 200 https://registry.npmjs.org/read/-/read-3.0.1.tgz 2225ms (cache revalidated)
1502 http fetch GET 200 https://registry.npmjs.org/progress/-/progress-2.0.3.tgz 2228ms (cache revalidated)
1503 http fetch GET 200 https://registry.npmjs.org/npm-package-arg/-/npm-package-arg-11.0.3.tgz 2227ms (cache revalidated)
1504 http fetch GET 200 https://registry.npmjs.org/markdown-it/-/markdown-it-14.1.0.tgz 2237ms (cache revalidated)
1505 http fetch GET 200 https://registry.npmjs.org/semver/-/semver-7.7.3.tgz 2242ms (cache revalidated)
1506 http fetch GET 200 https://registry.npmjs.org/pacote/-/pacote-18.0.6.tgz 2242ms (cache revalidated)
1507 http fetch GET 200 https://registry.npmjs.org/run-parallel/-/run-parallel-1.2.0.tgz 2241ms (cache revalidated)
1508 http fetch GET 200 https://registry.npmjs.org/log4js/-/log4js-6.9.1.tgz 2243ms (cache revalidated)
1509 http fetch GET 200 https://registry.npmjs.org/js-yaml/-/js-yaml-4.1.1.tgz 2242ms (cache revalidated)
1510 http fetch GET 200 https://registry.npmjs.org/opener/-/opener-1.5.2.tgz 2249ms (cache revalidated)
1511 http fetch GET 200 https://registry.npmjs.org/jsonfile/-/jsonfile-6.2.0.tgz 2251ms (cache revalidated)
1512 http fetch GET 200 https://registry.npmjs.org/jsonschema/-/jsonschema-1.5.0.tgz 2258ms (cache revalidated)
1513 http fetch GET 200 https://registry.npmjs.org/lodash-deep/-/lodash-deep-2.0.0.tgz 2262ms (cache revalidated)
1514 http fetch GET 200 https://registry.npmjs.org/lodash/-/lodash-4.17.21.tgz 2278ms (cache revalidated)
1515 http fetch GET 200 https://registry.npmjs.org/find-up/-/find-up-5.0.0.tgz 2276ms (cache revalidated)
1516 http fetch GET 200 https://registry.npmjs.org/https-proxy-agent/-/https-proxy-agent-7.0.6.tgz 2280ms (cache revalidated)
1517 http fetch GET 200 https://registry.npmjs.org/mustache/-/mustache-4.2.0.tgz 2287ms (cache revalidated)
1518 http fetch GET 200 https://registry.npmjs.org/diff2html/-/diff2html-3.4.20-usewontache.1.60e7a2e.tgz 2314ms (cache revalidated)
1519 http fetch GET 200 https://registry.npmjs.org/dayjs/-/dayjs-1.11.13.tgz 2323ms (cache revalidated)
1520 http fetch GET 200 https://registry.npmjs.org/fastest-levenshtein/-/fastest-levenshtein-1.0.16.tgz 2327ms (cache revalidated)
1521 http fetch GET 200 https://registry.npmjs.org/http-proxy-agent/-/http-proxy-agent-7.0.2.tgz 2335ms (cache revalidated)
1522 http fetch GET 200 https://registry.npmjs.org/fast-glob/-/fast-glob-3.3.3.tgz 2344ms (cache revalidated)
1523 http fetch GET 200 https://registry.npmjs.org/jest-diff/-/jest-diff-29.7.0.tgz 2348ms (cache revalidated)
1524 http fetch GET 200 https://registry.npmjs.org/chalk/-/chalk-4.1.2.tgz 2340ms (cache revalidated)
1525 http fetch GET 200 https://registry.npmjs.org/cross-spawn/-/cross-spawn-7.0.6.tgz 2344ms (cache revalidated)
1526 http fetch GET 200 https://registry.npmjs.org/dataobject-parser/-/dataobject-parser-1.2.25.tgz 2345ms (cache revalidated)
1527 http fetch GET 200 https://registry.npmjs.org/diff/-/diff-5.2.0.tgz 2353ms (cache revalidated)
1528 http fetch GET 200 https://registry.npmjs.org/deepmerge/-/deepmerge-4.3.1.tgz 2355ms (cache revalidated)
1529 http fetch GET 200 https://registry.npmjs.org/@types/yargs/-/yargs-17.0.35.tgz 2368ms (cache revalidated)
1530 http fetch GET 200 https://registry.npmjs.org/comment-json/-/comment-json-4.2.5.tgz 2368ms (cache revalidated)
1531 http fetch GET 200 https://registry.npmjs.org/cli-table3/-/cli-table3-0.6.5.tgz 2371ms (cache revalidated)
1532 http fetch GET 200 https://registry.npmjs.org/fs-extra/-/fs-extra-11.3.2.tgz 2380ms (cache revalidated)
1533 http fetch GET 200 https://registry.npmjs.org/color-name/-/color-name-2.1.0.tgz 2371ms (cache revalidated)
1534 http fetch GET 200 https://registry.npmjs.org/ansi-styles/-/ansi-styles-6.2.3.tgz 2371ms (cache revalidated)
1535 http fetch GET 200 https://registry.npmjs.org/color-convert/-/color-convert-3.1.3.tgz 2377ms (cache revalidated)
1536 http fetch GET 200 https://registry.npmjs.org/fs-minipass/-/fs-minipass-2.1.0.tgz 2384ms (cache revalidated)
1537 http fetch GET 200 https://registry.npmjs.org/wrap-ansi/-/wrap-ansi-8.1.0.tgz 2385ms (cache revalidated)
1538 http fetch GET 200 https://registry.npmjs.org/minipass/-/minipass-3.3.6.tgz 2388ms (cache revalidated)
1539 http fetch GET 200 https://registry.npmjs.org/emoji-regex/-/emoji-regex-9.2.2.tgz 2389ms (cache revalidated)
1540 http fetch GET 200 https://registry.npmjs.org/ansi-regex/-/ansi-regex-6.2.2.tgz 2390ms (cache revalidated)
1541 http fetch GET 200 https://registry.npmjs.org/minipass/-/minipass-3.3.6.tgz 2413ms (cache revalidated)
1542 http fetch GET 200 https://registry.npmjs.org/jsonfile/-/jsonfile-4.0.0.tgz 2410ms (cache revalidated)
1543 http fetch GET 200 https://registry.npmjs.org/fs-extra/-/fs-extra-8.1.0.tgz 2413ms (cache revalidated)
1544 http fetch GET 200 https://registry.npmjs.org/universalify/-/universalify-0.1.2.tgz 2415ms (cache revalidated)
1545 http fetch GET 200 https://registry.npmjs.org/ansi-styles/-/ansi-styles-5.2.0.tgz 2415ms (cache revalidated)
1546 http fetch GET 200 https://registry.npmjs.org/minipass/-/minipass-3.3.6.tgz 2417ms (cache revalidated)
1547 http fetch GET 200 https://registry.npmjs.org/minipass/-/minipass-3.3.6.tgz 2419ms (cache revalidated)
1548 http fetch GET 200 https://registry.npmjs.org/@colors/colors/-/colors-1.6.0.tgz 2424ms (cache revalidated)
1549 http fetch GET 200 https://registry.npmjs.org/minipass/-/minipass-5.0.0.tgz 2422ms (cache revalidated)
1550 http fetch GET 200 https://registry.npmjs.org/strip-ansi/-/strip-ansi-7.1.2.tgz 2438ms (cache revalidated)
1551 http fetch GET 200 https://registry.npmjs.org/isexe/-/isexe-2.0.0.tgz 2439ms (cache revalidated)
1552 http fetch GET 200 https://registry.npmjs.org/diff/-/diff-5.1.0.tgz 2442ms (cache revalidated)
1553 http fetch GET 200 https://registry.npmjs.org/string-width/-/string-width-5.1.2.tgz 2442ms (cache revalidated)
1554 http fetch GET 200 https://registry.npmjs.org/xml2js 2442ms (cache revalidated)
1555 silly packumentCache corgi:https://registry.npmjs.org/xml2js set size:38207 disposed:false
1556 http fetch GET 200 https://registry.npmjs.org/minipass/-/minipass-3.3.6.tgz 2458ms (cache revalidated)
1557 http fetch GET 200 https://registry.npmjs.org/color-name/-/color-name-2.1.0.tgz 2475ms (cache revalidated)
1558 http fetch GET 200 https://registry.npmjs.org/which/-/which-2.0.2.tgz 2499ms (cache revalidated)
1559 http fetch GET 200 https://registry.npmjs.org/@colors/colors/-/colors-1.6.0.tgz 2504ms (cache revalidated)
1560 http fetch GET 200 https://registry.npmjs.org/xmlbuilder 2526ms (cache revalidated)
1561 silly packumentCache corgi:https://registry.npmjs.org/xmlbuilder set size:72157 disposed:false
1562 http fetch GET 200 https://registry.npmjs.org/sax 2530ms (cache revalidated)
1563 silly packumentCache corgi:https://registry.npmjs.org/sax set size:24070 disposed:false
1564 http fetch GET 200 https://registry.npmjs.org/@zowe/cics-for-zowe-sdk/-/cics-for-zowe-sdk-6.13.0.tgz 2997ms (cache revalidated)
1565 http fetch GET 200 https://registry.npmjs.org/xml2js/-/xml2js-0.5.0.tgz 720ms (cache revalidated)
1566 http fetch GET 200 https://registry.npmjs.org/xmlbuilder/-/xmlbuilder-11.0.1.tgz 686ms (cache revalidated)
1567 http fetch GET 200 https://registry.npmjs.org/sax/-/sax-1.4.1.tgz 688ms (cache revalidated)
1568 http fetch GET 200 https://registry.npmjs.org/@zowe/imperative/-/imperative-8.29.4.tgz 3617ms (cache revalidated)
1569 silly ADD node_modules/eastasianwidth
1570 silly ADD node_modules/yargs-parser
1571 silly ADD node_modules/y18n
1572 silly ADD node_modules/require-directory
1573 silly ADD node_modules/get-caller-file
1574 silly ADD node_modules/escalade
1575 silly ADD node_modules/cliui
1576 silly ADD node_modules/underscore
1577 silly ADD node_modules/safe-buffer
1578 silly ADD node_modules/util-deprecate
1579 silly ADD node_modules/string_decoder
1580 silly ADD node_modules/inherits
1581 silly ADD node_modules/fn.name
1582 silly ADD node_modules/fecha
1583 silly ADD node_modules/@types/triple-beam
1584 silly ADD node_modules/color-string
1585 silly ADD node_modules/color-string/node_modules/color-name
1586 silly ADD node_modules/text-hex
1587 silly ADD node_modules/color
1588 silly ADD node_modules/color/node_modules/color-name
1589 silly ADD node_modules/color/node_modules/color-convert
1590 silly ADD node_modules/kuler
1591 silly ADD node_modules/enabled
1592 silly ADD node_modules/@so-ric/colorspace
1593 silly ADD node_modules/winston-transport
1594 silly ADD node_modules/triple-beam
1595 silly ADD node_modules/safe-stable-stringify
1596 silly ADD node_modules/readable-stream
1597 silly ADD node_modules/one-time
1598 silly ADD node_modules/logform
1599 silly ADD node_modules/logform/node_modules/@colors/colors
1600 silly ADD node_modules/is-stream
1601 silly ADD node_modules/async
1602 silly ADD node_modules/@dabh/diagnostics
1603 silly ADD node_modules/isexe
1604 silly ADD node_modules/spdx-exceptions
1605 silly ADD node_modules/spdx-license-ids
1606 silly ADD node_modules/spdx-expression-parse
1607 silly ADD node_modules/spdx-correct
1608 silly ADD node_modules/imurmurhash
1609 silly ADD node_modules/unique-slug
1610 silly ADD node_modules/@tufjs/canonical-json
1611 silly ADD node_modules/@tufjs/models
1612 silly ADD node_modules/is-number
1613 silly ADD node_modules/mkdirp
1614 silly ADD node_modules/chownr
1615 silly ADD node_modules/has-flag
1616 silly ADD node_modules/ansi-regex
1617 silly ADD node_modules/is-fullwidth-code-point
1618 silly ADD node_modules/emoji-regex
1619 silly ADD node_modules/smart-buffer
1620 silly ADD node_modules/ip-address
1621 silly ADD node_modules/socks
1622 silly ADD node_modules/tuf-js
1623 silly ADD node_modules/@sigstore/verify
1624 silly ADD node_modules/@sigstore/tuf
1625 silly ADD node_modules/@sigstore/sign
1626 silly ADD node_modules/@sigstore/protobuf-specs
1627 silly ADD node_modules/@sigstore/core
1628 silly ADD node_modules/@sigstore/bundle
1629 silly ADD node_modules/shebang-regex
1630 silly ADD node_modules/queue-microtask
1631 silly ADD node_modules/mute-stream
1632 silly ADD node_modules/retry
1633 silly ADD node_modules/err-code
1634 silly ADD node_modules/minimist
1635 silly ADD node_modules/colors
1636 silly ADD node_modules/@sinclair/typebox
1637 silly ADD node_modules/react-is
1638 silly ADD node_modules/@jest/schemas
1639 silly ADD node_modules/indent-string
1640 silly ADD node_modules/clean-stack
1641 silly ADD node_modules/aggregate-error
1642 silly ADD node_modules/jsonparse
1643 silly ADD node_modules/@npmcli/redact
1644 silly ADD node_modules/npm-install-checks
1645 silly ADD node_modules/ignore-walk
1646 silly ADD node_modules/validate-npm-package-license
1647 silly ADD node_modules/abbrev
1648 silly ADD node_modules/yallist
1649 silly ADD node_modules/safer-buffer
1650 silly ADD node_modules/iconv-lite
1651 silly ADD node_modules/minizlib
1652 silly ADD node_modules/minizlib/node_modules/minipass
1653 silly ADD node_modules/minipass-sized
1654 silly ADD node_modules/minipass-sized/node_modules/minipass
1655 silly ADD node_modules/encoding
1656 silly ADD node_modules/socks-proxy-agent
1657 silly ADD node_modules/negotiator
1658 silly ADD node_modules/minipass-fetch
1659 silly ADD node_modules/is-lambda
1660 silly ADD node_modules/http-cache-semantics
1661 silly ADD node_modules/@npmcli/agent
1662 silly ADD node_modules/nopt
1663 silly ADD node_modules/make-fetch-happen
1664 silly ADD node_modules/exponential-backoff
1665 silly ADD node_modules/env-paths
1666 silly ADD node_modules/balanced-match
1667 silly ADD node_modules/brace-expansion
1668 silly ADD node_modules/wrap-ansi-cjs
1669 silly ADD node_modules/strip-ansi-cjs
1670 silly ADD node_modules/string-width-cjs
1671 silly ADD node_modules/@pkgjs/parseargs
1672 silly ADD node_modules/@isaacs/cliui
1673 silly ADD node_modules/@isaacs/cliui/node_modules/ansi-styles
1674 silly ADD node_modules/@isaacs/cliui/node_modules/ansi-regex
1675 silly ADD node_modules/@isaacs/cliui/node_modules/emoji-regex
1676 silly ADD node_modules/@isaacs/cliui/node_modules/wrap-ansi
1677 silly ADD node_modules/@isaacs/cliui/node_modules/strip-ansi
1678 silly ADD node_modules/@isaacs/cliui/node_modules/string-width
1679 silly ADD node_modules/signal-exit
1680 silly ADD node_modules/path-scurry
1681 silly ADD node_modules/package-json-from-dist
1682 silly ADD node_modules/minimatch
1683 silly ADD node_modules/jackspeak
1684 silly ADD node_modules/foreground-child
1685 silly ADD node_modules/unique-filename
1686 silly ADD node_modules/p-map
1687 silly ADD node_modules/minipass-pipeline
1688 silly ADD node_modules/minipass-pipeline/node_modules/minipass
1689 silly ADD node_modules/minipass-flush
1690 silly ADD node_modules/minipass-flush/node_modules/minipass
1691 silly ADD node_modules/minipass-collect
1692 silly ADD node_modules/@npmcli/fs
1693 silly ADD node_modules/node-gyp
1694 silly ADD node_modules/@npmcli/node-gyp
1695 silly ADD node_modules/normalize-package-data
1696 silly ADD node_modules/json-parse-even-better-errors
1697 silly ADD node_modules/glob
1698 silly ADD node_modules/npm-normalize-package-bin
1699 silly ADD node_modules/npm-bundled
1700 silly ADD node_modules/promise-inflight
1701 silly ADD node_modules/ini
1702 silly ADD node_modules/tar
1703 silly ADD node_modules/tar/node_modules/minipass
1704 silly ADD node_modules/tar/node_modules/fs-minipass
1705 silly ADD node_modules/tar/node_modules/fs-minipass/node_modules/minipass
1706 silly ADD node_modules/ssri
1707 silly ADD node_modules/sigstore
1708 silly ADD node_modules/promise-retry
1709 silly ADD node_modules/npm-registry-fetch
1710 silly ADD node_modules/npm-pick-manifest
1711 silly ADD node_modules/npm-packlist
1712 silly ADD node_modules/minipass
1713 silly ADD node_modules/fs-minipass
1714 silly ADD node_modules/cacache
1715 silly ADD node_modules/@npmcli/run-script
1716 silly ADD node_modules/@npmcli/promise-spawn
1717 silly ADD node_modules/@npmcli/package-json
1718 silly ADD node_modules/@npmcli/installed-package-contents
1719 silly ADD node_modules/@npmcli/git
1720 silly ADD node_modules/yocto-queue
1721 silly ADD node_modules/p-limit
1722 silly ADD node_modules/lru-cache
1723 silly ADD node_modules/validate-npm-package-name
1724 silly ADD node_modules/proc-log
1725 silly ADD node_modules/hosted-git-info
1726 silly ADD node_modules/to-regex-range
1727 silly ADD node_modules/fill-range
1728 silly ADD node_modules/picomatch
1729 silly ADD node_modules/braces
1730 silly ADD node_modules/uc.micro
1731 silly ADD node_modules/punycode.js
1732 silly ADD node_modules/mdurl
1733 silly ADD node_modules/linkify-it
1734 silly ADD node_modules/entities
1735 silly ADD node_modules/streamroller
1736 silly ADD node_modules/streamroller/node_modules/universalify
1737 silly ADD node_modules/streamroller/node_modules/jsonfile
1738 silly ADD node_modules/streamroller/node_modules/fs-extra
1739 silly ADD node_modules/rfdc
1740 silly ADD node_modules/flatted
1741 silly ADD node_modules/date-format
1742 silly ADD node_modules/p-locate
1743 silly ADD node_modules/argparse
1744 silly ADD node_modules/pretty-format
1745 silly ADD node_modules/pretty-format/node_modules/ansi-styles
1746 silly ADD node_modules/jest-get-type
1747 silly ADD node_modules/diff-sequences
1748 silly ADD node_modules/is-extglob
1749 silly ADD node_modules/ms
1750 silly ADD node_modules/debug
1751 silly ADD node_modules/agent-base
1752 silly ADD node_modules/is-glob
1753 silly ADD node_modules/universalify
1754 silly ADD node_modules/graceful-fs
1755 silly ADD node_modules/path-exists
1756 silly ADD node_modules/locate-path
1757 silly ADD node_modules/reusify
1758 silly ADD node_modules/run-parallel
1759 silly ADD node_modules/fastq
1760 silly ADD node_modules/@nodelib/fs.scandir
1761 silly ADD node_modules/micromatch
1762 silly ADD node_modules/merge2
1763 silly ADD node_modules/glob-parent
1764 silly ADD node_modules/@nodelib/fs.walk
1765 silly ADD node_modules/@nodelib/fs.stat
1766 silly ADD node_modules/wontache
1767 silly ADD node_modules/highlight.js
1768 silly ADD node_modules/shebang-command
1769 silly ADD node_modules/path-key
1770 silly ADD node_modules/repeat-string
1771 silly ADD node_modules/has-own-prop
1772 silly ADD node_modules/esprima
1773 silly ADD node_modules/core-util-is
1774 silly ADD node_modules/array-timsort
1775 silly ADD node_modules/color-name
1776 silly ADD node_modules/string-width
1777 silly ADD node_modules/@colors/colors
1778 silly ADD node_modules/color-convert
1779 silly ADD node_modules/supports-color
1780 silly ADD node_modules/ansi-styles
1781 silly ADD node_modules/@types/yargs-parser
1782 silly ADD node_modules/yargs
1783 silly ADD node_modules/wrap-ansi
1784 silly ADD node_modules/winston
1785 silly ADD node_modules/winston/node_modules/@colors/colors
1786 silly ADD node_modules/which
1787 silly ADD node_modules/strip-ansi
1788 silly ADD node_modules/stack-trace
1789 silly ADD node_modules/semver
1790 silly ADD node_modules/read
1791 silly ADD node_modules/progress
1792 silly ADD node_modules/prettyjson
1793 silly ADD node_modules/pacote
1794 silly ADD node_modules/opener
1795 silly ADD node_modules/npm-package-arg
1796 silly ADD node_modules/mustache
1797 silly ADD node_modules/markdown-it
1798 silly ADD node_modules/log4js
1799 silly ADD node_modules/lodash-deep
1800 silly ADD node_modules/lodash
1801 silly ADD node_modules/jsonschema
1802 silly ADD node_modules/jsonfile
1803 silly ADD node_modules/js-yaml
1804 silly ADD node_modules/jest-diff
1805 silly ADD node_modules/https-proxy-agent
1806 silly ADD node_modules/http-proxy-agent
1807 silly ADD node_modules/fs-extra
1808 silly ADD node_modules/find-up
1809 silly ADD node_modules/fastest-levenshtein
1810 silly ADD node_modules/fast-glob
1811 silly ADD node_modules/diff2html
1812 silly ADD node_modules/diff2html/node_modules/diff
1813 silly ADD node_modules/diff
1814 silly ADD node_modules/deepmerge
1815 silly ADD node_modules/dayjs
1816 silly ADD node_modules/dataobject-parser
1817 silly ADD node_modules/cross-spawn
1818 silly ADD node_modules/cross-spawn/node_modules/isexe
1819 silly ADD node_modules/cross-spawn/node_modules/which
1820 silly ADD node_modules/comment-json
1821 silly ADD node_modules/cli-table3
1822 silly ADD node_modules/chalk
1823 silly ADD node_modules/@types/yargs
1824 silly ADD node_modules/@zowe/imperative
1825 silly ADD node_modules/@zowe/cics-for-zowe-cli
1826 silly ADD node_modules/@zowe/cics-for-zowe-cli/node_modules/xml2js
1827 silly ADD node_modules/@zowe/cics-for-zowe-cli/node_modules/xml2js/node_modules/xmlbuilder
1828 silly ADD node_modules/@zowe/cics-for-zowe-cli/node_modules/sax
1829 silly ADD node_modules/@zowe/cics-for-zowe-cli/node_modules/@zowe/cics-for-zowe-sdk
1830 silly REMOVE node_modules/@zowe/cli
1831 silly REMOVE node_modules/@zowe/cli/node_modules/yocto-queue
1832 silly REMOVE node_modules/@zowe/cli/node_modules/yargs-parser
1833 silly REMOVE node_modules/@zowe/cli/node_modules/yargs
1834 silly REMOVE node_modules/@zowe/cli/node_modules/yargs/node_modules/y18n
1835 silly REMOVE node_modules/@zowe/cli/node_modules/yargs/node_modules/cliui
1836 silly REMOVE node_modules/@zowe/cli/node_modules/wrap-ansi-cjs
1837 silly REMOVE node_modules/@zowe/cli/node_modules/wrap-ansi
1838 silly REMOVE node_modules/@zowe/cli/node_modules/wontache
1839 silly REMOVE node_modules/@zowe/cli/node_modules/winston-transport
1840 silly REMOVE node_modules/@zowe/cli/node_modules/winston
1841 silly REMOVE node_modules/@zowe/cli/node_modules/winston/node_modules/async
1842 silly REMOVE node_modules/@zowe/cli/node_modules/winston/node_modules/@colors/colors
1843 silly REMOVE node_modules/@zowe/cli/node_modules/which
1844 silly REMOVE node_modules/@zowe/cli/node_modules/validate-npm-package-name
1845 silly REMOVE node_modules/@zowe/cli/node_modules/validate-npm-package-license
1846 silly REMOVE node_modules/@zowe/cli/node_modules/util-deprecate
1847 silly REMOVE node_modules/@zowe/cli/node_modules/universalify
1848 silly REMOVE node_modules/@zowe/cli/node_modules/underscore
1849 silly REMOVE node_modules/@zowe/cli/node_modules/uc.micro
1850 silly REMOVE node_modules/@zowe/cli/node_modules/tweetnacl
1851 silly REMOVE node_modules/@zowe/cli/node_modules/tuf-js
1852 silly REMOVE node_modules/@zowe/cli/node_modules/tuf-js/node_modules/unique-slug
1853 silly REMOVE node_modules/@zowe/cli/node_modules/tuf-js/node_modules/unique-filename
1854 silly REMOVE node_modules/@zowe/cli/node_modules/tuf-js/node_modules/ssri
1855 silly REMOVE node_modules/@zowe/cli/node_modules/tuf-js/node_modules/minipass-fetch
1856 silly REMOVE node_modules/@zowe/cli/node_modules/tuf-js/node_modules/minipass-collect
1857 silly REMOVE node_modules/@zowe/cli/node_modules/tuf-js/node_modules/minipass
1858 silly REMOVE node_modules/@zowe/cli/node_modules/tuf-js/node_modules/make-fetch-happen
1859 silly REMOVE node_modules/@zowe/cli/node_modules/tuf-js/node_modules/fs-minipass
1860 silly REMOVE node_modules/@zowe/cli/node_modules/tuf-js/node_modules/cacache
1861 silly REMOVE node_modules/@zowe/cli/node_modules/tuf-js/node_modules/@npmcli/fs
1862 silly REMOVE node_modules/@zowe/cli/node_modules/triple-beam
1863 silly REMOVE node_modules/@zowe/cli/node_modules/to-regex-range
1864 silly REMOVE node_modules/@zowe/cli/node_modules/text-hex
1865 silly REMOVE node_modules/@zowe/cli/node_modules/tar
1866 silly REMOVE node_modules/@zowe/cli/node_modules/tar/node_modules/yallist
1867 silly REMOVE node_modules/@zowe/cli/node_modules/tar/node_modules/minipass
1868 silly REMOVE node_modules/@zowe/cli/node_modules/tar/node_modules/chownr
1869 silly REMOVE node_modules/@zowe/cli/node_modules/supports-color
1870 silly REMOVE node_modules/@zowe/cli/node_modules/strip-ansi-cjs
1871 silly REMOVE node_modules/@zowe/cli/node_modules/strip-ansi
1872 silly REMOVE node_modules/@zowe/cli/node_modules/string-width-cjs
1873 silly REMOVE node_modules/@zowe/cli/node_modules/string-width
1874 silly REMOVE node_modules/@zowe/cli/node_modules/string_decoder
1875 silly REMOVE node_modules/@zowe/cli/node_modules/streamroller
1876 silly REMOVE node_modules/@zowe/cli/node_modules/streamroller/node_modules/universalify
1877 silly REMOVE node_modules/@zowe/cli/node_modules/streamroller/node_modules/jsonfile
1878 silly REMOVE node_modules/@zowe/cli/node_modules/streamroller/node_modules/fs-extra
1879 silly REMOVE node_modules/@zowe/cli/node_modules/stack-trace
1880 silly REMOVE node_modules/@zowe/cli/node_modules/ssh2
1881 silly REMOVE node_modules/@zowe/cli/node_modules/spdx-license-ids
1882 silly REMOVE node_modules/@zowe/cli/node_modules/spdx-expression-parse
1883 silly REMOVE node_modules/@zowe/cli/node_modules/spdx-exceptions
1884 silly REMOVE node_modules/@zowe/cli/node_modules/spdx-correct
1885 silly REMOVE node_modules/@zowe/cli/node_modules/socks
1886 silly REMOVE node_modules/@zowe/cli/node_modules/smart-buffer
1887 silly REMOVE node_modules/@zowe/cli/node_modules/simple-swizzle
1888 silly REMOVE node_modules/@zowe/cli/node_modules/simple-swizzle/node_modules/is-arrayish
1889 silly REMOVE node_modules/@zowe/cli/node_modules/sigstore
1890 silly REMOVE node_modules/@zowe/cli/node_modules/shebang-command
1891 silly REMOVE node_modules/@zowe/cli/node_modules/shebang-command/node_modules/shebang-regex
1892 silly REMOVE node_modules/@zowe/cli/node_modules/semver
1893 silly REMOVE node_modules/@zowe/cli/node_modules/safer-buffer
1894 silly REMOVE node_modules/@zowe/cli/node_modules/safe-stable-stringify
1895 silly REMOVE node_modules/@zowe/cli/node_modules/safe-buffer
1896 silly REMOVE node_modules/@zowe/cli/node_modules/run-parallel
1897 silly REMOVE node_modules/@zowe/cli/node_modules/rfdc
1898 silly REMOVE node_modules/@zowe/cli/node_modules/reusify
1899 silly REMOVE node_modules/@zowe/cli/node_modules/retry
1900 silly REMOVE node_modules/@zowe/cli/node_modules/require-directory
1901 silly REMOVE node_modules/@zowe/cli/node_modules/repeat-string
1902 silly REMOVE node_modules/@zowe/cli/node_modules/readable-stream
1903 silly REMOVE node_modules/@zowe/cli/node_modules/read
1904 silly REMOVE node_modules/@zowe/cli/node_modules/react-is
1905 silly REMOVE node_modules/@zowe/cli/node_modules/queue-microtask
1906 silly REMOVE node_modules/@zowe/cli/node_modules/punycode.js
1907 silly REMOVE node_modules/@zowe/cli/node_modules/promise-retry
1908 silly REMOVE node_modules/@zowe/cli/node_modules/promise-inflight
1909 silly REMOVE node_modules/@zowe/cli/node_modules/progress
1910 silly REMOVE node_modules/@zowe/cli/node_modules/prettyjson
1911 silly REMOVE node_modules/@zowe/cli/node_modules/pretty-format
1912 silly REMOVE node_modules/@zowe/cli/node_modules/pretty-format/node_modules/ansi-styles
1913 silly REMOVE node_modules/@zowe/cli/node_modules/picomatch
1914 silly REMOVE node_modules/@zowe/cli/node_modules/path-scurry
1915 silly REMOVE node_modules/@zowe/cli/node_modules/path-scurry/node_modules/minipass
1916 silly REMOVE node_modules/@zowe/cli/node_modules/path-key
1917 silly REMOVE node_modules/@zowe/cli/node_modules/path-exists
1918 silly REMOVE node_modules/@zowe/cli/node_modules/pacote
1919 silly REMOVE node_modules/@zowe/cli/node_modules/pacote/node_modules/unique-slug
1920 silly REMOVE node_modules/@zowe/cli/node_modules/pacote/node_modules/unique-filename
1921 silly REMOVE node_modules/@zowe/cli/node_modules/pacote/node_modules/ssri
1922 silly REMOVE node_modules/@zowe/cli/node_modules/pacote/node_modules/proc-log
1923 silly REMOVE node_modules/@zowe/cli/node_modules/pacote/node_modules/npm-pick-manifest
1924 silly REMOVE node_modules/@zowe/cli/node_modules/pacote/node_modules/npm-packlist
1925 silly REMOVE node_modules/@zowe/cli/node_modules/pacote/node_modules/npm-normalize-package-bin
1926 silly REMOVE node_modules/@zowe/cli/node_modules/pacote/node_modules/npm-bundled
1927 silly REMOVE node_modules/@zowe/cli/node_modules/pacote/node_modules/nopt
1928 silly REMOVE node_modules/@zowe/cli/node_modules/pacote/node_modules/node-gyp
1929 silly REMOVE node_modules/@zowe/cli/node_modules/pacote/node_modules/node-gyp/node_modules/proc-log
1930 silly REMOVE node_modules/@zowe/cli/node_modules/pacote/node_modules/minipass-fetch
1931 silly REMOVE node_modules/@zowe/cli/node_modules/pacote/node_modules/minipass-collect
1932 silly REMOVE node_modules/@zowe/cli/node_modules/pacote/node_modules/minipass
1933 silly REMOVE node_modules/@zowe/cli/node_modules/pacote/node_modules/make-fetch-happen
1934 silly REMOVE node_modules/@zowe/cli/node_modules/pacote/node_modules/json-parse-even-better-errors
1935 silly REMOVE node_modules/@zowe/cli/node_modules/pacote/node_modules/fs-minipass
1936 silly REMOVE node_modules/@zowe/cli/node_modules/pacote/node_modules/cacache
1937 silly REMOVE node_modules/@zowe/cli/node_modules/pacote/node_modules/abbrev
1938 silly REMOVE node_modules/@zowe/cli/node_modules/pacote/node_modules/@npmcli/run-script
1939 silly REMOVE node_modules/@zowe/cli/node_modules/pacote/node_modules/@npmcli/package-json
1940 silly REMOVE node_modules/@zowe/cli/node_modules/pacote/node_modules/@npmcli/node-gyp
1941 silly REMOVE node_modules/@zowe/cli/node_modules/pacote/node_modules/@npmcli/installed-package-contents
1942 silly REMOVE node_modules/@zowe/cli/node_modules/pacote/node_modules/@npmcli/fs
1943 silly REMOVE node_modules/@zowe/cli/node_modules/package-json-from-dist
1944 silly REMOVE node_modules/@zowe/cli/node_modules/p-map
1945 silly REMOVE node_modules/@zowe/cli/node_modules/p-locate
1946 silly REMOVE node_modules/@zowe/cli/node_modules/p-limit
1947 silly REMOVE node_modules/@zowe/cli/node_modules/opener
1948 silly REMOVE node_modules/@zowe/cli/node_modules/one-time
1949 silly REMOVE node_modules/@zowe/cli/node_modules/npm-registry-fetch
1950 silly REMOVE node_modules/@zowe/cli/node_modules/npm-registry-fetch/node_modules/unique-slug
1951 silly REMOVE node_modules/@zowe/cli/node_modules/npm-registry-fetch/node_modules/unique-filename
1952 silly REMOVE node_modules/@zowe/cli/node_modules/npm-registry-fetch/node_modules/ssri
1953 silly REMOVE node_modules/@zowe/cli/node_modules/npm-registry-fetch/node_modules/proc-log
1954 silly REMOVE node_modules/@zowe/cli/node_modules/npm-registry-fetch/node_modules/minipass-fetch
1955 silly REMOVE node_modules/@zowe/cli/node_modules/npm-registry-fetch/node_modules/minipass-collect
1956 silly REMOVE node_modules/@zowe/cli/node_modules/npm-registry-fetch/node_modules/minipass
1957 silly REMOVE node_modules/@zowe/cli/node_modules/npm-registry-fetch/node_modules/make-fetch-happen
1958 silly REMOVE node_modules/@zowe/cli/node_modules/npm-registry-fetch/node_modules/fs-minipass
1959 silly REMOVE node_modules/@zowe/cli/node_modules/npm-registry-fetch/node_modules/cacache
1960 silly REMOVE node_modules/@zowe/cli/node_modules/npm-registry-fetch/node_modules/@npmcli/fs
1961 silly REMOVE node_modules/@zowe/cli/node_modules/npm-package-arg
1962 silly REMOVE node_modules/@zowe/cli/node_modules/npm-package-arg/node_modules/proc-log
1963 silly REMOVE node_modules/@zowe/cli/node_modules/npm-install-checks
1964 silly REMOVE node_modules/@zowe/cli/node_modules/normalize-package-data
1965 silly REMOVE node_modules/@zowe/cli/node_modules/negotiator
1966 silly REMOVE node_modules/@zowe/cli/node_modules/mute-stream
1967 silly REMOVE node_modules/@zowe/cli/node_modules/mustache
1968 silly REMOVE node_modules/@zowe/cli/node_modules/ms
1969 silly REMOVE node_modules/@zowe/cli/node_modules/mkdirp
1970 silly REMOVE node_modules/@zowe/cli/node_modules/minizlib
1971 silly REMOVE node_modules/@zowe/cli/node_modules/minizlib/node_modules/yallist
1972 silly REMOVE node_modules/@zowe/cli/node_modules/minipass-sized
1973 silly REMOVE node_modules/@zowe/cli/node_modules/minipass-pipeline
1974 silly REMOVE node_modules/@zowe/cli/node_modules/minipass-flush
1975 silly REMOVE node_modules/@zowe/cli/node_modules/minipass
1976 silly REMOVE node_modules/@zowe/cli/node_modules/minipass/node_modules/yallist
1977 silly REMOVE node_modules/@zowe/cli/node_modules/minimist
1978 silly REMOVE node_modules/@zowe/cli/node_modules/minimatch
1979 silly REMOVE node_modules/@zowe/cli/node_modules/micromatch
1980 silly REMOVE node_modules/@zowe/cli/node_modules/merge2
1981 silly REMOVE node_modules/@zowe/cli/node_modules/mdurl
1982 silly REMOVE node_modules/@zowe/cli/node_modules/markdown-it
1983 silly REMOVE node_modules/@zowe/cli/node_modules/lru-cache
1984 silly REMOVE node_modules/@zowe/cli/node_modules/logform
1985 silly REMOVE node_modules/@zowe/cli/node_modules/logform/node_modules/@colors/colors
1986 silly REMOVE node_modules/@zowe/cli/node_modules/log4js
1987 silly REMOVE node_modules/@zowe/cli/node_modules/lodash-deep
1988 silly REMOVE node_modules/@zowe/cli/node_modules/lodash
1989 silly REMOVE node_modules/@zowe/cli/node_modules/locate-path
1990 silly REMOVE node_modules/@zowe/cli/node_modules/linkify-it
1991 silly REMOVE node_modules/@zowe/cli/node_modules/kuler
1992 silly REMOVE node_modules/@zowe/cli/node_modules/jsonschema
1993 silly REMOVE node_modules/@zowe/cli/node_modules/jsonparse
1994 silly REMOVE node_modules/@zowe/cli/node_modules/jsonfile
1995 silly REMOVE node_modules/@zowe/cli/node_modules/jsbn
1996 silly REMOVE node_modules/@zowe/cli/node_modules/js-yaml
1997 silly REMOVE node_modules/@zowe/cli/node_modules/jest-get-type
1998 silly REMOVE node_modules/@zowe/cli/node_modules/jest-diff
1999 silly REMOVE node_modules/@zowe/cli/node_modules/jackspeak
2000 silly REMOVE node_modules/@zowe/cli/node_modules/isexe
2001 silly REMOVE node_modules/@zowe/cli/node_modules/is-stream
2002 silly REMOVE node_modules/@zowe/cli/node_modules/is-number
2003 silly REMOVE node_modules/@zowe/cli/node_modules/is-lambda
2004 silly REMOVE node_modules/@zowe/cli/node_modules/is-glob
2005 silly REMOVE node_modules/@zowe/cli/node_modules/is-fullwidth-code-point
2006 silly REMOVE node_modules/@zowe/cli/node_modules/is-extglob
2007 silly REMOVE node_modules/@zowe/cli/node_modules/ip-address
2008 silly REMOVE node_modules/@zowe/cli/node_modules/ip-address/node_modules/sprintf-js
2009 silly REMOVE node_modules/@zowe/cli/node_modules/inherits
2010 silly REMOVE node_modules/@zowe/cli/node_modules/indent-string
2011 silly REMOVE node_modules/@zowe/cli/node_modules/imurmurhash
2012 silly REMOVE node_modules/@zowe/cli/node_modules/ignore-walk
2013 silly REMOVE node_modules/@zowe/cli/node_modules/http-cache-semantics
2014 silly REMOVE node_modules/@zowe/cli/node_modules/hosted-git-info
2015 silly REMOVE node_modules/@zowe/cli/node_modules/has-own-prop
2016 silly REMOVE node_modules/@zowe/cli/node_modules/has-flag
2017 silly REMOVE node_modules/@zowe/cli/node_modules/graceful-fs
2018 silly REMOVE node_modules/@zowe/cli/node_modules/glob-parent
2019 silly REMOVE node_modules/@zowe/cli/node_modules/glob
2020 silly REMOVE node_modules/@zowe/cli/node_modules/glob/node_modules/minipass
2021 silly REMOVE node_modules/@zowe/cli/node_modules/get-caller-file
2022 silly REMOVE node_modules/@zowe/cli/node_modules/fs-minipass
2023 silly REMOVE node_modules/@zowe/cli/node_modules/fs-extra
2024 silly REMOVE node_modules/@zowe/cli/node_modules/foreground-child
2025 silly REMOVE node_modules/@zowe/cli/node_modules/foreground-child/node_modules/signal-exit
2026 silly REMOVE node_modules/@zowe/cli/node_modules/fn.name
2027 silly REMOVE node_modules/@zowe/cli/node_modules/flatted
2028 silly REMOVE node_modules/@zowe/cli/node_modules/find-up
2029 silly REMOVE node_modules/@zowe/cli/node_modules/find-process
2030 silly REMOVE node_modules/@zowe/cli/node_modules/fill-range
2031 silly REMOVE node_modules/@zowe/cli/node_modules/fecha
2032 silly REMOVE node_modules/@zowe/cli/node_modules/fastq
2033 silly REMOVE node_modules/@zowe/cli/node_modules/fastest-levenshtein
2034 silly REMOVE node_modules/@zowe/cli/node_modules/fast-glob
2035 silly REMOVE node_modules/@zowe/cli/node_modules/exponential-backoff
2036 silly REMOVE node_modules/@zowe/cli/node_modules/esprima
2037 silly REMOVE node_modules/@zowe/cli/node_modules/escalade
2038 silly REMOVE node_modules/@zowe/cli/node_modules/err-code
2039 silly REMOVE node_modules/@zowe/cli/node_modules/env-paths
2040 silly REMOVE node_modules/@zowe/cli/node_modules/entities
2041 silly REMOVE node_modules/@zowe/cli/node_modules/encoding
2042 silly REMOVE node_modules/@zowe/cli/node_modules/encoding/node_modules/iconv-lite
2043 silly REMOVE node_modules/@zowe/cli/node_modules/enabled
2044 silly REMOVE node_modules/@zowe/cli/node_modules/emoji-regex
2045 silly REMOVE node_modules/@zowe/cli/node_modules/eastasianwidth
2046 silly REMOVE node_modules/@zowe/cli/node_modules/diff-sequences
2047 silly REMOVE node_modules/@zowe/cli/node_modules/deepmerge
2048 silly REMOVE node_modules/@zowe/cli/node_modules/debug
2049 silly REMOVE node_modules/@zowe/cli/node_modules/dayjs
2050 silly REMOVE node_modules/@zowe/cli/node_modules/date-format
2051 silly REMOVE node_modules/@zowe/cli/node_modules/dataobject-parser
2052 silly REMOVE node_modules/@zowe/cli/node_modules/cross-spawn
2053 silly REMOVE node_modules/@zowe/cli/node_modules/cross-spawn/node_modules/which
2054 silly REMOVE node_modules/@zowe/cli/node_modules/cross-spawn/node_modules/isexe
2055 silly REMOVE node_modules/@zowe/cli/node_modules/core-util-is
2056 silly REMOVE node_modules/@zowe/cli/node_modules/comment-json
2057 silly REMOVE node_modules/@zowe/cli/node_modules/commander
2058 silly REMOVE node_modules/@zowe/cli/node_modules/colorspace
2059 silly REMOVE node_modules/@zowe/cli/node_modules/colors
2060 silly REMOVE node_modules/@zowe/cli/node_modules/color-string
2061 silly REMOVE node_modules/@zowe/cli/node_modules/color-name
2062 silly REMOVE node_modules/@zowe/cli/node_modules/color-convert
2063 silly REMOVE node_modules/@zowe/cli/node_modules/color
2064 silly REMOVE node_modules/@zowe/cli/node_modules/color/node_modules/color-name
2065 silly REMOVE node_modules/@zowe/cli/node_modules/color/node_modules/color-convert
2066 silly REMOVE node_modules/@zowe/cli/node_modules/cli-table3
2067 silly REMOVE node_modules/@zowe/cli/node_modules/clean-stack
2068 silly REMOVE node_modules/@zowe/cli/node_modules/chalk
2069 silly REMOVE node_modules/@zowe/cli/node_modules/braces
2070 silly REMOVE node_modules/@zowe/cli/node_modules/brace-expansion
2071 silly REMOVE node_modules/@zowe/cli/node_modules/bcrypt-pbkdf
2072 silly REMOVE node_modules/@zowe/cli/node_modules/balanced-match
2073 silly REMOVE node_modules/@zowe/cli/node_modules/asn1
2074 silly REMOVE node_modules/@zowe/cli/node_modules/array-timsort
2075 silly REMOVE node_modules/@zowe/cli/node_modules/argparse
2076 silly REMOVE node_modules/@zowe/cli/node_modules/ansi-styles
2077 silly REMOVE node_modules/@zowe/cli/node_modules/ansi-regex
2078 silly REMOVE node_modules/@zowe/cli/node_modules/aggregate-error
2079 silly REMOVE node_modules/@zowe/cli/node_modules/@zowe/zosmf-for-zowe-sdk
2080 silly REMOVE node_modules/@zowe/cli/node_modules/@zowe/zos-workflows-for-zowe-sdk
2081 silly REMOVE node_modules/@zowe/cli/node_modules/@zowe/zos-uss-for-zowe-sdk
2082 silly REMOVE node_modules/@zowe/cli/node_modules/@zowe/zos-tso-for-zowe-sdk
2083 silly REMOVE node_modules/@zowe/cli/node_modules/@zowe/zos-logs-for-zowe-sdk
2084 silly REMOVE node_modules/@zowe/cli/node_modules/@zowe/zos-jobs-for-zowe-sdk
2085 silly REMOVE node_modules/@zowe/cli/node_modules/@zowe/zos-files-for-zowe-sdk
2086 silly REMOVE node_modules/@zowe/cli/node_modules/@zowe/zos-console-for-zowe-sdk
2087 silly REMOVE node_modules/@zowe/cli/node_modules/@zowe/secrets-for-zowe-sdk
2088 silly REMOVE node_modules/@zowe/cli/node_modules/@zowe/provisioning-for-zowe-sdk
2089 silly REMOVE node_modules/@zowe/cli/node_modules/@zowe/imperative
2090 silly REMOVE node_modules/@zowe/cli/node_modules/@zowe/imperative/node_modules/https-proxy-agent
2091 silly REMOVE node_modules/@zowe/cli/node_modules/@zowe/imperative/node_modules/http-proxy-agent
2092 silly REMOVE node_modules/@zowe/cli/node_modules/@zowe/imperative/node_modules/highlight.js
2093 silly REMOVE node_modules/@zowe/cli/node_modules/@zowe/imperative/node_modules/diff2html
2094 silly REMOVE node_modules/@zowe/cli/node_modules/@zowe/imperative/node_modules/diff2html/node_modules/diff
2095 silly REMOVE node_modules/@zowe/cli/node_modules/@zowe/imperative/node_modules/diff
2096 silly REMOVE node_modules/@zowe/cli/node_modules/@zowe/imperative/node_modules/agent-base
2097 silly REMOVE node_modules/@zowe/cli/node_modules/@zowe/core-for-zowe-sdk
2098 silly REMOVE node_modules/@zowe/cli/node_modules/@types/yargs-parser
2099 silly REMOVE node_modules/@zowe/cli/node_modules/@types/yargs
2100 silly REMOVE node_modules/@zowe/cli/node_modules/@types/triple-beam
2101 silly REMOVE node_modules/@zowe/cli/node_modules/@tufjs/models
2102 silly REMOVE node_modules/@zowe/cli/node_modules/@tufjs/canonical-json
2103 silly REMOVE node_modules/@zowe/cli/node_modules/@sinclair/typebox
2104 silly REMOVE node_modules/@zowe/cli/node_modules/@sigstore/verify
2105 silly REMOVE node_modules/@zowe/cli/node_modules/@sigstore/tuf
2106 silly REMOVE node_modules/@zowe/cli/node_modules/@sigstore/sign
2107 silly REMOVE node_modules/@zowe/cli/node_modules/@sigstore/sign/node_modules/unique-slug
2108 silly REMOVE node_modules/@zowe/cli/node_modules/@sigstore/sign/node_modules/unique-filename
2109 silly REMOVE node_modules/@zowe/cli/node_modules/@sigstore/sign/node_modules/ssri
2110 silly REMOVE node_modules/@zowe/cli/node_modules/@sigstore/sign/node_modules/minipass-fetch
2111 silly REMOVE node_modules/@zowe/cli/node_modules/@sigstore/sign/node_modules/minipass-collect
2112 silly REMOVE node_modules/@zowe/cli/node_modules/@sigstore/sign/node_modules/minipass
2113 silly REMOVE node_modules/@zowe/cli/node_modules/@sigstore/sign/node_modules/make-fetch-happen
2114 silly REMOVE node_modules/@zowe/cli/node_modules/@sigstore/sign/node_modules/fs-minipass
2115 silly REMOVE node_modules/@zowe/cli/node_modules/@sigstore/sign/node_modules/cacache
2116 silly REMOVE node_modules/@zowe/cli/node_modules/@sigstore/sign/node_modules/@npmcli/fs
2117 silly REMOVE node_modules/@zowe/cli/node_modules/@sigstore/protobuf-specs
2118 silly REMOVE node_modules/@zowe/cli/node_modules/@sigstore/core
2119 silly REMOVE node_modules/@zowe/cli/node_modules/@sigstore/bundle
2120 silly REMOVE node_modules/@zowe/cli/node_modules/@pkgjs/parseargs
2121 silly REMOVE node_modules/@zowe/cli/node_modules/@npmcli/redact
2122 silly REMOVE node_modules/@zowe/cli/node_modules/@npmcli/promise-spawn
2123 silly REMOVE node_modules/@zowe/cli/node_modules/@npmcli/git
2124 silly REMOVE node_modules/@zowe/cli/node_modules/@npmcli/git/node_modules/proc-log
2125 silly REMOVE node_modules/@zowe/cli/node_modules/@npmcli/git/node_modules/npm-pick-manifest
2126 silly REMOVE node_modules/@zowe/cli/node_modules/@npmcli/git/node_modules/npm-normalize-package-bin
2127 silly REMOVE node_modules/@zowe/cli/node_modules/@npmcli/agent
2128 silly REMOVE node_modules/@zowe/cli/node_modules/@npmcli/agent/node_modules/socks-proxy-agent
2129 silly REMOVE node_modules/@zowe/cli/node_modules/@npmcli/agent/node_modules/https-proxy-agent
2130 silly REMOVE node_modules/@zowe/cli/node_modules/@npmcli/agent/node_modules/http-proxy-agent
2131 silly REMOVE node_modules/@zowe/cli/node_modules/@npmcli/agent/node_modules/agent-base
2132 silly REMOVE node_modules/@zowe/cli/node_modules/@nodelib/fs.walk
2133 silly REMOVE node_modules/@zowe/cli/node_modules/@nodelib/fs.stat
2134 silly REMOVE node_modules/@zowe/cli/node_modules/@nodelib/fs.scandir
2135 silly REMOVE node_modules/@zowe/cli/node_modules/@jest/schemas
2136 silly REMOVE node_modules/@zowe/cli/node_modules/@isaacs/cliui
2137 silly REMOVE node_modules/@zowe/cli/node_modules/@isaacs/cliui/node_modules/wrap-ansi
2138 silly REMOVE node_modules/@zowe/cli/node_modules/@isaacs/cliui/node_modules/strip-ansi
2139 silly REMOVE node_modules/@zowe/cli/node_modules/@isaacs/cliui/node_modules/string-width
2140 silly REMOVE node_modules/@zowe/cli/node_modules/@isaacs/cliui/node_modules/emoji-regex
2141 silly REMOVE node_modules/@zowe/cli/node_modules/@isaacs/cliui/node_modules/ansi-styles
2142 silly REMOVE node_modules/@zowe/cli/node_modules/@isaacs/cliui/node_modules/ansi-regex
2143 silly REMOVE node_modules/@zowe/cli/node_modules/@dabh/diagnostics
2144 silly REMOVE node_modules/@zowe/cli/node_modules/@colors/colors
2145 verbose cwd C:\Users\NicholasChien\Documents\VSCode4z-InstantPack-work\npm-cache\npm-tmp
2146 verbose os Windows_NT 10.0.26100
2147 verbose node v22.16.0
2148 verbose npm  v10.9.2
2149 verbose exit 0
2150 info ok
