0 verbose cli C:\Program Files\nodejs\node.exe C:\Program Files\nodejs\node_modules\npm\bin\npm-cli.js
1 info using npm@10.9.2
2 info using node@v22.16.0
3 silly config load:file:C:\Program Files\nodejs\node_modules\npm\npmrc
4 silly config load:file:C:\Users\NicholasChien\Documents\VSCode4z-InstantPack-work\npm-cache\npm-tmp\.npmrc
5 silly config load:file:C:\Users\NicholasChien\.npmrc
6 silly config load:file:C:\Users\NicholasChien\AppData\Roaming\npm\etc\npmrc
7 verbose title npm install @zowe/cics-for-zowe-cli@6.13.0
8 verbose argv "install" "--no-fund" "--no-audit" "--no-save" "--no-package-lock" "--prefer-online" "--cache" "C:\\Users\\NicholasChien\\Documents\\VSCode4z-InstantPack-work\\npm-cache" "@zowe/cics-for-zowe-cli@6.13.0"
9 verbose logfile logs-max:10 dir:C:\Users\NicholasChien\Documents\VSCode4z-InstantPack-work\npm-cache\_logs\2025-11-27T06_40_44_453Z-
10 verbose logfile C:\Users\NicholasChien\Documents\VSCode4z-InstantPack-work\npm-cache\_logs\2025-11-27T06_40_44_453Z-debug-0.log
11 silly logfile done cleaning log files
12 silly packumentCache heap:4345298944 maxSize:1086324736 maxEntrySize:543162368
13 silly idealTree buildDeps
14 silly fetch manifest @zowe/cics-for-zowe-cli@6.13.0
15 silly packumentCache full:https://registry.npmjs.org/@zowe%2fcics-for-zowe-cli cache-miss
16 http fetch GET 200 https://registry.npmjs.org/@zowe%2fcics-for-zowe-cli 2560ms (cache updated)
17 silly packumentCache full:https://registry.npmjs.org/@zowe%2fcics-for-zowe-cli set size:undefined disposed:false
18 silly fetch manifest @zowe/imperative@^8.0.0
19 silly packumentCache full:https://registry.npmjs.org/@zowe%2fimperative cache-miss
20 http fetch GET 200 https://registry.npmjs.org/@zowe%2fimperative 93ms (cache revalidated)
21 silly packumentCache full:https://registry.npmjs.org/@zowe%2fimperative set size:2315670 disposed:false
22 silly placeDep ROOT @zowe/cics-for-zowe-cli@6.13.0 OK for:  want: 6.13.0
23 silly placeDep ROOT @zowe/imperative@8.29.4 OK for: @zowe/cics-for-zowe-cli@6.13.0 want: ^8.0.0
24 silly fetch manifest @zowe/cics-for-zowe-sdk@6.13.0
25 silly packumentCache full:https://registry.npmjs.org/@zowe%2fcics-for-zowe-sdk cache-miss
26 silly fetch manifest diff@^5.2.0
27 silly packumentCache full:https://registry.npmjs.org/diff cache-miss
28 silly fetch manifest read@^3.0.1
29 silly packumentCache full:https://registry.npmjs.org/read cache-miss
30 silly fetch manifest chalk@^4.1.2
31 silly packumentCache full:https://registry.npmjs.org/chalk cache-miss
32 silly fetch manifest dayjs@1.11.13
33 silly packumentCache full:https://registry.npmjs.org/dayjs cache-miss
34 silly fetch manifest which@^4.0.0
35 silly packumentCache full:https://registry.npmjs.org/which cache-miss
36 silly fetch manifest yargs@^17.7.2
37 silly packumentCache full:https://registry.npmjs.org/yargs cache-miss
38 silly fetch manifest lodash@^4.17.21
39 silly packumentCache full:https://registry.npmjs.org/lodash cache-miss
40 silly fetch manifest log4js@^6.9.1
41 silly packumentCache full:https://registry.npmjs.org/log4js cache-miss
42 silly fetch manifest opener@^1.5.2
43 silly packumentCache full:https://registry.npmjs.org/opener cache-miss
44 silly fetch manifest pacote@^18.0.6
45 silly packumentCache full:https://registry.npmjs.org/pacote cache-miss
46 silly fetch manifest semver@^7.5.2
47 silly packumentCache full:https://registry.npmjs.org/semver cache-miss
48 silly fetch manifest find-up@^5.0.0
49 silly packumentCache full:https://registry.npmjs.org/find-up cache-miss
50 http fetch GET 200 https://registry.npmjs.org/chalk 123ms (cache updated)
51 silly packumentCache full:https://registry.npmjs.org/chalk set size:undefined disposed:false
52 silly fetch manifest js-yaml@^4.1.0
53 silly packumentCache full:https://registry.npmjs.org/js-yaml cache-miss
54 http fetch GET 200 https://registry.npmjs.org/js-yaml 130ms (cache updated)
55 silly packumentCache full:https://registry.npmjs.org/js-yaml set size:undefined disposed:false
56 silly fetch manifest winston@^3.17.0
57 silly packumentCache full:https://registry.npmjs.org/winston cache-miss
58 http fetch GET 200 https://registry.npmjs.org/yargs 330ms (cache revalidated)
59 silly packumentCache full:https://registry.npmjs.org/yargs set size:743056 disposed:false
60 silly fetch manifest fs-extra@^11.0.0
61 silly packumentCache full:https://registry.npmjs.org/fs-extra cache-miss
62 http fetch GET 200 https://registry.npmjs.org/read 341ms (cache updated)
63 silly packumentCache full:https://registry.npmjs.org/read set size:undefined disposed:false
64 silly fetch manifest jsonfile@^6.0.0
65 silly packumentCache full:https://registry.npmjs.org/jsonfile cache-miss
66 http fetch GET 200 https://registry.npmjs.org/lodash 389ms (cache revalidated)
67 silly packumentCache full:https://registry.npmjs.org/lodash set size:242470 disposed:false
68 silly fetch manifest mustache@^4.2.0
69 silly packumentCache full:https://registry.npmjs.org/mustache cache-miss
70 http fetch GET 200 https://registry.npmjs.org/winston 131ms (cache revalidated)
71 silly packumentCache full:https://registry.npmjs.org/winston set size:273296 disposed:false
72 silly fetch manifest progress@^2.0.3
73 silly packumentCache full:https://registry.npmjs.org/progress cache-miss
74 http fetch GET 200 https://registry.npmjs.org/log4js 396ms (cache revalidated)
75 silly packumentCache full:https://registry.npmjs.org/log4js set size:409691 disposed:false
76 silly fetch manifest deepmerge@^4.3.1
77 silly packumentCache full:https://registry.npmjs.org/deepmerge cache-miss
78 http fetch GET 200 https://registry.npmjs.org/diff 402ms (cache revalidated)
79 silly packumentCache full:https://registry.npmjs.org/diff set size:149252 disposed:false
80 silly fetch manifest diff2html@3.4.20-usewontache.1.60e7a2e
81 silly packumentCache full:https://registry.npmjs.org/diff2html cache-miss
82 http fetch GET 200 https://registry.npmjs.org/find-up 403ms (cache revalidated)
83 silly packumentCache full:https://registry.npmjs.org/find-up set size:42620 disposed:false
84 silly fetch manifest fast-glob@^3.3.2
85 silly packumentCache full:https://registry.npmjs.org/fast-glob cache-miss
86 http fetch GET 200 https://registry.npmjs.org/opener 407ms (cache revalidated)
87 silly packumentCache full:https://registry.npmjs.org/opener set size:21206 disposed:false
88 silly fetch manifest jest-diff@^29.0.0
89 silly packumentCache full:https://registry.npmjs.org/jest-diff cache-miss
90 http fetch GET 200 https://registry.npmjs.org/which 414ms (cache updated)
91 silly packumentCache full:https://registry.npmjs.org/which set size:undefined disposed:false
92 silly fetch manifest wrap-ansi@^7.0.0
93 silly packumentCache full:https://registry.npmjs.org/wrap-ansi cache-miss
94 http fetch GET 200 https://registry.npmjs.org/semver 430ms (cache updated)
95 silly packumentCache full:https://registry.npmjs.org/semver set size:undefined disposed:false
96 silly fetch manifest cli-table3@^0.6.3
97 silly packumentCache full:https://registry.npmjs.org/cli-table3 cache-miss
98 http fetch GET 200 https://registry.npmjs.org/dayjs 499ms (cache updated)
99 silly packumentCache full:https://registry.npmjs.org/dayjs set size:undefined disposed:false
100 silly fetch manifest jsonschema@^1.4.1
101 silly packumentCache full:https://registry.npmjs.org/jsonschema cache-miss
102 http fetch GET 200 https://registry.npmjs.org/pacote 522ms (cache updated)
103 silly packumentCache full:https://registry.npmjs.org/pacote set size:undefined disposed:false
104 silly fetch manifest prettyjson@^1.2.5
105 silly packumentCache full:https://registry.npmjs.org/prettyjson cache-miss
106 http fetch GET 200 https://registry.npmjs.org/cli-table3 109ms (cache revalidated)
107 silly packumentCache full:https://registry.npmjs.org/cli-table3 set size:40139 disposed:false
108 silly fetch manifest strip-ansi@^6.0.1
109 silly packumentCache full:https://registry.npmjs.org/strip-ansi cache-miss
110 http fetch GET 200 https://registry.npmjs.org/fast-glob 138ms (cache revalidated)
111 silly packumentCache full:https://registry.npmjs.org/fast-glob set size:220556 disposed:false
112 silly fetch manifest cross-spawn@^7.0.6
113 silly packumentCache full:https://registry.npmjs.org/cross-spawn cache-miss
114 http fetch GET 200 https://registry.npmjs.org/wrap-ansi 132ms (cache revalidated)
115 silly packumentCache full:https://registry.npmjs.org/wrap-ansi set size:51195 disposed:false
116 silly fetch manifest lodash-deep@^2.0.0
117 silly packumentCache full:https://registry.npmjs.org/lodash-deep cache-miss
118 http fetch GET 200 https://registry.npmjs.org/progress 154ms (cache revalidated)
119 silly packumentCache full:https://registry.npmjs.org/progress set size:34179 disposed:false
120 silly fetch manifest markdown-it@^14.1.0
121 silly packumentCache full:https://registry.npmjs.org/markdown-it cache-miss
122 http fetch GET 200 https://registry.npmjs.org/mustache 160ms (cache revalidated)
123 silly packumentCache full:https://registry.npmjs.org/mustache set size:166955 disposed:false
124 silly fetch manifest stack-trace@^0.0.10
125 silly packumentCache full:https://registry.npmjs.org/stack-trace cache-miss
126 http fetch GET 200 https://registry.npmjs.org/jest-diff 147ms (cache revalidated)
127 silly packumentCache full:https://registry.npmjs.org/jest-diff set size:551165 disposed:false
128 silly fetch manifest @types/yargs@^17.0.32
129 silly packumentCache full:https://registry.npmjs.org/@types%2fyargs cache-miss
130 http fetch GET 200 https://registry.npmjs.org/jsonfile 219ms (cache updated)
131 silly packumentCache full:https://registry.npmjs.org/jsonfile set size:undefined disposed:false
132 silly fetch manifest comment-json@~4.2.3
133 silly packumentCache full:https://registry.npmjs.org/comment-json cache-miss
134 http fetch GET 200 https://registry.npmjs.org/deepmerge 161ms (cache revalidated)
135 silly packumentCache full:https://registry.npmjs.org/deepmerge set size:101897 disposed:false
136 silly fetch manifest npm-package-arg@^11.0.1
137 silly packumentCache full:https://registry.npmjs.org/npm-package-arg cache-miss
138 http fetch GET 200 https://registry.npmjs.org/fs-extra 238ms (cache updated)
139 silly packumentCache full:https://registry.npmjs.org/fs-extra set size:undefined disposed:false
140 silly fetch manifest http-proxy-agent@^7.0.2
141 silly packumentCache full:https://registry.npmjs.org/http-proxy-agent cache-miss
142 http fetch GET 200 https://registry.npmjs.org/diff2html 175ms (cache revalidated)
143 silly packumentCache full:https://registry.npmjs.org/diff2html set size:1093369 disposed:false
144 silly fetch manifest dataobject-parser@^1.2.25
145 silly packumentCache full:https://registry.npmjs.org/dataobject-parser cache-miss
146 http fetch GET 200 https://registry.npmjs.org/jsonschema 86ms (cache revalidated)
147 silly packumentCache full:https://registry.npmjs.org/jsonschema set size:79920 disposed:false
148 silly fetch manifest https-proxy-agent@^7.0.4
149 silly packumentCache full:https://registry.npmjs.org/https-proxy-agent cache-miss
150 http fetch GET 200 https://registry.npmjs.org/markdown-it 94ms (cache revalidated)
151 silly packumentCache full:https://registry.npmjs.org/markdown-it set size:218812 disposed:false
152 silly fetch manifest fastest-levenshtein@^1.0.16
153 silly packumentCache full:https://registry.npmjs.org/fastest-levenshtein cache-miss
154 http fetch GET 200 https://registry.npmjs.org/stack-trace 104ms (cache revalidated)
155 silly packumentCache full:https://registry.npmjs.org/stack-trace set size:24248 disposed:false
156 http fetch GET 200 https://registry.npmjs.org/strip-ansi 116ms (cache revalidated)
157 silly packumentCache full:https://registry.npmjs.org/strip-ansi set size:41855 disposed:false
158 http fetch GET 200 https://registry.npmjs.org/cross-spawn 117ms (cache revalidated)
159 silly packumentCache full:https://registry.npmjs.org/cross-spawn set size:109066 disposed:false
160 http fetch GET 200 https://registry.npmjs.org/http-proxy-agent 90ms (cache revalidated)
161 silly packumentCache full:https://registry.npmjs.org/http-proxy-agent set size:50096 disposed:false
162 http fetch GET 200 https://registry.npmjs.org/comment-json 108ms (cache revalidated)
163 silly packumentCache full:https://registry.npmjs.org/comment-json set size:164693 disposed:false
164 http fetch GET 200 https://registry.npmjs.org/https-proxy-agent 86ms (cache updated)
165 silly packumentCache full:https://registry.npmjs.org/https-proxy-agent set size:undefined disposed:false
166 http fetch GET 200 https://registry.npmjs.org/@types%2fyargs 142ms (cache updated)
167 silly packumentCache full:https://registry.npmjs.org/@types%2fyargs set size:undefined disposed:false
168 http fetch GET 200 https://registry.npmjs.org/npm-package-arg 144ms (cache updated)
169 silly packumentCache full:https://registry.npmjs.org/npm-package-arg set size:undefined disposed:false
170 http fetch GET 200 https://registry.npmjs.org/fastest-levenshtein 76ms (cache revalidated)
171 silly packumentCache full:https://registry.npmjs.org/fastest-levenshtein set size:59475 disposed:false
172 http fetch GET 200 https://registry.npmjs.org/lodash-deep 689ms (cache revalidated)
173 silly packumentCache full:https://registry.npmjs.org/lodash-deep set size:20777 disposed:false
174 http fetch GET 200 https://registry.npmjs.org/prettyjson 749ms (cache revalidated)
175 silly packumentCache full:https://registry.npmjs.org/prettyjson set size:68270 disposed:false
176 http fetch GET 200 https://registry.npmjs.org/dataobject-parser 872ms (cache revalidated)
177 silly packumentCache full:https://registry.npmjs.org/dataobject-parser set size:36650 disposed:false
178 http fetch GET 200 https://registry.npmjs.org/@zowe%2fcics-for-zowe-sdk 2056ms (cache updated)
179 silly packumentCache full:https://registry.npmjs.org/@zowe%2fcics-for-zowe-sdk set size:undefined disposed:false
180 silly placeDep ROOT @types/yargs@17.0.35 OK for: @zowe/imperative@8.29.4 want: ^17.0.32
181 silly placeDep ROOT chalk@4.1.2 OK for: @zowe/imperative@8.29.4 want: ^4.1.2
182 silly placeDep ROOT cli-table3@0.6.5 OK for: @zowe/imperative@8.29.4 want: ^0.6.3
183 silly placeDep ROOT comment-json@4.2.5 OK for: @zowe/imperative@8.29.4 want: ~4.2.3
184 silly placeDep ROOT cross-spawn@7.0.6 OK for: @zowe/imperative@8.29.4 want: ^7.0.6
185 silly placeDep ROOT dataobject-parser@1.2.25 OK for: @zowe/imperative@8.29.4 want: ^1.2.25
186 silly placeDep ROOT dayjs@1.11.13 OK for: @zowe/imperative@8.29.4 want: 1.11.13
187 silly placeDep ROOT deepmerge@4.3.1 OK for: @zowe/imperative@8.29.4 want: ^4.3.1
188 silly placeDep ROOT diff@5.2.0 OK for: @zowe/imperative@8.29.4 want: ^5.2.0
189 silly placeDep ROOT diff2html@3.4.20-usewontache.1.60e7a2e OK for: @zowe/imperative@8.29.4 want: 3.4.20-usewontache.1.60e7a2e
190 silly placeDep ROOT fast-glob@3.3.3 OK for: @zowe/imperative@8.29.4 want: ^3.3.2
191 silly placeDep ROOT fastest-levenshtein@1.0.16 OK for: @zowe/imperative@8.29.4 want: ^1.0.16
192 silly placeDep ROOT find-up@5.0.0 OK for: @zowe/imperative@8.29.4 want: ^5.0.0
193 silly placeDep ROOT fs-extra@11.3.2 OK for: @zowe/imperative@8.29.4 want: ^11.0.0
194 silly placeDep ROOT http-proxy-agent@7.0.2 OK for: @zowe/imperative@8.29.4 want: ^7.0.2
195 silly placeDep ROOT https-proxy-agent@7.0.6 OK for: @zowe/imperative@8.29.4 want: ^7.0.4
196 silly placeDep ROOT jest-diff@29.7.0 OK for: @zowe/imperative@8.29.4 want: ^29.0.0
197 silly placeDep ROOT js-yaml@4.1.1 OK for: @zowe/imperative@8.29.4 want: ^4.1.0
198 silly placeDep ROOT jsonfile@6.2.0 OK for: @zowe/imperative@8.29.4 want: ^6.0.0
199 silly placeDep ROOT jsonschema@1.5.0 OK for: @zowe/imperative@8.29.4 want: ^1.4.1
200 silly placeDep ROOT lodash@4.17.21 OK for: @zowe/imperative@8.29.4 want: ^4.17.21
201 silly placeDep ROOT lodash-deep@2.0.0 OK for: @zowe/imperative@8.29.4 want: ^2.0.0
202 silly placeDep ROOT log4js@6.9.1 OK for: @zowe/imperative@8.29.4 want: ^6.9.1
203 silly placeDep ROOT markdown-it@14.1.0 OK for: @zowe/imperative@8.29.4 want: ^14.1.0
204 silly placeDep ROOT mustache@4.2.0 OK for: @zowe/imperative@8.29.4 want: ^4.2.0
205 silly placeDep ROOT npm-package-arg@11.0.3 OK for: @zowe/imperative@8.29.4 want: ^11.0.1
206 silly placeDep ROOT opener@1.5.2 OK for: @zowe/imperative@8.29.4 want: ^1.5.2
207 silly placeDep ROOT pacote@18.0.6 OK for: @zowe/imperative@8.29.4 want: ^18.0.6
208 silly placeDep ROOT prettyjson@1.2.5 OK for: @zowe/imperative@8.29.4 want: ^1.2.5
209 silly placeDep ROOT progress@2.0.3 OK for: @zowe/imperative@8.29.4 want: ^2.0.3
210 silly placeDep ROOT read@3.0.1 OK for: @zowe/imperative@8.29.4 want: ^3.0.1
211 silly placeDep ROOT semver@7.7.3 OK for: @zowe/imperative@8.29.4 want: ^7.5.2
212 silly placeDep ROOT stack-trace@0.0.10 OK for: @zowe/imperative@8.29.4 want: ^0.0.10
213 silly placeDep ROOT strip-ansi@6.0.1 OK for: @zowe/imperative@8.29.4 want: ^6.0.1
214 silly placeDep ROOT which@4.0.0 OK for: @zowe/imperative@8.29.4 want: ^4.0.0
215 silly placeDep ROOT winston@3.18.3 OK for: @zowe/imperative@8.29.4 want: ^3.17.0
216 silly placeDep ROOT wrap-ansi@7.0.0 OK for: @zowe/imperative@8.29.4 want: ^7.0.0
217 silly placeDep ROOT yargs@17.7.2 OK for: @zowe/imperative@8.29.4 want: ^17.7.2
218 silly fetch manifest @types/yargs-parser@*
219 silly packumentCache full:https://registry.npmjs.org/@types%2fyargs-parser cache-miss
220 silly fetch manifest ansi-styles@^4.1.0
221 silly packumentCache full:https://registry.npmjs.org/ansi-styles cache-miss
222 silly fetch manifest supports-color@^7.1.0
223 silly packumentCache full:https://registry.npmjs.org/supports-color cache-miss
224 silly fetch manifest string-width@^4.2.0
225 silly packumentCache full:https://registry.npmjs.org/string-width cache-miss
226 silly fetch manifest @colors/colors@1.5.0
227 silly packumentCache full:https://registry.npmjs.org/@colors%2fcolors cache-miss
228 silly fetch manifest esprima@^4.0.1
229 silly packumentCache full:https://registry.npmjs.org/esprima cache-miss
230 silly fetch manifest core-util-is@^1.0.3
231 silly packumentCache full:https://registry.npmjs.org/core-util-is cache-miss
232 silly fetch manifest has-own-prop@^2.0.0
233 silly packumentCache full:https://registry.npmjs.org/has-own-prop cache-miss
234 silly fetch manifest array-timsort@^1.0.3
235 silly packumentCache full:https://registry.npmjs.org/array-timsort cache-miss
236 silly fetch manifest repeat-string@^1.6.1
237 silly packumentCache full:https://registry.npmjs.org/repeat-string cache-miss
238 silly fetch manifest which@^2.0.1
239 silly packumentCache full:https://registry.npmjs.org/which cache-miss
240 silly fetch manifest path-key@^3.1.0
241 silly packumentCache full:https://registry.npmjs.org/path-key cache-miss
242 silly fetch manifest shebang-command@^2.0.0
243 silly packumentCache full:https://registry.npmjs.org/shebang-command cache-miss
244 http fetch GET 200 https://registry.npmjs.org/ansi-styles 65ms (cache revalidated)
245 silly packumentCache full:https://registry.npmjs.org/ansi-styles set size:63233 disposed:false
246 silly fetch manifest diff@5.1.0
247 silly packumentCache full:https://registry.npmjs.org/diff cache-hit
248 silly fetch manifest wontache@0.1.0
249 silly packumentCache full:https://registry.npmjs.org/wontache cache-miss
250 http fetch GET 200 https://registry.npmjs.org/path-key 71ms (cache revalidated)
251 silly packumentCache full:https://registry.npmjs.org/path-key set size:16975 disposed:false
252 silly fetch manifest highlight.js@11.6.0
253 silly packumentCache full:https://registry.npmjs.org/highlight.js cache-miss
254 http fetch GET 200 https://registry.npmjs.org/string-width 74ms (cache revalidated)
255 silly packumentCache full:https://registry.npmjs.org/string-width set size:64158 disposed:false
256 silly fetch manifest @nodelib/fs.stat@^2.0.2
257 silly packumentCache full:https://registry.npmjs.org/@nodelib%2ffs.stat cache-miss
258 http fetch GET 200 https://registry.npmjs.org/which 77ms (cache revalidated)
259 silly packumentCache full:https://registry.npmjs.org/which set size:65264 disposed:false
260 silly fetch manifest @nodelib/fs.walk@^1.2.3
261 silly packumentCache full:https://registry.npmjs.org/@nodelib%2ffs.walk cache-miss
262 http fetch GET 200 https://registry.npmjs.org/supports-color 80ms (cache revalidated)
263 silly packumentCache full:https://registry.npmjs.org/supports-color set size:118680 disposed:false
264 silly fetch manifest glob-parent@^5.1.2
265 silly packumentCache full:https://registry.npmjs.org/glob-parent cache-miss
266 http fetch GET 200 https://registry.npmjs.org/repeat-string 88ms (cache revalidated)
267 silly packumentCache full:https://registry.npmjs.org/repeat-string set size:35494 disposed:false
268 silly fetch manifest merge2@^1.3.0
269 silly packumentCache full:https://registry.npmjs.org/merge2 cache-miss
270 http fetch GET 200 https://registry.npmjs.org/core-util-is 90ms (cache revalidated)
271 silly packumentCache full:https://registry.npmjs.org/core-util-is set size:7163 disposed:false
272 silly fetch manifest micromatch@^4.0.8
273 silly packumentCache full:https://registry.npmjs.org/micromatch cache-miss
274 http fetch GET 200 https://registry.npmjs.org/shebang-command 93ms (cache revalidated)
275 silly packumentCache full:https://registry.npmjs.org/shebang-command set size:8525 disposed:false
276 silly fetch manifest locate-path@^6.0.0
277 silly packumentCache full:https://registry.npmjs.org/locate-path cache-miss
278 http fetch GET 200 https://registry.npmjs.org/array-timsort 95ms (cache revalidated)
279 silly packumentCache full:https://registry.npmjs.org/array-timsort set size:21524 disposed:false
280 silly fetch manifest path-exists@^4.0.0
281 silly packumentCache full:https://registry.npmjs.org/path-exists cache-miss
282 http fetch GET 200 https://registry.npmjs.org/@types%2fyargs-parser 101ms (cache revalidated)
283 silly packumentCache full:https://registry.npmjs.org/@types%2fyargs-parser set size:42751 disposed:false
284 silly fetch manifest jsonfile@^6.0.1
285 silly packumentCache full:https://registry.npmjs.org/jsonfile cache-miss
286 http fetch GET 200 https://registry.npmjs.org/esprima 103ms (cache revalidated)
287 silly packumentCache full:https://registry.npmjs.org/esprima set size:118410 disposed:false
288 silly fetch manifest graceful-fs@^4.2.0
289 silly packumentCache full:https://registry.npmjs.org/graceful-fs cache-miss
290 http fetch GET 200 https://registry.npmjs.org/has-own-prop 127ms (cache revalidated)
291 silly packumentCache full:https://registry.npmjs.org/has-own-prop set size:12007 disposed:false
292 silly fetch manifest universalify@^2.0.0
293 silly packumentCache full:https://registry.npmjs.org/universalify cache-miss
294 http fetch GET 200 https://registry.npmjs.org/@colors%2fcolors 128ms (cache revalidated)
295 silly packumentCache full:https://registry.npmjs.org/@colors%2fcolors set size:12042 disposed:false
296 silly fetch manifest agent-base@^7.1.0
297 silly packumentCache full:https://registry.npmjs.org/agent-base cache-miss
298 http fetch GET 200 https://registry.npmjs.org/highlight.js 74ms (cache revalidated)
299 silly packumentCache full:https://registry.npmjs.org/highlight.js set size:1244415 disposed:false
300 silly fetch manifest debug@^4.3.4
301 silly packumentCache full:https://registry.npmjs.org/debug cache-miss
302 http fetch GET 200 https://registry.npmjs.org/glob-parent 75ms (cache revalidated)
303 silly packumentCache full:https://registry.npmjs.org/glob-parent set size:42445 disposed:false
304 silly fetch manifest debug@4
305 silly packumentCache full:https://registry.npmjs.org/debug cache-miss
306 http fetch GET 200 https://registry.npmjs.org/merge2 78ms (cache revalidated)
307 silly packumentCache full:https://registry.npmjs.org/merge2 set size:46159 disposed:false
308 silly fetch manifest agent-base@^7.1.2
309 silly packumentCache full:https://registry.npmjs.org/agent-base cache-miss
310 http fetch GET 200 https://registry.npmjs.org/@nodelib%2ffs.stat 95ms (cache revalidated)
311 silly packumentCache full:https://registry.npmjs.org/@nodelib%2ffs.stat set size:36993 disposed:false
312 silly fetch manifest jest-get-type@^29.6.3
313 silly packumentCache full:https://registry.npmjs.org/jest-get-type cache-miss
314 http fetch GET 200 https://registry.npmjs.org/locate-path 85ms (cache revalidated)
315 silly packumentCache full:https://registry.npmjs.org/locate-path set size:31329 disposed:false
316 silly fetch manifest pretty-format@^29.7.0
317 silly packumentCache full:https://registry.npmjs.org/pretty-format cache-miss
318 http fetch GET 200 https://registry.npmjs.org/path-exists 87ms (cache revalidated)
319 silly packumentCache full:https://registry.npmjs.org/path-exists set size:13704 disposed:false
320 silly fetch manifest diff-sequences@^29.6.3
321 silly packumentCache full:https://registry.npmjs.org/diff-sequences cache-miss
322 http fetch GET 200 https://registry.npmjs.org/jsonfile 83ms (cache revalidated)
323 silly packumentCache full:https://registry.npmjs.org/jsonfile set size:51505 disposed:false
324 silly fetch manifest argparse@^2.0.1
325 silly packumentCache full:https://registry.npmjs.org/argparse cache-miss
326 http fetch GET 200 https://registry.npmjs.org/agent-base 58ms (cache revalidated)
327 silly packumentCache full:https://registry.npmjs.org/agent-base set size:67460 disposed:false
328 silly fetch manifest universalify@^2.0.0
329 silly packumentCache full:https://registry.npmjs.org/universalify cache-miss
330 http fetch GET 200 https://registry.npmjs.org/@nodelib%2ffs.walk 110ms (cache revalidated)
331 silly packumentCache full:https://registry.npmjs.org/@nodelib%2ffs.walk set size:41589 disposed:false
332 silly fetch manifest graceful-fs@^4.1.6
333 silly packumentCache full:https://registry.npmjs.org/graceful-fs cache-miss
334 http fetch GET 200 https://registry.npmjs.org/universalify 62ms (cache revalidated)
335 silly packumentCache full:https://registry.npmjs.org/universalify set size:19431 disposed:false
336 silly fetch manifest date-format@^4.0.14
337 silly packumentCache full:https://registry.npmjs.org/date-format cache-miss
338 http fetch GET 200 https://registry.npmjs.org/micromatch 102ms (cache revalidated)
339 silly packumentCache full:https://registry.npmjs.org/micromatch set size:240630 disposed:false
340 silly fetch manifest debug@^4.3.4
341 silly packumentCache full:https://registry.npmjs.org/debug cache-miss
342 http fetch GET 200 https://registry.npmjs.org/graceful-fs 110ms (cache revalidated)
343 silly packumentCache full:https://registry.npmjs.org/graceful-fs set size:124285 disposed:false
344 silly fetch manifest flatted@^3.2.7
345 silly packumentCache full:https://registry.npmjs.org/flatted cache-miss
346 http fetch GET 200 https://registry.npmjs.org/agent-base 60ms (cache revalidated)
347 silly packumentCache full:https://registry.npmjs.org/agent-base set size:67460 disposed:false
348 silly packumentCache full:https://registry.npmjs.org/agent-base dispose
349 silly fetch manifest rfdc@^1.3.0
350 silly packumentCache full:https://registry.npmjs.org/rfdc cache-miss
351 http fetch GET 200 https://registry.npmjs.org/jest-get-type 59ms (cache revalidated)
352 silly packumentCache full:https://registry.npmjs.org/jest-get-type set size:201170 disposed:false
353 silly fetch manifest streamroller@^3.1.5
354 silly packumentCache full:https://registry.npmjs.org/streamroller cache-miss
355 http fetch GET 200 https://registry.npmjs.org/debug 73ms (cache revalidated)
356 silly packumentCache full:https://registry.npmjs.org/debug set size:195840 disposed:false
357 silly fetch manifest argparse@^2.0.1
358 silly packumentCache full:https://registry.npmjs.org/argparse cache-miss
359 http fetch GET 200 https://registry.npmjs.org/debug 80ms (cache revalidated)
360 silly packumentCache full:https://registry.npmjs.org/debug set size:195840 disposed:false
361 silly packumentCache full:https://registry.npmjs.org/debug dispose
362 silly fetch manifest entities@^4.4.0
363 silly packumentCache full:https://registry.npmjs.org/entities cache-miss
364 http fetch GET 200 https://registry.npmjs.org/argparse 90ms (cache revalidated)
365 silly packumentCache full:https://registry.npmjs.org/argparse set size:49266 disposed:false
366 silly fetch manifest linkify-it@^5.0.0
367 silly packumentCache full:https://registry.npmjs.org/linkify-it cache-miss
368 http fetch GET 200 https://registry.npmjs.org/graceful-fs 96ms (cache revalidated)
369 silly packumentCache full:https://registry.npmjs.org/graceful-fs set size:124285 disposed:false
370 silly packumentCache full:https://registry.npmjs.org/graceful-fs dispose
371 silly fetch manifest mdurl@^2.0.0
372 silly packumentCache full:https://registry.npmjs.org/mdurl cache-miss
373 http fetch GET 200 https://registry.npmjs.org/debug 92ms (cache revalidated)
374 silly packumentCache full:https://registry.npmjs.org/debug set size:195840 disposed:true
375 silly packumentCache full:https://registry.npmjs.org/debug dispose
376 silly fetch manifest punycode.js@^2.3.1
377 silly packumentCache full:https://registry.npmjs.org/punycode.js cache-miss
378 http fetch GET 200 https://registry.npmjs.org/flatted 73ms (cache revalidated)
379 silly packumentCache full:https://registry.npmjs.org/flatted set size:126610 disposed:false
380 silly fetch manifest uc.micro@^2.1.0
381 silly packumentCache full:https://registry.npmjs.org/uc.micro cache-miss
382 http fetch GET 200 https://registry.npmjs.org/pretty-format 112ms (cache revalidated)
383 silly packumentCache full:https://registry.npmjs.org/pretty-format set size:591748 disposed:false
384 silly fetch manifest semver@^7.3.5
385 silly packumentCache full:https://registry.npmjs.org/semver cache-miss
386 http fetch GET 200 https://registry.npmjs.org/diff-sequences 114ms (cache revalidated)
387 silly packumentCache full:https://registry.npmjs.org/diff-sequences set size:180764 disposed:false
388 silly fetch manifest proc-log@^4.0.0
389 silly packumentCache full:https://registry.npmjs.org/proc-log cache-miss
390 http fetch GET 200 https://registry.npmjs.org/universalify 121ms (cache revalidated)
391 silly packumentCache full:https://registry.npmjs.org/universalify set size:19431 disposed:false
392 silly packumentCache full:https://registry.npmjs.org/universalify dispose
393 silly fetch manifest hosted-git-info@^7.0.0
394 silly packumentCache full:https://registry.npmjs.org/hosted-git-info cache-miss
395 http fetch GET 200 https://registry.npmjs.org/rfdc 81ms (cache revalidated)
396 silly packumentCache full:https://registry.npmjs.org/rfdc set size:45382 disposed:false
397 silly fetch manifest validate-npm-package-name@^5.0.0
398 silly packumentCache full:https://registry.npmjs.org/validate-npm-package-name cache-miss
399 http fetch GET 200 https://registry.npmjs.org/entities 76ms (cache revalidated)
400 silly packumentCache full:https://registry.npmjs.org/entities set size:94747 disposed:false
401 silly fetch manifest tar@^6.1.11
402 silly packumentCache full:https://registry.npmjs.org/tar cache-miss
403 http fetch GET 200 https://registry.npmjs.org/date-format 122ms (cache revalidated)
404 silly packumentCache full:https://registry.npmjs.org/date-format set size:59202 disposed:false
405 silly fetch manifest ssri@^10.0.0
406 silly packumentCache full:https://registry.npmjs.org/ssri cache-miss
407 http fetch GET 200 https://registry.npmjs.org/argparse 104ms (cache revalidated)
408 silly packumentCache full:https://registry.npmjs.org/argparse set size:49266 disposed:false
409 silly packumentCache full:https://registry.npmjs.org/argparse dispose
410 silly fetch manifest cacache@^18.0.0
411 silly packumentCache full:https://registry.npmjs.org/cacache cache-miss
412 http fetch GET 200 https://registry.npmjs.org/streamroller 109ms (cache revalidated)
413 silly packumentCache full:https://registry.npmjs.org/streamroller set size:151555 disposed:false
414 silly fetch manifest minipass@^7.0.2
415 silly packumentCache full:https://registry.npmjs.org/minipass cache-miss
416 http fetch GET 200 https://registry.npmjs.org/semver 85ms (cache revalidated)
417 silly packumentCache full:https://registry.npmjs.org/semver set size:226907 disposed:false
418 silly fetch manifest proc-log@^4.0.0
419 silly packumentCache full:https://registry.npmjs.org/proc-log cache-miss
420 http fetch GET 200 https://registry.npmjs.org/linkify-it 108ms (cache revalidated)
421 silly packumentCache full:https://registry.npmjs.org/linkify-it set size:62527 disposed:false
422 silly fetch manifest sigstore@^2.2.0
423 silly packumentCache full:https://registry.npmjs.org/sigstore cache-miss
424 http fetch GET 200 https://registry.npmjs.org/mdurl 116ms (cache revalidated)
425 silly packumentCache full:https://registry.npmjs.org/mdurl set size:9361 disposed:false
426 silly fetch manifest @npmcli/git@^5.0.0
427 silly packumentCache full:https://registry.npmjs.org/@npmcli%2fgit cache-miss
428 http fetch GET 200 https://registry.npmjs.org/punycode.js 115ms (cache revalidated)
429 silly packumentCache full:https://registry.npmjs.org/punycode.js set size:13508 disposed:false
430 silly fetch manifest fs-minipass@^3.0.0
431 silly packumentCache full:https://registry.npmjs.org/fs-minipass cache-miss
432 http fetch GET 200 https://registry.npmjs.org/tar 115ms (cache revalidated)
433 silly packumentCache full:https://registry.npmjs.org/tar set size:429369 disposed:false
434 silly fetch manifest npm-packlist@^8.0.0
435 silly packumentCache full:https://registry.npmjs.org/npm-packlist cache-miss
436 http fetch GET 200 https://registry.npmjs.org/proc-log 146ms (cache updated)
437 silly packumentCache full:https://registry.npmjs.org/proc-log set size:undefined disposed:false
438 silly fetch manifest promise-retry@^2.0.1
439 silly packumentCache full:https://registry.npmjs.org/promise-retry cache-miss
440 http fetch GET 200 https://registry.npmjs.org/hosted-git-info 137ms (cache updated)
441 silly packumentCache full:https://registry.npmjs.org/hosted-git-info set size:undefined disposed:false
442 silly fetch manifest npm-pick-manifest@^9.0.0
443 silly packumentCache full:https://registry.npmjs.org/npm-pick-manifest cache-miss
444 http fetch GET 200 https://registry.npmjs.org/sigstore 70ms (cache revalidated)
445 silly packumentCache full:https://registry.npmjs.org/sigstore set size:114657 disposed:false
446 silly fetch manifest @npmcli/run-script@^8.0.0
447 silly packumentCache full:https://registry.npmjs.org/@npmcli%2frun-script cache-miss
448 http fetch GET 200 https://registry.npmjs.org/minipass 119ms (cache revalidated)
449 silly packumentCache full:https://registry.npmjs.org/minipass set size:490195 disposed:false
450 silly fetch manifest npm-registry-fetch@^17.0.0
451 silly packumentCache full:https://registry.npmjs.org/npm-registry-fetch cache-miss
452 http fetch GET 200 https://registry.npmjs.org/uc.micro 177ms (cache revalidated)
453 silly packumentCache full:https://registry.npmjs.org/uc.micro set size:16457 disposed:false
454 silly fetch manifest @npmcli/package-json@^5.1.0
455 silly packumentCache full:https://registry.npmjs.org/@npmcli%2fpackage-json cache-miss
456 http fetch GET 200 https://registry.npmjs.org/fs-minipass 65ms (cache revalidated)
457 silly packumentCache full:https://registry.npmjs.org/fs-minipass set size:44606 disposed:false
458 silly fetch manifest @npmcli/promise-spawn@^7.0.0
459 silly packumentCache full:https://registry.npmjs.org/@npmcli%2fpromise-spawn cache-miss
460 http fetch GET 200 https://registry.npmjs.org/cacache 136ms (cache updated)
461 silly packumentCache full:https://registry.npmjs.org/cacache set size:undefined disposed:false
462 silly fetch manifest @npmcli/installed-package-contents@^2.0.1
463 silly packumentCache full:https://registry.npmjs.org/@npmcli%2finstalled-package-contents cache-miss
464 http fetch GET 200 https://registry.npmjs.org/proc-log 97ms (cache updated)
465 silly packumentCache full:https://registry.npmjs.org/proc-log set size:undefined disposed:false
466 silly fetch manifest colors@1.4.0
467 silly packumentCache full:https://registry.npmjs.org/colors cache-miss
468 http fetch GET 200 https://registry.npmjs.org/validate-npm-package-name 174ms (cache updated)
469 silly packumentCache full:https://registry.npmjs.org/validate-npm-package-name set size:undefined disposed:false
470 silly fetch manifest minimist@^1.2.0
471 silly packumentCache full:https://registry.npmjs.org/minimist cache-miss
472 http fetch GET 200 https://registry.npmjs.org/@npmcli%2fgit 92ms (cache updated)
473 silly packumentCache full:https://registry.npmjs.org/@npmcli%2fgit set size:undefined disposed:false
474 silly fetch manifest mute-stream@^1.0.0
475 silly packumentCache full:https://registry.npmjs.org/mute-stream cache-miss
476 http fetch GET 200 https://registry.npmjs.org/npm-pick-manifest 82ms (cache updated)
477 silly packumentCache full:https://registry.npmjs.org/npm-pick-manifest set size:undefined disposed:false
478 silly fetch manifest ansi-regex@^5.0.1
479 silly packumentCache full:https://registry.npmjs.org/ansi-regex cache-miss
480 http fetch GET 200 https://registry.npmjs.org/npm-packlist 113ms (cache updated)
481 silly packumentCache full:https://registry.npmjs.org/npm-packlist set size:undefined disposed:false
482 silly fetch manifest isexe@^3.1.1
483 silly packumentCache full:https://registry.npmjs.org/isexe cache-miss
484 http fetch GET 200 https://registry.npmjs.org/promise-retry 113ms (cache revalidated)
485 silly packumentCache full:https://registry.npmjs.org/promise-retry set size:34511 disposed:false
486 silly fetch manifest @dabh/diagnostics@^2.0.8
487 silly packumentCache full:https://registry.npmjs.org/@dabh%2fdiagnostics cache-miss
488 http fetch GET 200 https://registry.npmjs.org/mute-stream 71ms (cache updated)
489 silly packumentCache full:https://registry.npmjs.org/mute-stream set size:undefined disposed:false
490 silly fetch manifest @colors/colors@^1.6.0
491 silly packumentCache full:https://registry.npmjs.org/@colors%2fcolors cache-hit
492 silly fetch manifest async@^3.2.3
493 silly packumentCache full:https://registry.npmjs.org/async cache-miss
494 http fetch GET 200 https://registry.npmjs.org/ansi-regex 65ms (cache revalidated)
495 silly packumentCache full:https://registry.npmjs.org/ansi-regex set size:43572 disposed:false
496 silly fetch manifest is-stream@^2.0.0
497 silly packumentCache full:https://registry.npmjs.org/is-stream cache-miss
498 http fetch GET 200 https://registry.npmjs.org/@npmcli%2fpackage-json 132ms (cache updated)
499 silly packumentCache full:https://registry.npmjs.org/@npmcli%2fpackage-json set size:undefined disposed:false
500 silly fetch manifest logform@^2.7.0
501 silly packumentCache full:https://registry.npmjs.org/logform cache-miss
502 http fetch GET 200 https://registry.npmjs.org/npm-registry-fetch 144ms (cache updated)
503 silly packumentCache full:https://registry.npmjs.org/npm-registry-fetch set size:undefined disposed:false
504 silly fetch manifest one-time@^1.0.0
505 silly packumentCache full:https://registry.npmjs.org/one-time cache-miss
506 http fetch GET 200 https://registry.npmjs.org/@npmcli%2fpromise-spawn 139ms (cache updated)
507 silly packumentCache full:https://registry.npmjs.org/@npmcli%2fpromise-spawn set size:undefined disposed:false
508 silly fetch manifest readable-stream@^3.4.0
509 silly packumentCache full:https://registry.npmjs.org/readable-stream cache-miss
510 http fetch GET 200 https://registry.npmjs.org/isexe 67ms (cache revalidated)
511 silly packumentCache full:https://registry.npmjs.org/isexe set size:19340 disposed:false
512 silly fetch manifest safe-stable-stringify@^2.3.1
513 silly packumentCache full:https://registry.npmjs.org/safe-stable-stringify cache-miss
514 http fetch GET 200 https://registry.npmjs.org/@npmcli%2finstalled-package-contents 136ms (cache updated)
515 silly packumentCache full:https://registry.npmjs.org/@npmcli%2finstalled-package-contents set size:undefined disposed:false
516 silly fetch manifest triple-beam@^1.3.0
517 silly packumentCache full:https://registry.npmjs.org/triple-beam cache-miss
518 http fetch GET 200 https://registry.npmjs.org/minimist 133ms (cache updated)
519 silly packumentCache full:https://registry.npmjs.org/minimist set size:undefined disposed:false
520 silly fetch manifest winston-transport@^4.9.0
521 silly packumentCache full:https://registry.npmjs.org/winston-transport cache-miss
522 http fetch GET 200 https://registry.npmjs.org/ssri 307ms (cache updated)
523 silly packumentCache full:https://registry.npmjs.org/ssri set size:undefined disposed:false
524 silly fetch manifest ansi-styles@^4.0.0
525 silly packumentCache full:https://registry.npmjs.org/ansi-styles cache-hit
526 silly fetch manifest string-width@^4.1.0
527 silly packumentCache full:https://registry.npmjs.org/string-width cache-hit
528 silly fetch manifest y18n@^5.0.5
529 silly packumentCache full:https://registry.npmjs.org/y18n cache-miss
530 http fetch GET 200 https://registry.npmjs.org/@npmcli%2frun-script 170ms (cache updated)
531 silly packumentCache full:https://registry.npmjs.org/@npmcli%2frun-script set size:undefined disposed:false
532 silly fetch manifest cliui@^8.0.1
533 silly packumentCache full:https://registry.npmjs.org/cliui cache-miss
534 http fetch GET 200 https://registry.npmjs.org/colors 150ms (cache revalidated)
535 silly packumentCache full:https://registry.npmjs.org/colors set size:55711 disposed:false
536 silly fetch manifest escalade@^3.1.1
537 silly packumentCache full:https://registry.npmjs.org/escalade cache-miss
538 http fetch GET 200 https://registry.npmjs.org/@dabh%2fdiagnostics 98ms (cache revalidated)
539 silly packumentCache full:https://registry.npmjs.org/@dabh%2fdiagnostics set size:34310 disposed:false
540 silly fetch manifest string-width@^4.2.3
541 silly packumentCache full:https://registry.npmjs.org/string-width cache-hit
542 silly fetch manifest yargs-parser@^21.1.1
543 silly packumentCache full:https://registry.npmjs.org/yargs-parser cache-miss
544 http fetch GET 200 https://registry.npmjs.org/logform 64ms (cache revalidated)
545 silly packumentCache full:https://registry.npmjs.org/logform set size:101534 disposed:false
546 silly fetch manifest get-caller-file@^2.0.5
547 silly packumentCache full:https://registry.npmjs.org/get-caller-file cache-miss
548 http fetch GET 200 https://registry.npmjs.org/is-stream 72ms (cache revalidated)
549 silly packumentCache full:https://registry.npmjs.org/is-stream set size:18582 disposed:false
550 silly fetch manifest require-directory@^2.1.1
551 silly packumentCache full:https://registry.npmjs.org/require-directory cache-miss
552 http fetch GET 200 https://registry.npmjs.org/readable-stream 73ms (cache revalidated)
553 silly packumentCache full:https://registry.npmjs.org/readable-stream set size:261096 disposed:false
554 http fetch GET 200 https://registry.npmjs.org/async 123ms (cache revalidated)
555 silly packumentCache full:https://registry.npmjs.org/async set size:230496 disposed:false
556 http fetch GET 200 https://registry.npmjs.org/triple-beam 81ms (cache revalidated)
557 silly packumentCache full:https://registry.npmjs.org/triple-beam set size:15133 disposed:false
558 http fetch GET 200 https://registry.npmjs.org/one-time 89ms (cache revalidated)
559 silly packumentCache full:https://registry.npmjs.org/one-time set size:12254 disposed:false
560 http fetch GET 200 https://registry.npmjs.org/y18n 78ms (cache revalidated)
561 silly packumentCache full:https://registry.npmjs.org/y18n set size:76155 disposed:false
562 http fetch GET 200 https://registry.npmjs.org/cliui 71ms (cache revalidated)
563 silly packumentCache full:https://registry.npmjs.org/cliui set size:69089 disposed:false
564 http fetch GET 200 https://registry.npmjs.org/safe-stable-stringify 89ms (cache revalidated)
565 silly packumentCache full:https://registry.npmjs.org/safe-stable-stringify set size:45091 disposed:false
566 http fetch GET 200 https://registry.npmjs.org/winston-transport 88ms (cache revalidated)
567 silly packumentCache full:https://registry.npmjs.org/winston-transport set size:60135 disposed:false
568 http fetch GET 200 https://registry.npmjs.org/escalade 75ms (cache revalidated)
569 silly packumentCache full:https://registry.npmjs.org/escalade set size:33724 disposed:false
570 http fetch GET 200 https://registry.npmjs.org/yargs-parser 52ms (cache revalidated)
571 silly packumentCache full:https://registry.npmjs.org/yargs-parser set size:238630 disposed:false
572 http fetch GET 200 https://registry.npmjs.org/get-caller-file 61ms (cache revalidated)
573 silly packumentCache full:https://registry.npmjs.org/get-caller-file set size:26456 disposed:false
574 http fetch GET 200 https://registry.npmjs.org/wontache 665ms (cache revalidated)
575 silly packumentCache full:https://registry.npmjs.org/wontache set size:29397 disposed:false
576 http fetch GET 200 https://registry.npmjs.org/require-directory 84ms (cache revalidated)
577 silly packumentCache full:https://registry.npmjs.org/require-directory set size:26866 disposed:false
578 silly placeDep ROOT @types/yargs-parser@21.0.3 OK for: @types/yargs@17.0.35 want: *
579 silly placeDep ROOT ansi-styles@4.3.0 OK for: chalk@4.1.2 want: ^4.1.0
580 silly placeDep ROOT supports-color@7.2.0 OK for: chalk@4.1.2 want: ^7.1.0
581 silly fetch manifest color-convert@^2.0.1
582 silly packumentCache full:https://registry.npmjs.org/color-convert cache-miss
583 silly fetch manifest has-flag@^4.0.0
584 silly packumentCache full:https://registry.npmjs.org/has-flag cache-miss
585 http fetch GET 200 https://registry.npmjs.org/has-flag 85ms (cache revalidated)
586 silly packumentCache full:https://registry.npmjs.org/has-flag set size:15180 disposed:false
587 http fetch GET 200 https://registry.npmjs.org/color-convert 93ms (cache updated)
588 silly packumentCache full:https://registry.npmjs.org/color-convert set size:undefined disposed:false
589 silly placeDep ROOT color-convert@2.0.1 OK for: ansi-styles@4.3.0 want: ^2.0.1
590 silly fetch manifest color-name@~1.1.4
591 silly packumentCache full:https://registry.npmjs.org/color-name cache-miss
592 http fetch GET 200 https://registry.npmjs.org/color-name 70ms (cache updated)
593 silly packumentCache full:https://registry.npmjs.org/color-name set size:undefined disposed:false
594 silly placeDep ROOT @colors/colors@1.5.0 OK for: cli-table3@0.6.5 want: 1.5.0
595 silly placeDep ROOT string-width@4.2.3 OK for: cli-table3@0.6.5 want: ^4.2.0
596 silly fetch manifest emoji-regex@^8.0.0
597 silly packumentCache full:https://registry.npmjs.org/emoji-regex cache-miss
598 silly fetch manifest is-fullwidth-code-point@^3.0.0
599 silly packumentCache full:https://registry.npmjs.org/is-fullwidth-code-point cache-miss
600 http fetch GET 200 https://registry.npmjs.org/is-fullwidth-code-point 56ms (cache revalidated)
601 silly packumentCache full:https://registry.npmjs.org/is-fullwidth-code-point set size:14578 disposed:false
602 http fetch GET 200 https://registry.npmjs.org/emoji-regex 73ms (cache updated)
603 silly packumentCache full:https://registry.npmjs.org/emoji-regex set size:undefined disposed:false
604 silly placeDep ROOT color-name@1.1.4 OK for: color-convert@2.0.1 want: ~1.1.4
605 silly placeDep ROOT array-timsort@1.0.3 OK for: comment-json@4.2.5 want: ^1.0.3
606 silly placeDep ROOT core-util-is@1.0.3 OK for: comment-json@4.2.5 want: ^1.0.3
607 silly placeDep ROOT esprima@4.0.1 OK for: comment-json@4.2.5 want: ^4.0.1
608 silly placeDep ROOT has-own-prop@2.0.0 OK for: comment-json@4.2.5 want: ^2.0.0
609 silly placeDep ROOT repeat-string@1.6.1 OK for: comment-json@4.2.5 want: ^1.6.1
610 silly placeDep ROOT path-key@3.1.1 OK for: cross-spawn@7.0.6 want: ^3.1.0
611 silly placeDep ROOT shebang-command@2.0.0 OK for: cross-spawn@7.0.6 want: ^2.0.0
612 silly placeDep node_modules/cross-spawn which@2.0.2 OK for: cross-spawn@7.0.6 want: ^2.0.1
613 silly fetch manifest shebang-regex@^3.0.0
614 silly packumentCache full:https://registry.npmjs.org/shebang-regex cache-miss
615 silly fetch manifest isexe@^2.0.0
616 silly packumentCache full:https://registry.npmjs.org/isexe cache-hit
617 http fetch GET 200 https://registry.npmjs.org/shebang-regex 49ms (cache revalidated)
618 silly packumentCache full:https://registry.npmjs.org/shebang-regex set size:9763 disposed:false
619 silly placeDep node_modules/diff2html diff@5.1.0 OK for: diff2html@3.4.20-usewontache.1.60e7a2e want: 5.1.0
620 silly placeDep ROOT highlight.js@11.6.0 OK for: diff2html@3.4.20-usewontache.1.60e7a2e want: 11.6.0
621 silly placeDep ROOT wontache@0.1.0 OK for: diff2html@3.4.20-usewontache.1.60e7a2e want: 0.1.0
622 silly fetch manifest underscore@^1.13.0-2
623 silly packumentCache full:https://registry.npmjs.org/underscore cache-miss
624 http fetch GET 200 https://registry.npmjs.org/underscore 76ms (cache revalidated)
625 silly packumentCache full:https://registry.npmjs.org/underscore set size:155400 disposed:false
626 silly placeDep ROOT @nodelib/fs.stat@2.0.5 OK for: fast-glob@3.3.3 want: ^2.0.2
627 silly placeDep ROOT @nodelib/fs.walk@1.2.8 OK for: fast-glob@3.3.3 want: ^1.2.3
628 silly placeDep ROOT glob-parent@5.1.2 OK for: fast-glob@3.3.3 want: ^5.1.2
629 silly placeDep ROOT merge2@1.4.1 OK for: fast-glob@3.3.3 want: ^1.3.0
630 silly placeDep ROOT micromatch@4.0.8 OK for: fast-glob@3.3.3 want: ^4.0.8
631 silly fetch manifest fastq@^1.6.0
632 silly packumentCache full:https://registry.npmjs.org/fastq cache-miss
633 silly fetch manifest @nodelib/fs.scandir@2.1.5
634 silly packumentCache full:https://registry.npmjs.org/@nodelib%2ffs.scandir cache-miss
635 silly fetch manifest is-glob@^4.0.1
636 silly packumentCache full:https://registry.npmjs.org/is-glob cache-miss
637 silly fetch manifest braces@^3.0.3
638 silly packumentCache full:https://registry.npmjs.org/braces cache-miss
639 silly fetch manifest picomatch@^2.3.1
640 silly packumentCache full:https://registry.npmjs.org/picomatch cache-miss
641 http fetch GET 200 https://registry.npmjs.org/braces 58ms (cache revalidated)
642 silly packumentCache full:https://registry.npmjs.org/braces set size:114529 disposed:false
643 http fetch GET 200 https://registry.npmjs.org/picomatch 69ms (cache revalidated)
644 silly packumentCache full:https://registry.npmjs.org/picomatch set size:118818 disposed:false
645 http fetch GET 200 https://registry.npmjs.org/fastq 71ms (cache revalidated)
646 silly packumentCache full:https://registry.npmjs.org/fastq set size:73822 disposed:false
647 http fetch GET 200 https://registry.npmjs.org/is-glob 75ms (cache revalidated)
648 silly packumentCache full:https://registry.npmjs.org/is-glob set size:40530 disposed:false
649 http fetch GET 200 https://registry.npmjs.org/@nodelib%2ffs.scandir 82ms (cache revalidated)
650 silly packumentCache full:https://registry.npmjs.org/@nodelib%2ffs.scandir set size:49256 disposed:false
651 silly placeDep ROOT @nodelib/fs.scandir@2.1.5 OK for: @nodelib/fs.walk@1.2.8 want: 2.1.5
652 silly placeDep ROOT fastq@1.19.1 OK for: @nodelib/fs.walk@1.2.8 want: ^1.6.0
653 silly fetch manifest run-parallel@^1.1.9
654 silly packumentCache full:https://registry.npmjs.org/run-parallel cache-miss
655 silly fetch manifest reusify@^1.0.4
656 silly packumentCache full:https://registry.npmjs.org/reusify cache-miss
657 http fetch GET 200 https://registry.npmjs.org/reusify 67ms (cache revalidated)
658 silly packumentCache full:https://registry.npmjs.org/reusify set size:14249 disposed:false
659 http fetch GET 200 https://registry.npmjs.org/run-parallel 90ms (cache revalidated)
660 silly packumentCache full:https://registry.npmjs.org/run-parallel set size:35172 disposed:false
661 silly placeDep ROOT run-parallel@1.2.0 OK for: @nodelib/fs.scandir@2.1.5 want: ^1.1.9
662 silly fetch manifest queue-microtask@^1.2.2
663 silly packumentCache full:https://registry.npmjs.org/queue-microtask cache-miss
664 http fetch GET 200 https://registry.npmjs.org/queue-microtask 133ms (cache revalidated)
665 silly packumentCache full:https://registry.npmjs.org/queue-microtask set size:36088 disposed:false
666 silly placeDep ROOT reusify@1.1.0 OK for: fastq@1.19.1 want: ^1.0.4
667 silly placeDep ROOT locate-path@6.0.0 OK for: find-up@5.0.0 want: ^6.0.0
668 silly placeDep ROOT path-exists@4.0.0 OK for: find-up@5.0.0 want: ^4.0.0
669 silly fetch manifest p-locate@^5.0.0
670 silly packumentCache full:https://registry.npmjs.org/p-locate cache-miss
671 http fetch GET 200 https://registry.npmjs.org/p-locate 61ms (cache revalidated)
672 silly packumentCache full:https://registry.npmjs.org/p-locate set size:20789 disposed:false
673 silly placeDep ROOT graceful-fs@4.2.11 OK for: fs-extra@11.3.2 want: ^4.2.0
674 silly placeDep ROOT universalify@2.0.1 OK for: fs-extra@11.3.2 want: ^2.0.0
675 silly placeDep ROOT is-glob@4.0.3 OK for: glob-parent@5.1.2 want: ^4.0.1
676 silly fetch manifest is-extglob@^2.1.1
677 silly packumentCache full:https://registry.npmjs.org/is-extglob cache-miss
678 http fetch GET 200 https://registry.npmjs.org/is-extglob 62ms (cache revalidated)
679 silly packumentCache full:https://registry.npmjs.org/is-extglob set size:11766 disposed:false
680 silly placeDep ROOT agent-base@7.1.4 OK for: http-proxy-agent@7.0.2 want: ^7.1.0
681 silly placeDep ROOT debug@4.4.3 OK for: http-proxy-agent@7.0.2 want: ^4.3.4
682 silly fetch manifest ms@^2.1.3
683 silly packumentCache full:https://registry.npmjs.org/ms cache-miss
684 http fetch GET 200 https://registry.npmjs.org/ms 61ms (cache revalidated)
685 silly packumentCache full:https://registry.npmjs.org/ms set size:92208 disposed:false
686 silly placeDep ROOT ms@2.1.3 OK for: debug@4.4.3 want: ^2.1.3
687 silly placeDep ROOT is-extglob@2.1.1 OK for: is-glob@4.0.3 want: ^2.1.1
688 silly placeDep ROOT diff-sequences@29.6.3 OK for: jest-diff@29.7.0 want: ^29.6.3
689 silly placeDep ROOT jest-get-type@29.6.3 OK for: jest-diff@29.7.0 want: ^29.6.3
690 silly placeDep ROOT pretty-format@29.7.0 OK for: jest-diff@29.7.0 want: ^29.7.0
691 silly fetch manifest react-is@^18.0.0
692 silly packumentCache full:https://registry.npmjs.org/react-is cache-miss
693 silly fetch manifest ansi-styles@^5.0.0
694 silly packumentCache full:https://registry.npmjs.org/ansi-styles cache-hit
695 silly fetch manifest @jest/schemas@^29.6.3
696 silly packumentCache full:https://registry.npmjs.org/@jest%2fschemas cache-miss
697 http fetch GET 200 https://registry.npmjs.org/@jest%2fschemas 583ms (cache revalidated)
698 silly packumentCache full:https://registry.npmjs.org/@jest%2fschemas set size:68580 disposed:false
699 http fetch GET 200 https://registry.npmjs.org/react-is 760ms (cache updated)
700 silly packumentCache full:https://registry.npmjs.org/react-is set size:undefined disposed:false
701 silly placeDep ROOT argparse@2.0.1 OK for: js-yaml@4.1.1 want: ^2.0.1
702 silly placeDep ROOT p-locate@5.0.0 OK for: locate-path@6.0.0 want: ^5.0.0
703 silly fetch manifest p-limit@^3.0.2
704 silly packumentCache full:https://registry.npmjs.org/p-limit cache-miss
705 http fetch GET 200 https://registry.npmjs.org/p-limit 63ms (cache updated)
706 silly packumentCache full:https://registry.npmjs.org/p-limit set size:undefined disposed:false
707 silly placeDep ROOT date-format@4.0.14 OK for: log4js@6.9.1 want: ^4.0.14
708 silly placeDep ROOT flatted@3.3.3 OK for: log4js@6.9.1 want: ^3.2.7
709 silly placeDep ROOT rfdc@1.4.1 OK for: log4js@6.9.1 want: ^1.3.0
710 silly placeDep ROOT streamroller@3.1.5 OK for: log4js@6.9.1 want: ^3.1.5
711 silly fetch manifest fs-extra@^8.1.0
712 silly packumentCache full:https://registry.npmjs.org/fs-extra cache-miss
713 http fetch GET 200 https://registry.npmjs.org/fs-extra 72ms (cache revalidated)
714 silly packumentCache full:https://registry.npmjs.org/fs-extra set size:227939 disposed:false
715 silly placeDep ROOT entities@4.5.0 OK for: markdown-it@14.1.0 want: ^4.4.0
716 silly placeDep ROOT linkify-it@5.0.0 OK for: markdown-it@14.1.0 want: ^5.0.0
717 silly placeDep ROOT mdurl@2.0.0 OK for: markdown-it@14.1.0 want: ^2.0.0
718 silly placeDep ROOT punycode.js@2.3.1 OK for: markdown-it@14.1.0 want: ^2.3.1
719 silly placeDep ROOT uc.micro@2.1.0 OK for: markdown-it@14.1.0 want: ^2.1.0
720 silly fetch manifest uc.micro@^2.0.0
721 silly packumentCache full:https://registry.npmjs.org/uc.micro cache-hit
722 silly placeDep ROOT braces@3.0.3 OK for: micromatch@4.0.8 want: ^3.0.3
723 silly placeDep ROOT picomatch@2.3.1 OK for: micromatch@4.0.8 want: ^2.3.1
724 silly fetch manifest fill-range@^7.1.1
725 silly packumentCache full:https://registry.npmjs.org/fill-range cache-miss
726 http fetch GET 200 https://registry.npmjs.org/fill-range 61ms (cache revalidated)
727 silly packumentCache full:https://registry.npmjs.org/fill-range set size:90212 disposed:false
728 silly placeDep ROOT fill-range@7.1.1 OK for: braces@3.0.3 want: ^7.1.1
729 silly fetch manifest to-regex-range@^5.0.1
730 silly packumentCache full:https://registry.npmjs.org/to-regex-range cache-miss
731 http fetch GET 200 https://registry.npmjs.org/to-regex-range 65ms (cache revalidated)
732 silly packumentCache full:https://registry.npmjs.org/to-regex-range set size:61569 disposed:false
733 silly placeDep ROOT to-regex-range@5.0.1 OK for: fill-range@7.1.1 want: ^5.0.1
734 silly fetch manifest is-number@^7.0.0
735 silly packumentCache full:https://registry.npmjs.org/is-number cache-miss
736 http fetch GET 200 https://registry.npmjs.org/is-number 61ms (cache revalidated)
737 silly packumentCache full:https://registry.npmjs.org/is-number set size:36183 disposed:false
738 silly placeDep ROOT hosted-git-info@7.0.2 OK for: npm-package-arg@11.0.3 want: ^7.0.0
739 silly placeDep ROOT proc-log@4.2.0 OK for: npm-package-arg@11.0.3 want: ^4.0.0
740 silly placeDep ROOT validate-npm-package-name@5.0.1 OK for: npm-package-arg@11.0.3 want: ^5.0.0
741 silly fetch manifest lru-cache@^10.0.1
742 silly packumentCache full:https://registry.npmjs.org/lru-cache cache-miss
743 http fetch GET 200 https://registry.npmjs.org/lru-cache 79ms (cache revalidated)
744 silly packumentCache full:https://registry.npmjs.org/lru-cache set size:400387 disposed:false
745 silly placeDep ROOT lru-cache@10.4.3 OK for: hosted-git-info@7.0.2 want: ^10.0.1
746 silly placeDep ROOT p-limit@3.1.0 OK for: p-locate@5.0.0 want: ^3.0.2
747 silly fetch manifest yocto-queue@^0.1.0
748 silly packumentCache full:https://registry.npmjs.org/yocto-queue cache-miss
749 http fetch GET 200 https://registry.npmjs.org/yocto-queue 62ms (cache updated)
750 silly packumentCache full:https://registry.npmjs.org/yocto-queue set size:undefined disposed:false
751 silly placeDep ROOT yocto-queue@0.1.0 OK for: p-limit@3.1.0 want: ^0.1.0
752 silly placeDep ROOT @npmcli/git@5.0.8 OK for: pacote@18.0.6 want: ^5.0.0
753 silly placeDep ROOT @npmcli/installed-package-contents@2.1.0 OK for: pacote@18.0.6 want: ^2.0.1
754 silly placeDep ROOT @npmcli/package-json@5.2.1 OK for: pacote@18.0.6 want: ^5.1.0
755 silly placeDep ROOT @npmcli/promise-spawn@7.0.2 OK for: pacote@18.0.6 want: ^7.0.0
756 silly placeDep ROOT @npmcli/run-script@8.1.0 OK for: pacote@18.0.6 want: ^8.0.0
757 silly placeDep ROOT cacache@18.0.4 OK for: pacote@18.0.6 want: ^18.0.0
758 silly placeDep ROOT fs-minipass@3.0.3 OK for: pacote@18.0.6 want: ^3.0.0
759 silly placeDep ROOT minipass@7.1.2 OK for: pacote@18.0.6 want: ^7.0.2
760 silly placeDep ROOT npm-packlist@8.0.2 OK for: pacote@18.0.6 want: ^8.0.0
761 silly placeDep ROOT npm-pick-manifest@9.1.0 OK for: pacote@18.0.6 want: ^9.0.0
762 silly placeDep ROOT npm-registry-fetch@17.1.0 OK for: pacote@18.0.6 want: ^17.0.0
763 silly placeDep ROOT promise-retry@2.0.1 OK for: pacote@18.0.6 want: ^2.0.1
764 silly placeDep ROOT sigstore@2.3.1 OK for: pacote@18.0.6 want: ^2.2.0
765 silly placeDep ROOT ssri@10.0.6 OK for: pacote@18.0.6 want: ^10.0.0
766 silly placeDep ROOT tar@6.2.1 OK for: pacote@18.0.6 want: ^6.1.11
767 silly fetch manifest ini@^4.1.3
768 silly packumentCache full:https://registry.npmjs.org/ini cache-miss
769 silly fetch manifest promise-inflight@^1.0.1
770 silly packumentCache full:https://registry.npmjs.org/promise-inflight cache-miss
771 silly fetch manifest npm-bundled@^3.0.0
772 silly packumentCache full:https://registry.npmjs.org/npm-bundled cache-miss
773 silly fetch manifest npm-normalize-package-bin@^3.0.0
774 silly packumentCache full:https://registry.npmjs.org/npm-normalize-package-bin cache-miss
775 silly fetch manifest glob@^10.2.2
776 silly packumentCache full:https://registry.npmjs.org/glob cache-miss
777 silly fetch manifest normalize-package-data@^6.0.0
778 silly packumentCache full:https://registry.npmjs.org/normalize-package-data cache-miss
779 silly fetch manifest json-parse-even-better-errors@^3.0.0
780 silly packumentCache full:https://registry.npmjs.org/json-parse-even-better-errors cache-miss
781 silly fetch manifest node-gyp@^10.0.0
782 silly packumentCache full:https://registry.npmjs.org/node-gyp cache-miss
783 silly fetch manifest @npmcli/node-gyp@^3.0.0
784 silly packumentCache full:https://registry.npmjs.org/@npmcli%2fnode-gyp cache-miss
785 silly fetch manifest glob@^10.2.2
786 silly packumentCache full:https://registry.npmjs.org/glob cache-miss
787 silly fetch manifest p-map@^4.0.0
788 silly packumentCache full:https://registry.npmjs.org/p-map cache-miss
789 silly fetch manifest minipass@^7.0.3
790 silly packumentCache full:https://registry.npmjs.org/minipass cache-hit
791 silly fetch manifest @npmcli/fs@^3.1.0
792 silly packumentCache full:https://registry.npmjs.org/@npmcli%2ffs cache-miss
793 silly fetch manifest minipass-flush@^1.0.5
794 silly packumentCache full:https://registry.npmjs.org/minipass-flush cache-miss
795 http fetch GET 200 https://registry.npmjs.org/promise-inflight 70ms (cache revalidated)
796 silly packumentCache full:https://registry.npmjs.org/promise-inflight set size:4685 disposed:false
797 silly fetch manifest unique-filename@^3.0.0
798 silly packumentCache full:https://registry.npmjs.org/unique-filename cache-miss
799 http fetch GET 200 https://registry.npmjs.org/minipass-flush 78ms (cache revalidated)
800 silly packumentCache full:https://registry.npmjs.org/minipass-flush set size:16292 disposed:false
801 silly fetch manifest minipass-collect@^2.0.1
802 silly packumentCache full:https://registry.npmjs.org/minipass-collect cache-miss
803 http fetch GET 200 https://registry.npmjs.org/normalize-package-data 87ms (cache revalidated)
804 silly packumentCache full:https://registry.npmjs.org/normalize-package-data set size:128484 disposed:false
805 silly fetch manifest minipass-pipeline@^1.2.4
806 silly packumentCache full:https://registry.npmjs.org/minipass-pipeline cache-miss
807 http fetch GET 200 https://registry.npmjs.org/npm-bundled 91ms (cache updated)
808 silly packumentCache full:https://registry.npmjs.org/npm-bundled set size:undefined disposed:false
809 silly fetch manifest ignore-walk@^6.0.4
810 silly packumentCache full:https://registry.npmjs.org/ignore-walk cache-miss
811 http fetch GET 200 https://registry.npmjs.org/ini 110ms (cache updated)
812 silly packumentCache full:https://registry.npmjs.org/ini set size:undefined disposed:false
813 silly fetch manifest npm-install-checks@^6.0.0
814 silly packumentCache full:https://registry.npmjs.org/npm-install-checks cache-miss
815 http fetch GET 200 https://registry.npmjs.org/json-parse-even-better-errors 109ms (cache updated)
816 silly packumentCache full:https://registry.npmjs.org/json-parse-even-better-errors set size:undefined disposed:false
817 silly fetch manifest npm-normalize-package-bin@^3.0.0
818 silly packumentCache full:https://registry.npmjs.org/npm-normalize-package-bin cache-miss
819 http fetch GET 200 https://registry.npmjs.org/p-map 108ms (cache updated)
820 silly packumentCache full:https://registry.npmjs.org/p-map set size:undefined disposed:false
821 silly fetch manifest minizlib@^2.1.2
822 silly packumentCache full:https://registry.npmjs.org/minizlib cache-miss
823 http fetch GET 200 https://registry.npmjs.org/npm-normalize-package-bin 113ms (cache updated)
824 silly packumentCache full:https://registry.npmjs.org/npm-normalize-package-bin set size:undefined disposed:false
825 silly fetch manifest jsonparse@^1.3.1
826 silly packumentCache full:https://registry.npmjs.org/jsonparse cache-miss
827 http fetch GET 200 https://registry.npmjs.org/@npmcli%2fnode-gyp 131ms (cache updated)
828 silly packumentCache full:https://registry.npmjs.org/@npmcli%2fnode-gyp set size:undefined disposed:false
829 silly fetch manifest @npmcli/redact@^2.0.0
830 silly packumentCache full:https://registry.npmjs.org/@npmcli%2fredact cache-miss
831 http fetch GET 200 https://registry.npmjs.org/glob 133ms (cache updated)
832 silly packumentCache full:https://registry.npmjs.org/glob set size:undefined disposed:false
833 silly fetch manifest minipass-fetch@^3.0.0
834 silly packumentCache full:https://registry.npmjs.org/minipass-fetch cache-miss
835 http fetch GET 200 https://registry.npmjs.org/@npmcli%2ffs 136ms (cache updated)
836 silly packumentCache full:https://registry.npmjs.org/@npmcli%2ffs set size:undefined disposed:false
837 silly fetch manifest make-fetch-happen@^13.0.0
838 silly packumentCache full:https://registry.npmjs.org/make-fetch-happen cache-miss
839 http fetch GET 200 https://registry.npmjs.org/unique-filename 72ms (cache updated)
840 silly packumentCache full:https://registry.npmjs.org/unique-filename set size:undefined disposed:false
841 silly fetch manifest err-code@^2.0.2
842 silly packumentCache full:https://registry.npmjs.org/err-code cache-miss
843 http fetch GET 200 https://registry.npmjs.org/node-gyp 149ms (cache updated)
844 silly packumentCache full:https://registry.npmjs.org/node-gyp set size:undefined disposed:false
845 silly fetch manifest retry@^0.12.0
846 silly packumentCache full:https://registry.npmjs.org/retry cache-miss
847 http fetch GET 200 https://registry.npmjs.org/glob 153ms (cache updated)
848 silly packumentCache full:https://registry.npmjs.org/glob set size:undefined disposed:false
849 silly fetch manifest @sigstore/tuf@^2.3.4
850 silly packumentCache full:https://registry.npmjs.org/@sigstore%2ftuf cache-miss
851 http fetch GET 200 https://registry.npmjs.org/jsonparse 61ms (cache revalidated)
852 silly packumentCache full:https://registry.npmjs.org/jsonparse set size:15932 disposed:false
853 silly fetch manifest @sigstore/core@^1.0.0
854 silly packumentCache full:https://registry.npmjs.org/@sigstore%2fcore cache-miss
855 http fetch GET 200 https://registry.npmjs.org/ignore-walk 86ms (cache revalidated)
856 silly packumentCache full:https://registry.npmjs.org/ignore-walk set size:68355 disposed:false
857 silly fetch manifest @sigstore/sign@^2.3.2
858 silly packumentCache full:https://registry.npmjs.org/@sigstore%2fsign cache-miss
859 http fetch GET 200 https://registry.npmjs.org/npm-normalize-package-bin 70ms (cache revalidated)
860 silly packumentCache full:https://registry.npmjs.org/npm-normalize-package-bin set size:21797 disposed:false
861 silly fetch manifest @sigstore/bundle@^2.3.2
862 silly packumentCache full:https://registry.npmjs.org/@sigstore%2fbundle cache-miss
863 http fetch GET 200 https://registry.npmjs.org/minipass-pipeline 95ms (cache revalidated)
864 silly packumentCache full:https://registry.npmjs.org/minipass-pipeline set size:27941 disposed:false
865 silly fetch manifest @sigstore/verify@^1.2.1
866 silly packumentCache full:https://registry.npmjs.org/@sigstore%2fverify cache-miss
867 http fetch GET 200 https://registry.npmjs.org/minipass-collect 130ms (cache revalidated)
868 silly packumentCache full:https://registry.npmjs.org/minipass-collect set size:12471 disposed:false
869 silly fetch manifest @sigstore/protobuf-specs@^0.3.2
870 silly packumentCache full:https://registry.npmjs.org/@sigstore%2fprotobuf-specs cache-miss
871 http fetch GET 200 https://registry.npmjs.org/err-code 71ms (cache revalidated)
872 silly packumentCache full:https://registry.npmjs.org/err-code set size:29518 disposed:false
873 silly fetch manifest chownr@^2.0.0
874 silly packumentCache full:https://registry.npmjs.org/chownr cache-miss
875 http fetch GET 200 https://registry.npmjs.org/minizlib 103ms (cache revalidated)
876 silly packumentCache full:https://registry.npmjs.org/minizlib set size:62862 disposed:false
877 silly fetch manifest mkdirp@^1.0.3
878 silly packumentCache full:https://registry.npmjs.org/mkdirp cache-miss
879 http fetch GET 200 https://registry.npmjs.org/@npmcli%2fredact 86ms (cache updated)
880 silly packumentCache full:https://registry.npmjs.org/@npmcli%2fredact set size:undefined disposed:false
881 silly fetch manifest yallist@^4.0.0
882 silly packumentCache full:https://registry.npmjs.org/yallist cache-miss
883 http fetch GET 200 https://registry.npmjs.org/minipass-fetch 85ms (cache updated)
884 silly packumentCache full:https://registry.npmjs.org/minipass-fetch set size:undefined disposed:false
885 silly fetch manifest minipass@^5.0.0
886 silly packumentCache full:https://registry.npmjs.org/minipass cache-hit
887 silly fetch manifest minizlib@^2.1.1
888 silly packumentCache full:https://registry.npmjs.org/minizlib cache-hit
889 silly fetch manifest fs-minipass@^2.0.0
890 silly packumentCache full:https://registry.npmjs.org/fs-minipass cache-hit
891 http fetch GET 200 https://registry.npmjs.org/npm-install-checks 123ms (cache updated)
892 silly packumentCache full:https://registry.npmjs.org/npm-install-checks set size:undefined disposed:false
893 http fetch GET 200 https://registry.npmjs.org/@sigstore%2fcore 65ms (cache revalidated)
894 silly packumentCache full:https://registry.npmjs.org/@sigstore%2fcore set size:11787 disposed:false
895 http fetch GET 200 https://registry.npmjs.org/make-fetch-happen 101ms (cache updated)
896 silly packumentCache full:https://registry.npmjs.org/make-fetch-happen set size:undefined disposed:false
897 http fetch GET 200 https://registry.npmjs.org/retry 92ms (cache revalidated)
898 silly packumentCache full:https://registry.npmjs.org/retry set size:31161 disposed:false
899 http fetch GET 200 https://registry.npmjs.org/@sigstore%2ftuf 94ms (cache revalidated)
900 silly packumentCache full:https://registry.npmjs.org/@sigstore%2ftuf set size:35401 disposed:false
901 http fetch GET 200 https://registry.npmjs.org/@sigstore%2fbundle 93ms (cache revalidated)
902 silly packumentCache full:https://registry.npmjs.org/@sigstore%2fbundle set size:23167 disposed:false
903 http fetch GET 200 https://registry.npmjs.org/@sigstore%2fverify 90ms (cache revalidated)
904 silly packumentCache full:https://registry.npmjs.org/@sigstore%2fverify set size:20065 disposed:false
905 http fetch GET 200 https://registry.npmjs.org/chownr 63ms (cache revalidated)
906 silly packumentCache full:https://registry.npmjs.org/chownr set size:22157 disposed:false
907 http fetch GET 200 https://registry.npmjs.org/mkdirp 64ms (cache revalidated)
908 silly packumentCache full:https://registry.npmjs.org/mkdirp set size:116455 disposed:false
909 http fetch GET 200 https://registry.npmjs.org/yallist 61ms (cache revalidated)
910 silly packumentCache full:https://registry.npmjs.org/yallist set size:34610 disposed:false
911 http fetch GET 200 https://registry.npmjs.org/@sigstore%2fsign 106ms (cache revalidated)
912 silly packumentCache full:https://registry.npmjs.org/@sigstore%2fsign set size:35352 disposed:false
913 http fetch GET 200 https://registry.npmjs.org/@sigstore%2fprotobuf-specs 78ms (cache revalidated)
914 silly packumentCache full:https://registry.npmjs.org/@sigstore%2fprotobuf-specs set size:26034 disposed:false
915 silly placeDep ROOT ini@4.1.3 OK for: @npmcli/git@5.0.8 want: ^4.1.3
916 silly placeDep ROOT promise-inflight@1.0.1 OK for: @npmcli/git@5.0.8 want: ^1.0.1
917 silly placeDep ROOT npm-bundled@3.0.1 OK for: @npmcli/installed-package-contents@2.1.0 want: ^3.0.0
918 silly placeDep ROOT npm-normalize-package-bin@3.0.1 OK for: @npmcli/installed-package-contents@2.1.0 want: ^3.0.0
919 silly placeDep ROOT glob@10.5.0 OK for: @npmcli/package-json@5.2.1 want: ^10.2.2
920 silly placeDep ROOT json-parse-even-better-errors@3.0.2 OK for: @npmcli/package-json@5.2.1 want: ^3.0.0
921 silly placeDep ROOT normalize-package-data@6.0.2 OK for: @npmcli/package-json@5.2.1 want: ^6.0.0
922 silly fetch manifest jackspeak@^3.1.2
923 silly packumentCache full:https://registry.npmjs.org/jackspeak cache-miss
924 silly fetch manifest minimatch@^9.0.4
925 silly packumentCache full:https://registry.npmjs.org/minimatch cache-miss
926 silly fetch manifest path-scurry@^1.11.1
927 silly packumentCache full:https://registry.npmjs.org/path-scurry cache-miss
928 silly fetch manifest foreground-child@^3.1.0
929 silly packumentCache full:https://registry.npmjs.org/foreground-child cache-miss
930 silly fetch manifest package-json-from-dist@^1.0.0
931 silly packumentCache full:https://registry.npmjs.org/package-json-from-dist cache-miss
932 silly fetch manifest validate-npm-package-license@^3.0.4
933 silly packumentCache full:https://registry.npmjs.org/validate-npm-package-license cache-miss
934 http fetch GET 200 https://registry.npmjs.org/minimatch 91ms (cache revalidated)
935 silly packumentCache full:https://registry.npmjs.org/minimatch set size:303959 disposed:false
936 http fetch GET 200 https://registry.npmjs.org/validate-npm-package-license 96ms (cache revalidated)
937 silly packumentCache full:https://registry.npmjs.org/validate-npm-package-license set size:21821 disposed:false
938 http fetch GET 200 https://registry.npmjs.org/jackspeak 98ms (cache revalidated)
939 silly packumentCache full:https://registry.npmjs.org/jackspeak set size:189177 disposed:false
940 http fetch GET 200 https://registry.npmjs.org/package-json-from-dist 100ms (cache revalidated)
941 silly packumentCache full:https://registry.npmjs.org/package-json-from-dist set size:8854 disposed:false
942 http fetch GET 200 https://registry.npmjs.org/foreground-child 102ms (cache revalidated)
943 silly packumentCache full:https://registry.npmjs.org/foreground-child set size:59344 disposed:false
944 http fetch GET 200 https://registry.npmjs.org/path-scurry 107ms (cache updated)
945 silly packumentCache full:https://registry.npmjs.org/path-scurry set size:undefined disposed:false
946 silly placeDep ROOT @npmcli/node-gyp@3.0.0 OK for: @npmcli/run-script@8.1.0 want: ^3.0.0
947 silly placeDep ROOT node-gyp@10.3.1 OK for: @npmcli/run-script@8.1.0 want: ^10.0.0
948 silly fetch manifest nopt@^7.0.0
949 silly packumentCache full:https://registry.npmjs.org/nopt cache-miss
950 silly fetch manifest env-paths@^2.2.0
951 silly packumentCache full:https://registry.npmjs.org/env-paths cache-miss
952 silly fetch manifest exponential-backoff@^3.1.1
953 silly packumentCache full:https://registry.npmjs.org/exponential-backoff cache-miss
954 http fetch GET 200 https://registry.npmjs.org/env-paths 55ms (cache revalidated)
955 silly packumentCache full:https://registry.npmjs.org/env-paths set size:25456 disposed:false
956 http fetch GET 200 https://registry.npmjs.org/exponential-backoff 59ms (cache updated)
957 silly packumentCache full:https://registry.npmjs.org/exponential-backoff set size:undefined disposed:false
958 http fetch GET 200 https://registry.npmjs.org/nopt 73ms (cache updated)
959 silly packumentCache full:https://registry.npmjs.org/nopt set size:undefined disposed:false
960 silly placeDep ROOT @npmcli/fs@3.1.1 OK for: cacache@18.0.4 want: ^3.1.0
961 silly placeDep ROOT minipass-collect@2.0.1 OK for: cacache@18.0.4 want: ^2.0.1
962 silly placeDep ROOT minipass-flush@1.0.5 OK for: cacache@18.0.4 want: ^1.0.5
963 silly placeDep ROOT minipass-pipeline@1.2.4 OK for: cacache@18.0.4 want: ^1.2.4
964 silly placeDep ROOT p-map@4.0.0 OK for: cacache@18.0.4 want: ^4.0.0
965 silly placeDep ROOT unique-filename@3.0.0 OK for: cacache@18.0.4 want: ^3.0.0
966 silly fetch manifest minipass@^3.0.0
967 silly packumentCache full:https://registry.npmjs.org/minipass cache-hit
968 silly fetch manifest minipass@^3.0.0
969 silly packumentCache full:https://registry.npmjs.org/minipass cache-hit
970 silly fetch manifest aggregate-error@^3.0.0
971 silly packumentCache full:https://registry.npmjs.org/aggregate-error cache-miss
972 silly fetch manifest unique-slug@^4.0.0
973 silly packumentCache full:https://registry.npmjs.org/unique-slug cache-miss
974 http fetch GET 200 https://registry.npmjs.org/aggregate-error 46ms (cache revalidated)
975 silly packumentCache full:https://registry.npmjs.org/aggregate-error set size:29031 disposed:false
976 http fetch GET 200 https://registry.npmjs.org/unique-slug 70ms (cache updated)
977 silly packumentCache full:https://registry.npmjs.org/unique-slug set size:undefined disposed:false
978 silly placeDep ROOT foreground-child@3.3.1 OK for: glob@10.5.0 want: ^3.1.0
979 silly placeDep ROOT jackspeak@3.4.3 OK for: glob@10.5.0 want: ^3.1.2
980 silly placeDep ROOT minimatch@9.0.5 OK for: glob@10.5.0 want: ^9.0.4
981 silly placeDep ROOT package-json-from-dist@1.0.1 OK for: glob@10.5.0 want: ^1.0.0
982 silly placeDep ROOT path-scurry@1.11.1 OK for: glob@10.5.0 want: ^1.11.1
983 silly fetch manifest signal-exit@^4.0.1
984 silly packumentCache full:https://registry.npmjs.org/signal-exit cache-miss
985 silly fetch manifest @isaacs/cliui@^8.0.2
986 silly packumentCache full:https://registry.npmjs.org/@isaacs%2fcliui cache-miss
987 silly fetch manifest @pkgjs/parseargs@^0.11.0
988 silly packumentCache full:https://registry.npmjs.org/@pkgjs%2fparseargs cache-miss
989 silly fetch manifest brace-expansion@^2.0.1
990 silly packumentCache full:https://registry.npmjs.org/brace-expansion cache-miss
991 http fetch GET 200 https://registry.npmjs.org/brace-expansion 79ms (cache revalidated)
992 silly packumentCache full:https://registry.npmjs.org/brace-expansion set size:46250 disposed:false
993 http fetch GET 200 https://registry.npmjs.org/signal-exit 82ms (cache revalidated)
994 silly packumentCache full:https://registry.npmjs.org/signal-exit set size:53489 disposed:false
995 http fetch GET 200 https://registry.npmjs.org/@isaacs%2fcliui 91ms (cache revalidated)
996 silly packumentCache full:https://registry.npmjs.org/@isaacs%2fcliui set size:7676 disposed:false
997 http fetch GET 200 https://registry.npmjs.org/@pkgjs%2fparseargs 98ms (cache revalidated)
998 silly packumentCache full:https://registry.npmjs.org/@pkgjs%2fparseargs set size:51085 disposed:false
999 silly placeDep ROOT signal-exit@4.1.0 OK for: foreground-child@3.3.1 want: ^4.0.1
1000 silly placeDep ROOT @isaacs/cliui@8.0.2 OK for: jackspeak@3.4.3 want: ^8.0.2
1001 silly placeDep ROOT @pkgjs/parseargs@0.11.0 OK for: jackspeak@3.4.3 want: ^0.11.0
1002 silly fetch manifest string-width@^5.1.2
1003 silly packumentCache full:https://registry.npmjs.org/string-width cache-hit
1004 silly fetch manifest string-width-cjs@npm:string-width@^4.2.0
1005 silly packumentCache full:https://registry.npmjs.org/string-width cache-hit
1006 silly fetch manifest strip-ansi@^7.0.1
1007 silly packumentCache full:https://registry.npmjs.org/strip-ansi cache-hit
1008 silly fetch manifest strip-ansi-cjs@npm:strip-ansi@^6.0.1
1009 silly packumentCache full:https://registry.npmjs.org/strip-ansi cache-hit
1010 silly fetch manifest wrap-ansi@^8.1.0
1011 silly packumentCache full:https://registry.npmjs.org/wrap-ansi cache-hit
1012 silly fetch manifest wrap-ansi-cjs@npm:wrap-ansi@^7.0.0
1013 silly packumentCache full:https://registry.npmjs.org/wrap-ansi cache-hit
1014 silly placeDep node_modules/@isaacs/cliui string-width@5.1.2 OK for: @isaacs/cliui@8.0.2 want: ^5.1.2
1015 silly placeDep ROOT string-width-cjs@4.2.3 OK for: @isaacs/cliui@8.0.2 want: npm:string-width@^4.2.0
1016 silly placeDep node_modules/@isaacs/cliui strip-ansi@7.1.2 OK for: @isaacs/cliui@8.0.2 want: ^7.0.1
1017 silly placeDep ROOT strip-ansi-cjs@6.0.1 OK for: @isaacs/cliui@8.0.2 want: npm:strip-ansi@^6.0.1
1018 silly placeDep node_modules/@isaacs/cliui wrap-ansi@8.1.0 OK for: @isaacs/cliui@8.0.2 want: ^8.1.0
1019 silly placeDep ROOT wrap-ansi-cjs@7.0.0 OK for: @isaacs/cliui@8.0.2 want: npm:wrap-ansi@^7.0.0
1020 silly fetch manifest emoji-regex@^9.2.2
1021 silly packumentCache full:https://registry.npmjs.org/emoji-regex cache-miss
1022 silly fetch manifest eastasianwidth@^0.2.0
1023 silly packumentCache full:https://registry.npmjs.org/eastasianwidth cache-miss
1024 silly fetch manifest ansi-regex@^6.0.1
1025 silly packumentCache full:https://registry.npmjs.org/ansi-regex cache-hit
1026 silly fetch manifest ansi-styles@^6.1.0
1027 silly packumentCache full:https://registry.npmjs.org/ansi-styles cache-hit
1028 http fetch GET 200 https://registry.npmjs.org/emoji-regex 60ms (cache revalidated)
1029 silly packumentCache full:https://registry.npmjs.org/emoji-regex set size:89088 disposed:false
1030 http fetch GET 200 https://registry.npmjs.org/eastasianwidth 63ms (cache revalidated)
1031 silly packumentCache full:https://registry.npmjs.org/eastasianwidth set size:7890 disposed:false
1032 silly placeDep ROOT brace-expansion@2.0.2 OK for: minimatch@9.0.5 want: ^2.0.1
1033 silly fetch manifest balanced-match@^1.0.0
1034 silly packumentCache full:https://registry.npmjs.org/balanced-match cache-miss
1035 http fetch GET 200 https://registry.npmjs.org/balanced-match 75ms (cache revalidated)
1036 silly packumentCache full:https://registry.npmjs.org/balanced-match set size:33860 disposed:false
1037 silly placeDep ROOT balanced-match@1.0.2 OK for: brace-expansion@2.0.2 want: ^1.0.0
1038 silly placeDep node_modules/minipass-flush minipass@3.3.6 OK for: minipass-flush@1.0.5 want: ^3.0.0
1039 silly placeDep node_modules/minipass-pipeline minipass@3.3.6 OK for: minipass-pipeline@1.2.4 want: ^3.0.0
1040 silly placeDep ROOT env-paths@2.2.1 OK for: node-gyp@10.3.1 want: ^2.2.0
1041 silly placeDep ROOT exponential-backoff@3.1.3 OK for: node-gyp@10.3.1 want: ^3.1.1
1042 silly placeDep ROOT make-fetch-happen@13.0.1 OK for: node-gyp@10.3.1 want: ^13.0.0
1043 silly placeDep ROOT nopt@7.2.1 OK for: node-gyp@10.3.1 want: ^7.0.0
1044 silly fetch manifest is-lambda@^1.0.1
1045 silly packumentCache full:https://registry.npmjs.org/is-lambda cache-miss
1046 silly fetch manifest negotiator@^0.6.3
1047 silly packumentCache full:https://registry.npmjs.org/negotiator cache-miss
1048 silly fetch manifest @npmcli/agent@^2.0.0
1049 silly packumentCache full:https://registry.npmjs.org/@npmcli%2fagent cache-miss
1050 silly fetch manifest http-cache-semantics@^4.1.1
1051 silly packumentCache full:https://registry.npmjs.org/http-cache-semantics cache-miss
1052 silly fetch manifest abbrev@^2.0.0
1053 silly packumentCache full:https://registry.npmjs.org/abbrev cache-miss
1054 http fetch GET 200 https://registry.npmjs.org/http-cache-semantics 61ms (cache revalidated)
1055 silly packumentCache full:https://registry.npmjs.org/http-cache-semantics set size:66288 disposed:false
1056 http fetch GET 200 https://registry.npmjs.org/negotiator 65ms (cache revalidated)
1057 silly packumentCache full:https://registry.npmjs.org/negotiator set size:48046 disposed:false
1058 http fetch GET 200 https://registry.npmjs.org/is-lambda 82ms (cache revalidated)
1059 silly packumentCache full:https://registry.npmjs.org/is-lambda set size:4411 disposed:false
1060 http fetch GET 200 https://registry.npmjs.org/abbrev 88ms (cache updated)
1061 silly packumentCache full:https://registry.npmjs.org/abbrev set size:undefined disposed:false
1062 http fetch GET 200 https://registry.npmjs.org/@npmcli%2fagent 101ms (cache revalidated)
1063 silly packumentCache full:https://registry.npmjs.org/@npmcli%2fagent set size:28435 disposed:false
1064 silly placeDep ROOT @npmcli/agent@2.2.2 OK for: make-fetch-happen@13.0.1 want: ^2.0.0
1065 silly placeDep ROOT http-cache-semantics@4.2.0 OK for: make-fetch-happen@13.0.1 want: ^4.1.1
1066 silly placeDep ROOT is-lambda@1.0.1 OK for: make-fetch-happen@13.0.1 want: ^1.0.1
1067 silly placeDep ROOT minipass-fetch@3.0.5 OK for: make-fetch-happen@13.0.1 want: ^3.0.0
1068 silly placeDep ROOT negotiator@0.6.4 OK for: make-fetch-happen@13.0.1 want: ^0.6.3
1069 silly fetch manifest socks-proxy-agent@^8.0.3
1070 silly packumentCache full:https://registry.npmjs.org/socks-proxy-agent cache-miss
1071 silly fetch manifest minipass-sized@^1.0.3
1072 silly packumentCache full:https://registry.npmjs.org/minipass-sized cache-miss
1073 silly fetch manifest encoding@^0.1.13
1074 silly packumentCache full:https://registry.npmjs.org/encoding cache-miss
1075 http fetch GET 200 https://registry.npmjs.org/encoding 65ms (cache revalidated)
1076 silly packumentCache full:https://registry.npmjs.org/encoding set size:17833 disposed:false
1077 http fetch GET 200 https://registry.npmjs.org/minipass-sized 68ms (cache revalidated)
1078 silly packumentCache full:https://registry.npmjs.org/minipass-sized set size:12074 disposed:false
1079 http fetch GET 200 https://registry.npmjs.org/socks-proxy-agent 75ms (cache revalidated)
1080 silly packumentCache full:https://registry.npmjs.org/socks-proxy-agent set size:96838 disposed:false
1081 silly placeDep ROOT socks-proxy-agent@8.0.5 OK for: @npmcli/agent@2.2.2 want: ^8.0.3
1082 silly fetch manifest socks@^2.8.3
1083 silly packumentCache full:https://registry.npmjs.org/socks cache-miss
1084 http fetch GET 200 https://registry.npmjs.org/socks 44ms (cache revalidated)
1085 silly packumentCache full:https://registry.npmjs.org/socks set size:168523 disposed:false
1086 silly placeDep ROOT encoding@0.1.13 OK for: minipass-fetch@3.0.5 want: ^0.1.13
1087 silly placeDep ROOT minipass-sized@1.0.3 OK for: minipass-fetch@3.0.5 want: ^1.0.3
1088 silly placeDep ROOT minizlib@2.1.2 OK for: minipass-fetch@3.0.5 want: ^2.1.2
1089 silly fetch manifest iconv-lite@^0.6.2
1090 silly packumentCache full:https://registry.npmjs.org/iconv-lite cache-miss
1091 http fetch GET 200 https://registry.npmjs.org/iconv-lite 68ms (cache revalidated)
1092 silly packumentCache full:https://registry.npmjs.org/iconv-lite set size:118890 disposed:false
1093 silly placeDep ROOT iconv-lite@0.6.3 OK for: encoding@0.1.13 want: ^0.6.2
1094 silly fetch manifest safer-buffer@>= 2.1.2 < 3.0.0
1095 silly packumentCache full:https://registry.npmjs.org/safer-buffer cache-miss
1096 http fetch GET 200 https://registry.npmjs.org/safer-buffer 50ms (cache revalidated)
1097 silly packumentCache full:https://registry.npmjs.org/safer-buffer set size:18521 disposed:false
1098 silly placeDep ROOT safer-buffer@2.1.2 OK for: iconv-lite@0.6.3 want: >= 2.1.2 < 3.0.0
1099 silly placeDep node_modules/minipass-sized minipass@3.3.6 OK for: minipass-sized@1.0.3 want: ^3.0.0
1100 silly placeDep node_modules/minizlib minipass@3.3.6 OK for: minizlib@2.1.2 want: ^3.0.0
1101 silly placeDep ROOT yallist@4.0.0 OK for: minizlib@2.1.2 want: ^4.0.0
1102 silly placeDep ROOT abbrev@2.0.0 OK for: nopt@7.2.1 want: ^2.0.0
1103 silly placeDep ROOT validate-npm-package-license@3.0.4 OK for: normalize-package-data@6.0.2 want: ^3.0.4
1104 silly fetch manifest spdx-correct@^3.0.0
1105 silly packumentCache full:https://registry.npmjs.org/spdx-correct cache-miss
1106 silly fetch manifest spdx-expression-parse@^3.0.0
1107 silly packumentCache full:https://registry.npmjs.org/spdx-expression-parse cache-miss
1108 http fetch GET 200 https://registry.npmjs.org/spdx-correct 55ms (cache revalidated)
1109 silly packumentCache full:https://registry.npmjs.org/spdx-correct set size:38642 disposed:false
1110 http fetch GET 200 https://registry.npmjs.org/spdx-expression-parse 66ms (cache revalidated)
1111 silly packumentCache full:https://registry.npmjs.org/spdx-expression-parse set size:29500 disposed:false
1112 silly placeDep ROOT ignore-walk@6.0.5 OK for: npm-packlist@8.0.2 want: ^6.0.4
1113 silly placeDep ROOT npm-install-checks@6.3.0 OK for: npm-pick-manifest@9.1.0 want: ^6.0.0
1114 silly placeDep ROOT @npmcli/redact@2.0.1 OK for: npm-registry-fetch@17.1.0 want: ^2.0.0
1115 silly placeDep ROOT jsonparse@1.3.1 OK for: npm-registry-fetch@17.1.0 want: ^1.3.1
1116 silly placeDep ROOT aggregate-error@3.1.0 OK for: p-map@4.0.0 want: ^3.0.0
1117 silly fetch manifest clean-stack@^2.0.0
1118 silly packumentCache full:https://registry.npmjs.org/clean-stack cache-miss
1119 silly fetch manifest indent-string@^4.0.0
1120 silly packumentCache full:https://registry.npmjs.org/indent-string cache-miss
1121 http fetch GET 200 https://registry.npmjs.org/indent-string 65ms (cache revalidated)
1122 silly packumentCache full:https://registry.npmjs.org/indent-string set size:28547 disposed:false
1123 http fetch GET 200 https://registry.npmjs.org/clean-stack 73ms (cache updated)
1124 silly packumentCache full:https://registry.npmjs.org/clean-stack set size:undefined disposed:false
1125 silly placeDep ROOT clean-stack@2.2.0 OK for: aggregate-error@3.1.0 want: ^2.0.0
1126 silly placeDep ROOT indent-string@4.0.0 OK for: aggregate-error@3.1.0 want: ^4.0.0
1127 silly placeDep ROOT @jest/schemas@29.6.3 OK for: pretty-format@29.7.0 want: ^29.6.3
1128 silly placeDep node_modules/pretty-format ansi-styles@5.2.0 OK for: pretty-format@29.7.0 want: ^5.0.0
1129 silly placeDep ROOT react-is@18.3.1 OK for: pretty-format@29.7.0 want: ^18.0.0
1130 silly fetch manifest @sinclair/typebox@^0.27.8
1131 silly packumentCache full:https://registry.npmjs.org/@sinclair%2ftypebox cache-miss
1132 http fetch GET 200 https://registry.npmjs.org/@sinclair%2ftypebox 91ms (cache revalidated)
1133 silly packumentCache full:https://registry.npmjs.org/@sinclair%2ftypebox set size:1194553 disposed:false
1134 silly placeDep ROOT @sinclair/typebox@0.27.8 OK for: @jest/schemas@29.6.3 want: ^0.27.8
1135 silly placeDep ROOT colors@1.4.0 OK for: prettyjson@1.2.5 want: 1.4.0
1136 silly placeDep ROOT minimist@1.2.8 OK for: prettyjson@1.2.5 want: ^1.2.0
1137 silly placeDep ROOT err-code@2.0.3 OK for: promise-retry@2.0.1 want: ^2.0.2
1138 silly placeDep ROOT retry@0.12.0 OK for: promise-retry@2.0.1 want: ^0.12.0
1139 silly placeDep ROOT mute-stream@1.0.0 OK for: read@3.0.1 want: ^1.0.0
1140 silly placeDep ROOT queue-microtask@1.2.3 OK for: run-parallel@1.2.0 want: ^1.2.2
1141 silly placeDep ROOT shebang-regex@3.0.0 OK for: shebang-command@2.0.0 want: ^3.0.0
1142 silly placeDep ROOT @sigstore/bundle@2.3.2 OK for: sigstore@2.3.1 want: ^2.3.2
1143 silly placeDep ROOT @sigstore/core@1.1.0 OK for: sigstore@2.3.1 want: ^1.0.0
1144 silly placeDep ROOT @sigstore/protobuf-specs@0.3.3 OK for: sigstore@2.3.1 want: ^0.3.2
1145 silly placeDep ROOT @sigstore/sign@2.3.2 OK for: sigstore@2.3.1 want: ^2.3.2
1146 silly placeDep ROOT @sigstore/tuf@2.3.4 OK for: sigstore@2.3.1 want: ^2.3.4
1147 silly placeDep ROOT @sigstore/verify@1.2.1 OK for: sigstore@2.3.1 want: ^1.2.1
1148 silly fetch manifest tuf-js@^2.2.1
1149 silly packumentCache full:https://registry.npmjs.org/tuf-js cache-miss
1150 http fetch GET 200 https://registry.npmjs.org/tuf-js 60ms (cache revalidated)
1151 silly packumentCache full:https://registry.npmjs.org/tuf-js set size:63297 disposed:false
1152 silly placeDep ROOT tuf-js@2.2.1 OK for: @sigstore/tuf@2.3.4 want: ^2.2.1
1153 silly fetch manifest @tufjs/models@2.0.1
1154 silly packumentCache full:https://registry.npmjs.org/@tufjs%2fmodels cache-miss
1155 http fetch GET 200 https://registry.npmjs.org/@tufjs%2fmodels 85ms (cache revalidated)
1156 silly packumentCache full:https://registry.npmjs.org/@tufjs%2fmodels set size:27405 disposed:false
1157 silly placeDep ROOT socks@2.8.7 OK for: socks-proxy-agent@8.0.5 want: ^2.8.3
1158 silly fetch manifest ip-address@^10.0.1
1159 silly packumentCache full:https://registry.npmjs.org/ip-address cache-miss
1160 silly fetch manifest smart-buffer@^4.2.0
1161 silly packumentCache full:https://registry.npmjs.org/smart-buffer cache-miss
1162 http fetch GET 200 https://registry.npmjs.org/smart-buffer 73ms (cache revalidated)
1163 silly packumentCache full:https://registry.npmjs.org/smart-buffer set size:87065 disposed:false
1164 http fetch GET 200 https://registry.npmjs.org/ip-address 145ms (cache updated)
1165 silly packumentCache full:https://registry.npmjs.org/ip-address set size:undefined disposed:false
1166 silly placeDep ROOT ip-address@10.1.0 OK for: socks@2.8.7 want: ^10.0.1
1167 silly placeDep ROOT smart-buffer@4.2.0 OK for: socks@2.8.7 want: ^4.2.0
1168 silly placeDep node_modules/streamroller fs-extra@8.1.0 OK for: streamroller@3.1.5 want: ^8.1.0
1169 silly fetch manifest jsonfile@^4.0.0
1170 silly packumentCache full:https://registry.npmjs.org/jsonfile cache-hit
1171 silly fetch manifest universalify@^0.1.0
1172 silly packumentCache full:https://registry.npmjs.org/universalify cache-hit
1173 silly placeDep ROOT emoji-regex@8.0.0 OK for: string-width@4.2.3 want: ^8.0.0
1174 silly placeDep ROOT is-fullwidth-code-point@3.0.0 OK for: string-width@4.2.3 want: ^3.0.0
1175 silly placeDep ROOT ansi-regex@5.0.1 OK for: strip-ansi@6.0.1 want: ^5.0.1
1176 silly placeDep ROOT has-flag@4.0.0 OK for: supports-color@7.2.0 want: ^4.0.0
1177 silly placeDep ROOT chownr@2.0.0 OK for: tar@6.2.1 want: ^2.0.0
1178 silly placeDep node_modules/tar fs-minipass@2.1.0 OK for: tar@6.2.1 want: ^2.0.0
1179 silly placeDep node_modules/tar minipass@5.0.0 OK for: tar@6.2.1 want: ^5.0.0
1180 silly placeDep ROOT mkdirp@1.0.4 OK for: tar@6.2.1 want: ^1.0.3
1181 silly placeDep ROOT is-number@7.0.0 OK for: to-regex-range@5.0.1 want: ^7.0.0
1182 silly placeDep ROOT @tufjs/models@2.0.1 OK for: tuf-js@2.2.1 want: 2.0.1
1183 silly fetch manifest @tufjs/canonical-json@2.0.0
1184 silly packumentCache full:https://registry.npmjs.org/@tufjs%2fcanonical-json cache-miss
1185 http fetch GET 200 https://registry.npmjs.org/@tufjs%2fcanonical-json 60ms (cache revalidated)
1186 silly packumentCache full:https://registry.npmjs.org/@tufjs%2fcanonical-json set size:7336 disposed:false
1187 silly placeDep ROOT @tufjs/canonical-json@2.0.0 OK for: @tufjs/models@2.0.1 want: 2.0.0
1188 silly placeDep ROOT unique-slug@4.0.0 OK for: unique-filename@3.0.0 want: ^4.0.0
1189 silly fetch manifest imurmurhash@^0.1.4
1190 silly packumentCache full:https://registry.npmjs.org/imurmurhash cache-miss
1191 http fetch GET 200 https://registry.npmjs.org/imurmurhash 53ms (cache revalidated)
1192 silly packumentCache full:https://registry.npmjs.org/imurmurhash set size:35819 disposed:false
1193 silly placeDep ROOT imurmurhash@0.1.4 OK for: unique-slug@4.0.0 want: ^0.1.4
1194 silly placeDep ROOT spdx-correct@3.2.0 OK for: validate-npm-package-license@3.0.4 want: ^3.0.0
1195 silly placeDep ROOT spdx-expression-parse@3.0.1 OK for: validate-npm-package-license@3.0.4 want: ^3.0.0
1196 silly fetch manifest spdx-license-ids@^3.0.0
1197 silly packumentCache full:https://registry.npmjs.org/spdx-license-ids cache-miss
1198 silly fetch manifest spdx-exceptions@^2.1.0
1199 silly packumentCache full:https://registry.npmjs.org/spdx-exceptions cache-miss
1200 silly fetch manifest spdx-license-ids@^3.0.0
1201 silly packumentCache full:https://registry.npmjs.org/spdx-license-ids cache-miss
1202 http fetch GET 200 https://registry.npmjs.org/spdx-exceptions 65ms (cache revalidated)
1203 silly packumentCache full:https://registry.npmjs.org/spdx-exceptions set size:21227 disposed:false
1204 http fetch GET 200 https://registry.npmjs.org/spdx-license-ids 78ms (cache revalidated)
1205 silly packumentCache full:https://registry.npmjs.org/spdx-license-ids set size:79959 disposed:false
1206 http fetch GET 200 https://registry.npmjs.org/spdx-license-ids 82ms (cache revalidated)
1207 silly packumentCache full:https://registry.npmjs.org/spdx-license-ids set size:79959 disposed:false
1208 silly packumentCache full:https://registry.npmjs.org/spdx-license-ids dispose
1209 silly placeDep ROOT spdx-license-ids@3.0.22 OK for: spdx-correct@3.2.0 want: ^3.0.0
1210 silly placeDep ROOT spdx-exceptions@2.5.0 OK for: spdx-expression-parse@3.0.1 want: ^2.1.0
1211 silly placeDep ROOT isexe@3.1.1 OK for: which@4.0.0 want: ^3.1.1
1212 silly placeDep node_modules/winston @colors/colors@1.6.0 OK for: winston@3.18.3 want: ^1.6.0
1213 silly placeDep ROOT @dabh/diagnostics@2.0.8 OK for: winston@3.18.3 want: ^2.0.8
1214 silly placeDep ROOT async@3.2.6 OK for: winston@3.18.3 want: ^3.2.3
1215 silly placeDep ROOT is-stream@2.0.1 OK for: winston@3.18.3 want: ^2.0.0
1216 silly placeDep ROOT logform@2.7.0 OK for: winston@3.18.3 want: ^2.7.0
1217 silly placeDep ROOT one-time@1.0.0 OK for: winston@3.18.3 want: ^1.0.0
1218 silly placeDep ROOT readable-stream@3.6.2 OK for: winston@3.18.3 want: ^3.4.0
1219 silly placeDep ROOT safe-stable-stringify@2.5.0 OK for: winston@3.18.3 want: ^2.3.1
1220 silly placeDep ROOT triple-beam@1.4.1 OK for: winston@3.18.3 want: ^1.3.0
1221 silly placeDep ROOT winston-transport@4.9.0 OK for: winston@3.18.3 want: ^4.9.0
1222 silly fetch manifest @so-ric/colorspace@^1.1.6
1223 silly packumentCache full:https://registry.npmjs.org/@so-ric%2fcolorspace cache-miss
1224 silly fetch manifest enabled@2.0.x
1225 silly packumentCache full:https://registry.npmjs.org/enabled cache-miss
1226 silly fetch manifest kuler@^2.0.0
1227 silly packumentCache full:https://registry.npmjs.org/kuler cache-miss
1228 silly fetch manifest @colors/colors@1.6.0
1229 silly packumentCache full:https://registry.npmjs.org/@colors%2fcolors cache-hit
1230 silly fetch manifest @types/triple-beam@^1.3.2
1231 silly packumentCache full:https://registry.npmjs.org/@types%2ftriple-beam cache-miss
1232 silly fetch manifest fecha@^4.2.0
1233 silly packumentCache full:https://registry.npmjs.org/fecha cache-miss
1234 silly fetch manifest fn.name@1.x.x
1235 silly packumentCache full:https://registry.npmjs.org/fn.name cache-miss
1236 silly fetch manifest inherits@^2.0.3
1237 silly packumentCache full:https://registry.npmjs.org/inherits cache-miss
1238 silly fetch manifest string_decoder@^1.1.1
1239 silly packumentCache full:https://registry.npmjs.org/string_decoder cache-miss
1240 silly fetch manifest util-deprecate@^1.0.1
1241 silly packumentCache full:https://registry.npmjs.org/util-deprecate cache-miss
1242 http fetch GET 200 https://registry.npmjs.org/inherits 63ms (cache revalidated)
1243 silly packumentCache full:https://registry.npmjs.org/inherits set size:12925 disposed:false
1244 http fetch GET 200 https://registry.npmjs.org/fecha 78ms (cache revalidated)
1245 silly packumentCache full:https://registry.npmjs.org/fecha set size:86792 disposed:false
1246 http fetch GET 200 https://registry.npmjs.org/kuler 80ms (cache revalidated)
1247 silly packumentCache full:https://registry.npmjs.org/kuler set size:10079 disposed:false
1248 http fetch GET 200 https://registry.npmjs.org/fn.name 79ms (cache revalidated)
1249 silly packumentCache full:https://registry.npmjs.org/fn.name set size:7638 disposed:false
1250 http fetch GET 200 https://registry.npmjs.org/util-deprecate 82ms (cache revalidated)
1251 silly packumentCache full:https://registry.npmjs.org/util-deprecate set size:6674 disposed:false
1252 http fetch GET 200 https://registry.npmjs.org/string_decoder 85ms (cache revalidated)
1253 silly packumentCache full:https://registry.npmjs.org/string_decoder set size:28441 disposed:false
1254 http fetch GET 200 https://registry.npmjs.org/@types%2ftriple-beam 94ms (cache revalidated)
1255 silly packumentCache full:https://registry.npmjs.org/@types%2ftriple-beam set size:12646 disposed:false
1256 http fetch GET 200 https://registry.npmjs.org/enabled 96ms (cache revalidated)
1257 silly packumentCache full:https://registry.npmjs.org/enabled set size:8263 disposed:false
1258 http fetch GET 200 https://registry.npmjs.org/@so-ric%2fcolorspace 101ms (cache revalidated)
1259 silly packumentCache full:https://registry.npmjs.org/@so-ric%2fcolorspace set size:7005 disposed:false
1260 silly placeDep ROOT @so-ric/colorspace@1.1.6 OK for: @dabh/diagnostics@2.0.8 want: ^1.1.6
1261 silly placeDep ROOT enabled@2.0.0 OK for: @dabh/diagnostics@2.0.8 want: 2.0.x
1262 silly placeDep ROOT kuler@2.0.0 OK for: @dabh/diagnostics@2.0.8 want: ^2.0.0
1263 silly fetch manifest color@^5.0.2
1264 silly packumentCache full:https://registry.npmjs.org/color cache-miss
1265 silly fetch manifest text-hex@1.0.x
1266 silly packumentCache full:https://registry.npmjs.org/text-hex cache-miss
1267 http fetch GET 200 https://registry.npmjs.org/text-hex 77ms (cache revalidated)
1268 silly packumentCache full:https://registry.npmjs.org/text-hex set size:4528 disposed:false
1269 http fetch GET 200 https://registry.npmjs.org/color 81ms (cache updated)
1270 silly packumentCache full:https://registry.npmjs.org/color set size:undefined disposed:false
1271 silly placeDep ROOT color@5.0.3 OK for: @so-ric/colorspace@1.1.6 want: ^5.0.2
1272 silly placeDep ROOT text-hex@1.0.0 OK for: @so-ric/colorspace@1.1.6 want: 1.0.x
1273 silly fetch manifest color-convert@^3.1.3
1274 silly packumentCache full:https://registry.npmjs.org/color-convert cache-miss
1275 silly fetch manifest color-string@^2.1.3
1276 silly packumentCache full:https://registry.npmjs.org/color-string cache-miss
1277 http fetch GET 200 https://registry.npmjs.org/color-convert 63ms (cache revalidated)
1278 silly packumentCache full:https://registry.npmjs.org/color-convert set size:72663 disposed:false
1279 http fetch GET 200 https://registry.npmjs.org/color-string 72ms (cache updated)
1280 silly packumentCache full:https://registry.npmjs.org/color-string set size:undefined disposed:false
1281 silly placeDep node_modules/color color-convert@3.1.3 OK for: color@5.0.3 want: ^3.1.3
1282 silly placeDep ROOT color-string@2.1.4 OK for: color@5.0.3 want: ^2.1.3
1283 silly fetch manifest color-name@^2.0.0
1284 silly packumentCache full:https://registry.npmjs.org/color-name cache-miss
1285 silly fetch manifest color-name@^2.0.0
1286 silly packumentCache full:https://registry.npmjs.org/color-name cache-miss
1287 http fetch GET 200 https://registry.npmjs.org/color-name 53ms (cache revalidated)
1288 silly packumentCache full:https://registry.npmjs.org/color-name set size:19467 disposed:false
1289 http fetch GET 200 https://registry.npmjs.org/color-name 61ms (cache revalidated)
1290 silly packumentCache full:https://registry.npmjs.org/color-name set size:19467 disposed:false
1291 silly packumentCache full:https://registry.npmjs.org/color-name dispose
1292 silly placeDep node_modules/color-string color-name@2.1.0 OK for: color-string@2.1.4 want: ^2.0.0
1293 silly placeDep node_modules/logform @colors/colors@1.6.0 OK for: logform@2.7.0 want: 1.6.0
1294 silly placeDep ROOT @types/triple-beam@1.3.5 OK for: logform@2.7.0 want: ^1.3.2
1295 silly placeDep ROOT fecha@4.2.3 OK for: logform@2.7.0 want: ^4.2.0
1296 silly placeDep ROOT fn.name@1.1.0 OK for: one-time@1.0.0 want: 1.x.x
1297 silly placeDep ROOT inherits@2.0.4 OK for: readable-stream@3.6.2 want: ^2.0.3
1298 silly placeDep ROOT string_decoder@1.3.0 OK for: readable-stream@3.6.2 want: ^1.1.1
1299 silly placeDep ROOT util-deprecate@1.0.2 OK for: readable-stream@3.6.2 want: ^1.0.1
1300 silly fetch manifest safe-buffer@~5.2.0
1301 silly packumentCache full:https://registry.npmjs.org/safe-buffer cache-miss
1302 http fetch GET 200 https://registry.npmjs.org/safe-buffer 58ms (cache revalidated)
1303 silly packumentCache full:https://registry.npmjs.org/safe-buffer set size:41183 disposed:false
1304 silly placeDep ROOT safe-buffer@5.2.1 OK for: string_decoder@1.3.0 want: ~5.2.0
1305 silly placeDep ROOT underscore@1.13.7 OK for: wontache@0.1.0 want: ^1.13.0-2
1306 silly placeDep ROOT cliui@8.0.1 OK for: yargs@17.7.2 want: ^8.0.1
1307 silly placeDep ROOT escalade@3.2.0 OK for: yargs@17.7.2 want: ^3.1.1
1308 silly placeDep ROOT get-caller-file@2.0.5 OK for: yargs@17.7.2 want: ^2.0.5
1309 silly placeDep ROOT require-directory@2.1.1 OK for: yargs@17.7.2 want: ^2.1.1
1310 silly placeDep ROOT y18n@5.0.8 OK for: yargs@17.7.2 want: ^5.0.5
1311 silly placeDep ROOT yargs-parser@21.1.1 OK for: yargs@17.7.2 want: ^21.1.1
1312 silly placeDep ROOT eastasianwidth@0.2.0 OK for: string-width@5.1.2 want: ^0.2.0
1313 silly placeDep node_modules/@isaacs/cliui emoji-regex@9.2.2 OK for: string-width@5.1.2 want: ^9.2.2
1314 silly placeDep node_modules/@isaacs/cliui ansi-regex@6.2.2 OK for: strip-ansi@7.1.2 want: ^6.0.1
1315 silly placeDep node_modules/@isaacs/cliui ansi-styles@6.2.3 OK for: wrap-ansi@8.1.0 want: ^6.1.0
1316 silly placeDep node_modules/color color-name@2.1.0 OK for: color-convert@3.1.3 want: ^2.0.0
1317 silly placeDep node_modules/cross-spawn isexe@2.0.0 OK for: which@2.0.2 want: ^2.0.0
1318 silly placeDep node_modules/streamroller jsonfile@4.0.0 OK for: fs-extra@8.1.0 want: ^4.0.0
1319 silly placeDep node_modules/streamroller universalify@0.1.2 OK for: fs-extra@8.1.0 want: ^0.1.0
1320 silly placeDep node_modules/tar/node_modules/fs-minipass minipass@3.3.6 OK for: fs-minipass@2.1.0 want: ^3.0.0
1321 silly reify mark retired [
1321 silly reify   'C:\\Users\\NicholasChien\\Documents\\VSCode4z-InstantPack-work\\npm-cache\\npm-tmp\\node_modules\\@zowe\\cli',
1321 silly reify   'C:\\Users\\NicholasChien\\Documents\\VSCode4z-InstantPack-work\\npm-cache\\npm-tmp\\node_modules\\.bin\\zowe',
1321 silly reify   'C:\\Users\\NicholasChien\\Documents\\VSCode4z-InstantPack-work\\npm-cache\\npm-tmp\\node_modules\\.bin\\zowe.cmd',
1321 silly reify   'C:\\Users\\NicholasChien\\Documents\\VSCode4z-InstantPack-work\\npm-cache\\npm-tmp\\node_modules\\.bin\\zowe.ps1'
1321 silly reify ]
1322 silly reify moves {
1322 silly reify   'C:\\Users\\NicholasChien\\Documents\\VSCode4z-InstantPack-work\\npm-cache\\npm-tmp\\node_modules\\@zowe\\cli': 'C:\\Users\\NicholasChien\\Documents\\VSCode4z-InstantPack-work\\npm-cache\\npm-tmp\\node_modules\\@zowe\\.cli-hwug6O4h',
1322 silly reify   'C:\\Users\\NicholasChien\\Documents\\VSCode4z-InstantPack-work\\npm-cache\\npm-tmp\\node_modules\\.bin\\zowe': 'C:\\Users\\NicholasChien\\Documents\\VSCode4z-InstantPack-work\\npm-cache\\npm-tmp\\node_modules\\.bin\\.zowe-mO91Drmd',
1322 silly reify   'C:\\Users\\NicholasChien\\Documents\\VSCode4z-InstantPack-work\\npm-cache\\npm-tmp\\node_modules\\.bin\\zowe.cmd': 'C:\\Users\\NicholasChien\\Documents\\VSCode4z-InstantPack-work\\npm-cache\\npm-tmp\\node_modules\\.bin\\.zowe.cmd-1qBTq6F9',
1322 silly reify   'C:\\Users\\NicholasChien\\Documents\\VSCode4z-InstantPack-work\\npm-cache\\npm-tmp\\node_modules\\.bin\\zowe.ps1': 'C:\\Users\\NicholasChien\\Documents\\VSCode4z-InstantPack-work\\npm-cache\\npm-tmp\\node_modules\\.bin\\.zowe.ps1-NWrxFzRU'
1322 silly reify }
1323 http fetch GET 200 https://registry.npmjs.org/@zowe/cics-for-zowe-cli/-/cics-for-zowe-cli-6.13.0.tgz 1392ms (cache revalidated)
1324 silly packumentCache corgi:https://registry.npmjs.org/xml2js cache-miss
1325 silly packumentCache corgi:https://registry.npmjs.org/sax cache-miss
1326 silly packumentCache corgi:https://registry.npmjs.org/xmlbuilder cache-miss
1327 http fetch GET 200 https://registry.npmjs.org/color-string/-/color-string-2.1.4.tgz 834ms (cache miss)
1328 http fetch GET 200 https://registry.npmjs.org/color-name/-/color-name-2.1.0.tgz 806ms (cache miss)
1329 http fetch GET 200 https://registry.npmjs.org/exponential-backoff/-/exponential-backoff-3.1.3.tgz 826ms (cache miss)
1330 http fetch GET 200 https://registry.npmjs.org/color-convert/-/color-convert-3.1.3.tgz 811ms (cache miss)
1331 http fetch GET 200 https://registry.npmjs.org/get-caller-file/-/get-caller-file-2.0.5.tgz 847ms (cache revalidated)
1332 http fetch GET 200 https://registry.npmjs.org/yargs-parser/-/yargs-parser-21.1.1.tgz 849ms (cache revalidated)
1333 http fetch GET 200 https://registry.npmjs.org/cliui/-/cliui-8.0.1.tgz 849ms (cache revalidated)
1334 http fetch GET 200 https://registry.npmjs.org/eastasianwidth/-/eastasianwidth-0.2.0.tgz 849ms (cache revalidated)
1335 http fetch GET 200 https://registry.npmjs.org/y18n/-/y18n-5.0.8.tgz 851ms (cache revalidated)
1336 http fetch GET 200 https://registry.npmjs.org/fecha/-/fecha-4.2.3.tgz 849ms (cache revalidated)
1337 http fetch GET 200 https://registry.npmjs.org/require-directory/-/require-directory-2.1.1.tgz 852ms (cache revalidated)
1338 http fetch GET 200 https://registry.npmjs.org/kuler/-/kuler-2.0.0.tgz 850ms (cache revalidated)
1339 http fetch GET 200 https://registry.npmjs.org/util-deprecate/-/util-deprecate-1.0.2.tgz 853ms (cache revalidated)
1340 http fetch GET 200 https://registry.npmjs.org/color-name/-/color-name-2.1.0.tgz 821ms (cache miss)
1341 http fetch GET 200 https://registry.npmjs.org/text-hex/-/text-hex-1.0.0.tgz 851ms (cache revalidated)
1342 http fetch GET 200 https://registry.npmjs.org/escalade/-/escalade-3.2.0.tgz 853ms (cache revalidated)
1343 http fetch GET 200 https://registry.npmjs.org/underscore/-/underscore-1.13.7.tgz 864ms (cache revalidated)
1344 http fetch GET 200 https://registry.npmjs.org/color/-/color-5.0.3.tgz 864ms (cache miss)
1345 http fetch GET 200 https://registry.npmjs.org/readable-stream/-/readable-stream-3.6.2.tgz 886ms (cache revalidated)
1346 http fetch GET 200 https://registry.npmjs.org/string_decoder/-/string_decoder-1.3.0.tgz 889ms (cache revalidated)
1347 http fetch GET 200 https://registry.npmjs.org/async/-/async-3.2.6.tgz 893ms (cache revalidated)
1348 http fetch GET 200 https://registry.npmjs.org/triple-beam/-/triple-beam-1.4.1.tgz 893ms (cache revalidated)
1349 http fetch GET 200 https://registry.npmjs.org/@types/yargs/-/yargs-17.0.35.tgz 891ms (cache miss)
1350 http fetch GET 200 https://registry.npmjs.org/inherits/-/inherits-2.0.4.tgz 927ms (cache revalidated)
1351 http fetch GET 200 https://registry.npmjs.org/winston-transport/-/winston-transport-4.9.0.tgz 927ms (cache revalidated)
1352 http fetch GET 200 https://registry.npmjs.org/safe-stable-stringify/-/safe-stable-stringify-2.5.0.tgz 927ms (cache revalidated)
1353 http fetch GET 200 https://registry.npmjs.org/one-time/-/one-time-1.0.0.tgz 927ms (cache revalidated)
1354 http fetch GET 200 https://registry.npmjs.org/isexe/-/isexe-3.1.1.tgz 926ms (cache revalidated)
1355 http fetch GET 200 https://registry.npmjs.org/enabled/-/enabled-2.0.0.tgz 929ms (cache revalidated)
1356 http fetch GET 200 https://registry.npmjs.org/logform/-/logform-2.7.0.tgz 928ms (cache revalidated)
1357 http fetch GET 200 https://registry.npmjs.org/safe-buffer/-/safe-buffer-5.2.1.tgz 934ms (cache revalidated)
1358 http fetch GET 200 https://registry.npmjs.org/is-stream/-/is-stream-2.0.1.tgz 938ms (cache revalidated)
1359 http fetch GET 200 https://registry.npmjs.org/@tufjs/canonical-json/-/canonical-json-2.0.0.tgz 959ms (cache revalidated)
1360 http fetch GET 200 https://registry.npmjs.org/spdx-license-ids/-/spdx-license-ids-3.0.22.tgz 977ms (cache revalidated)
1361 http fetch GET 200 https://registry.npmjs.org/fn.name/-/fn.name-1.1.0.tgz 986ms (cache revalidated)
1362 http fetch GET 200 https://registry.npmjs.org/chownr/-/chownr-2.0.0.tgz 981ms (cache revalidated)
1363 http fetch GET 200 https://registry.npmjs.org/smart-buffer/-/smart-buffer-4.2.0.tgz 982ms (cache revalidated)
1364 http fetch GET 200 https://registry.npmjs.org/imurmurhash/-/imurmurhash-0.1.4.tgz 984ms (cache revalidated)
1365 http fetch GET 200 https://registry.npmjs.org/mkdirp/-/mkdirp-1.0.4.tgz 985ms (cache revalidated)
1366 http fetch GET 200 https://registry.npmjs.org/@types/triple-beam/-/triple-beam-1.3.5.tgz 994ms (cache revalidated)
1367 http fetch GET 200 https://registry.npmjs.org/spdx-exceptions/-/spdx-exceptions-2.5.0.tgz 991ms (cache revalidated)
1368 http fetch GET 200 https://registry.npmjs.org/@so-ric/colorspace/-/colorspace-1.1.6.tgz 995ms (cache revalidated)
1369 http fetch GET 200 https://registry.npmjs.org/shebang-regex/-/shebang-regex-3.0.0.tgz 997ms (cache revalidated)
1370 http fetch GET 200 https://registry.npmjs.org/unique-slug/-/unique-slug-4.0.0.tgz 999ms (cache revalidated)
1371 http fetch GET 200 https://registry.npmjs.org/is-number/-/is-number-7.0.0.tgz 1000ms (cache revalidated)
1372 http fetch GET 200 https://registry.npmjs.org/@dabh/diagnostics/-/diagnostics-2.0.8.tgz 1003ms (cache revalidated)
1373 http fetch GET 200 https://registry.npmjs.org/ansi-regex/-/ansi-regex-5.0.1.tgz 1011ms (cache revalidated)
1374 http fetch GET 200 https://registry.npmjs.org/queue-microtask/-/queue-microtask-1.2.3.tgz 1048ms (cache revalidated)
1375 http fetch GET 200 https://registry.npmjs.org/socks/-/socks-2.8.7.tgz 1057ms (cache revalidated)
1376 http fetch GET 200 https://registry.npmjs.org/err-code/-/err-code-2.0.3.tgz 1055ms (cache revalidated)
1377 http fetch GET 200 https://registry.npmjs.org/is-fullwidth-code-point/-/is-fullwidth-code-point-3.0.0.tgz 1060ms (cache revalidated)
1378 http fetch GET 200 https://registry.npmjs.org/spdx-correct/-/spdx-correct-3.2.0.tgz 1062ms (cache revalidated)
1379 http fetch GET 200 https://registry.npmjs.org/has-flag/-/has-flag-4.0.0.tgz 1061ms (cache revalidated)
1380 http fetch GET 200 https://registry.npmjs.org/mute-stream/-/mute-stream-1.0.0.tgz 1063ms (cache revalidated)
1381 http fetch GET 200 https://registry.npmjs.org/tuf-js/-/tuf-js-2.2.1.tgz 1066ms (cache revalidated)
1382 http fetch GET 200 https://registry.npmjs.org/retry/-/retry-0.12.0.tgz 1076ms (cache revalidated)
1383 http fetch GET 200 https://registry.npmjs.org/@sigstore/core/-/core-1.1.0.tgz 1092ms (cache revalidated)
1384 http fetch GET 200 https://registry.npmjs.org/@sinclair/typebox/-/typebox-0.27.8.tgz 1093ms (cache revalidated)
1385 http fetch GET 200 https://registry.npmjs.org/emoji-regex/-/emoji-regex-8.0.0.tgz 1111ms (cache revalidated)
1386 http fetch GET 200 https://registry.npmjs.org/@sigstore/sign/-/sign-2.3.2.tgz 1111ms (cache revalidated)
1387 http fetch GET 200 https://registry.npmjs.org/@sigstore/tuf/-/tuf-2.3.4.tgz 1112ms (cache revalidated)
1388 http fetch GET 200 https://registry.npmjs.org/aggregate-error/-/aggregate-error-3.1.0.tgz 1118ms (cache revalidated)
1389 http fetch GET 200 https://registry.npmjs.org/react-is/-/react-is-18.3.1.tgz 1120ms (cache revalidated)
1390 http fetch GET 200 https://registry.npmjs.org/spdx-expression-parse/-/spdx-expression-parse-3.0.1.tgz 1134ms (cache revalidated)
1391 http fetch GET 200 https://registry.npmjs.org/colors/-/colors-1.4.0.tgz 1131ms (cache revalidated)
1392 http fetch GET 200 https://registry.npmjs.org/jsonparse/-/jsonparse-1.3.1.tgz 1132ms (cache revalidated)
1393 http fetch GET 200 https://registry.npmjs.org/yallist/-/yallist-4.0.0.tgz 1136ms (cache revalidated)
1394 http fetch GET 200 https://registry.npmjs.org/@jest/schemas/-/schemas-29.6.3.tgz 1138ms (cache revalidated)
1395 http fetch GET 200 https://registry.npmjs.org/indent-string/-/indent-string-4.0.0.tgz 1147ms (cache revalidated)
1396 http fetch GET 200 https://registry.npmjs.org/clean-stack/-/clean-stack-2.2.0.tgz 1158ms (cache revalidated)
1397 http fetch GET 200 https://registry.npmjs.org/abbrev/-/abbrev-2.0.0.tgz 1160ms (cache revalidated)
1398 http fetch GET 200 https://registry.npmjs.org/safer-buffer/-/safer-buffer-2.1.2.tgz 1170ms (cache revalidated)
1399 http fetch GET 200 https://registry.npmjs.org/minimist/-/minimist-1.2.8.tgz 1181ms (cache revalidated)
1400 http fetch GET 200 https://registry.npmjs.org/encoding/-/encoding-0.1.13.tgz 1187ms (cache revalidated)
1401 http fetch GET 200 https://registry.npmjs.org/@npmcli/redact/-/redact-2.0.1.tgz 1189ms (cache revalidated)
1402 http fetch GET 200 https://registry.npmjs.org/is-lambda/-/is-lambda-1.0.1.tgz 1188ms (cache revalidated)
1403 http fetch GET 200 https://registry.npmjs.org/iconv-lite/-/iconv-lite-0.6.3.tgz 1191ms (cache revalidated)
1404 http fetch GET 200 https://registry.npmjs.org/minizlib/-/minizlib-2.1.2.tgz 1192ms (cache revalidated)
1405 http fetch GET 200 https://registry.npmjs.org/minipass-sized/-/minipass-sized-1.0.3.tgz 1196ms (cache revalidated)
1406 http fetch GET 200 https://registry.npmjs.org/minipass-fetch/-/minipass-fetch-3.0.5.tgz 1195ms (cache revalidated)
1407 http fetch GET 200 https://registry.npmjs.org/npm-install-checks/-/npm-install-checks-6.3.0.tgz 1207ms (cache revalidated)
1408 http fetch GET 200 https://registry.npmjs.org/nopt/-/nopt-7.2.1.tgz 1205ms (cache revalidated)
1409 http fetch GET 200 https://registry.npmjs.org/ignore-walk/-/ignore-walk-6.0.5.tgz 1218ms (cache revalidated)
1410 http fetch GET 200 https://registry.npmjs.org/socks-proxy-agent/-/socks-proxy-agent-8.0.5.tgz 1266ms (cache revalidated)
1411 http fetch GET 200 https://registry.npmjs.org/negotiator/-/negotiator-0.6.4.tgz 1269ms (cache revalidated)
1412 http fetch GET 200 https://registry.npmjs.org/wrap-ansi/-/wrap-ansi-7.0.0.tgz 1270ms (cache revalidated)
1413 http fetch GET 200 https://registry.npmjs.org/@isaacs/cliui/-/cliui-8.0.2.tgz 1275ms (cache revalidated)
1414 http fetch GET 200 https://registry.npmjs.org/validate-npm-package-license/-/validate-npm-package-license-3.0.4.tgz 1291ms (cache revalidated)
1415 http fetch GET 200 https://registry.npmjs.org/string-width/-/string-width-4.2.3.tgz 1290ms (cache revalidated)
1416 http fetch GET 200 https://registry.npmjs.org/brace-expansion/-/brace-expansion-2.0.2.tgz 1300ms (cache revalidated)
1417 http fetch GET 200 https://registry.npmjs.org/path-scurry/-/path-scurry-1.11.1.tgz 1305ms (cache revalidated)
1418 http fetch GET 200 https://registry.npmjs.org/balanced-match/-/balanced-match-1.0.2.tgz 1307ms (cache revalidated)
1419 http fetch GET 200 https://registry.npmjs.org/env-paths/-/env-paths-2.2.1.tgz 1313ms (cache revalidated)
1420 http fetch GET 200 https://registry.npmjs.org/make-fetch-happen/-/make-fetch-happen-13.0.1.tgz 1337ms (cache revalidated)
1421 http fetch GET 200 https://registry.npmjs.org/signal-exit/-/signal-exit-4.1.0.tgz 1337ms (cache revalidated)
1422 http fetch GET 200 https://registry.npmjs.org/@sigstore/protobuf-specs/-/protobuf-specs-0.3.3.tgz 1344ms (cache revalidated)
1423 http fetch GET 200 https://registry.npmjs.org/unique-filename/-/unique-filename-3.0.0.tgz 1339ms (cache revalidated)
1424 http fetch GET 200 https://registry.npmjs.org/http-cache-semantics/-/http-cache-semantics-4.2.0.tgz 1343ms (cache revalidated)
1425 http fetch GET 200 https://registry.npmjs.org/@npmcli/fs/-/fs-3.1.1.tgz 1364ms (cache revalidated)
1426 http fetch GET 200 https://registry.npmjs.org/minimatch/-/minimatch-9.0.5.tgz 1367ms (cache revalidated)
1427 http fetch GET 200 https://registry.npmjs.org/@npmcli/agent/-/agent-2.2.2.tgz 1375ms (cache revalidated)
1428 http fetch GET 200 https://registry.npmjs.org/@pkgjs/parseargs/-/parseargs-0.11.0.tgz 1374ms (cache revalidated)
1429 http fetch GET 200 https://registry.npmjs.org/strip-ansi/-/strip-ansi-6.0.1.tgz 1378ms (cache revalidated)
1430 http fetch GET 200 https://registry.npmjs.org/jackspeak/-/jackspeak-3.4.3.tgz 1379ms (cache revalidated)
1431 http fetch GET 200 https://registry.npmjs.org/minipass-collect/-/minipass-collect-2.0.1.tgz 1379ms (cache revalidated)
1432 http fetch GET 200 https://registry.npmjs.org/p-map/-/p-map-4.0.0.tgz 1384ms (cache revalidated)
1433 http fetch GET 200 https://registry.npmjs.org/promise-inflight/-/promise-inflight-1.0.1.tgz 1386ms (cache revalidated)
1434 http fetch GET 200 https://registry.npmjs.org/minipass-pipeline/-/minipass-pipeline-1.2.4.tgz 1400ms (cache revalidated)
1435 http fetch GET 200 https://registry.npmjs.org/ssri/-/ssri-10.0.6.tgz 1427ms (cache revalidated)
1436 http fetch GET 200 https://registry.npmjs.org/minipass-flush/-/minipass-flush-1.0.5.tgz 1431ms (cache revalidated)
1437 http fetch GET 200 https://registry.npmjs.org/json-parse-even-better-errors/-/json-parse-even-better-errors-3.0.2.tgz 1432ms (cache revalidated)
1438 http fetch GET 200 https://registry.npmjs.org/tar/-/tar-6.2.1.tgz 1433ms (cache revalidated)
1439 http fetch GET 200 https://registry.npmjs.org/npm-bundled/-/npm-bundled-3.0.1.tgz 1434ms (cache revalidated)
1440 http fetch GET 200 https://registry.npmjs.org/package-json-from-dist/-/package-json-from-dist-1.0.1.tgz 1445ms (cache revalidated)
1441 http fetch GET 200 https://registry.npmjs.org/npm-packlist/-/npm-packlist-8.0.2.tgz 1443ms (cache revalidated)
1442 http fetch GET 200 https://registry.npmjs.org/node-gyp/-/node-gyp-10.3.1.tgz 1450ms (cache revalidated)
1443 http fetch GET 200 https://registry.npmjs.org/normalize-package-data/-/normalize-package-data-6.0.2.tgz 1452ms (cache revalidated)
1444 http fetch GET 200 https://registry.npmjs.org/ini/-/ini-4.1.3.tgz 1458ms (cache revalidated)
1445 http fetch GET 200 https://registry.npmjs.org/yocto-queue/-/yocto-queue-0.1.0.tgz 1472ms (cache revalidated)
1446 http fetch GET 200 https://registry.npmjs.org/npm-registry-fetch/-/npm-registry-fetch-17.1.0.tgz 1481ms (cache revalidated)
1447 http fetch GET 200 https://registry.npmjs.org/minipass/-/minipass-7.1.2.tgz 1482ms (cache revalidated)
1448 http fetch GET 200 https://registry.npmjs.org/cacache/-/cacache-18.0.4.tgz 1487ms (cache revalidated)
1449 http fetch GET 200 https://registry.npmjs.org/sigstore/-/sigstore-2.3.1.tgz 1492ms (cache revalidated)
1450 http fetch GET 200 https://registry.npmjs.org/fs-minipass/-/fs-minipass-3.0.3.tgz 1503ms (cache revalidated)
1451 http fetch GET 200 https://registry.npmjs.org/foreground-child/-/foreground-child-3.3.1.tgz 1508ms (cache revalidated)
1452 http fetch GET 200 https://registry.npmjs.org/hosted-git-info/-/hosted-git-info-7.0.2.tgz 1510ms (cache revalidated)
1453 http fetch GET 200 https://registry.npmjs.org/p-limit/-/p-limit-3.1.0.tgz 1521ms (cache revalidated)
1454 http fetch GET 200 https://registry.npmjs.org/validate-npm-package-name/-/validate-npm-package-name-5.0.1.tgz 1525ms (cache revalidated)
1455 http fetch GET 200 https://registry.npmjs.org/uc.micro/-/uc.micro-2.1.0.tgz 1534ms (cache revalidated)
1456 http fetch GET 200 https://registry.npmjs.org/proc-log/-/proc-log-4.2.0.tgz 1545ms (cache revalidated)
1457 http fetch GET 200 https://registry.npmjs.org/to-regex-range/-/to-regex-range-5.0.1.tgz 1565ms (cache revalidated)
1458 http fetch GET 200 https://registry.npmjs.org/linkify-it/-/linkify-it-5.0.0.tgz 1567ms (cache revalidated)
1459 http fetch GET 200 https://registry.npmjs.org/@npmcli/node-gyp/-/node-gyp-3.0.0.tgz 1572ms (cache revalidated)
1460 http fetch GET 200 https://registry.npmjs.org/picomatch/-/picomatch-2.3.1.tgz 1575ms (cache revalidated)
1461 http fetch GET 200 https://registry.npmjs.org/fill-range/-/fill-range-7.1.1.tgz 1582ms (cache revalidated)
1462 http fetch GET 200 https://registry.npmjs.org/braces/-/braces-3.0.3.tgz 1584ms (cache revalidated)
1463 http fetch GET 200 https://registry.npmjs.org/entities/-/entities-4.5.0.tgz 1599ms (cache revalidated)
1464 http fetch GET 200 https://registry.npmjs.org/@npmcli/package-json/-/package-json-5.2.1.tgz 1603ms (cache revalidated)
1465 http fetch GET 200 https://registry.npmjs.org/npm-pick-manifest/-/npm-pick-manifest-9.1.0.tgz 1615ms (cache revalidated)
1466 http fetch GET 200 https://registry.npmjs.org/mdurl/-/mdurl-2.0.0.tgz 1618ms (cache revalidated)
1467 http fetch GET 200 https://registry.npmjs.org/pretty-format/-/pretty-format-29.7.0.tgz 1618ms (cache revalidated)
1468 http fetch GET 200 https://registry.npmjs.org/date-format/-/date-format-4.0.14.tgz 1629ms (cache revalidated)
1469 http fetch GET 200 https://registry.npmjs.org/@npmcli/promise-spawn/-/promise-spawn-7.0.2.tgz 1635ms (cache revalidated)
1470 http fetch GET 200 https://registry.npmjs.org/streamroller/-/streamroller-3.1.5.tgz 1638ms (cache revalidated)
1471 http fetch GET 200 https://registry.npmjs.org/lru-cache/-/lru-cache-10.4.3.tgz 1643ms (cache revalidated)
1472 http fetch GET 200 https://registry.npmjs.org/rfdc/-/rfdc-1.4.1.tgz 1654ms (cache revalidated)
1473 http fetch GET 200 https://registry.npmjs.org/is-extglob/-/is-extglob-2.1.1.tgz 1655ms (cache revalidated)
1474 http fetch GET 200 https://registry.npmjs.org/argparse/-/argparse-2.0.1.tgz 1661ms (cache revalidated)
1475 http fetch GET 200 https://registry.npmjs.org/jest-get-type/-/jest-get-type-29.6.3.tgz 1670ms (cache revalidated)
1476 http fetch GET 200 https://registry.npmjs.org/@sigstore/verify/-/verify-1.2.1.tgz 1691ms (cache revalidated)
1477 http fetch GET 200 https://registry.npmjs.org/p-locate/-/p-locate-5.0.0.tgz 1682ms (cache revalidated)
1478 http fetch GET 200 https://registry.npmjs.org/punycode.js/-/punycode.js-2.3.1.tgz 1683ms (cache revalidated)
1479 http fetch GET 200 https://registry.npmjs.org/agent-base/-/agent-base-7.1.4.tgz 1682ms (cache revalidated)
1480 http fetch GET 200 https://registry.npmjs.org/diff-sequences/-/diff-sequences-29.6.3.tgz 1702ms (cache revalidated)
1481 http fetch GET 200 https://registry.npmjs.org/path-exists/-/path-exists-4.0.0.tgz 1704ms (cache revalidated)
1482 http fetch GET 200 https://registry.npmjs.org/graceful-fs/-/graceful-fs-4.2.11.tgz 1705ms (cache revalidated)
1483 http fetch GET 200 https://registry.npmjs.org/is-glob/-/is-glob-4.0.3.tgz 1706ms (cache revalidated)
1484 http fetch GET 200 https://registry.npmjs.org/micromatch/-/micromatch-4.0.8.tgz 1718ms (cache revalidated)
1485 http fetch GET 200 https://registry.npmjs.org/locate-path/-/locate-path-6.0.0.tgz 1720ms (cache revalidated)
1486 http fetch GET 200 https://registry.npmjs.org/run-parallel/-/run-parallel-1.2.0.tgz 1734ms (cache revalidated)
1487 http fetch GET 200 https://registry.npmjs.org/flatted/-/flatted-3.3.3.tgz 1742ms (cache revalidated)
1488 http fetch GET 200 https://registry.npmjs.org/path-key/-/path-key-3.1.1.tgz 1747ms (cache revalidated)
1489 http fetch GET 200 https://registry.npmjs.org/merge2/-/merge2-1.4.1.tgz 1771ms (cache revalidated)
1490 http fetch GET 200 https://registry.npmjs.org/@nodelib/fs.scandir/-/fs.scandir-2.1.5.tgz 1775ms (cache revalidated)
1491 http fetch GET 200 https://registry.npmjs.org/highlight.js/-/highlight.js-11.6.0.tgz 1793ms (cache revalidated)
1492 http fetch GET 200 https://registry.npmjs.org/@sigstore/bundle/-/bundle-2.3.2.tgz 1805ms (cache revalidated)
1493 http fetch GET 200 https://registry.npmjs.org/wontache/-/wontache-0.1.0.tgz 1795ms (cache revalidated)
1494 http fetch GET 200 https://registry.npmjs.org/@tufjs/models/-/models-2.0.1.tgz 1811ms (cache revalidated)
1495 http fetch GET 200 https://registry.npmjs.org/universalify/-/universalify-2.0.1.tgz 1799ms (cache revalidated)
1496 http fetch GET 200 https://registry.npmjs.org/glob-parent/-/glob-parent-5.1.2.tgz 1803ms (cache revalidated)
1497 http fetch GET 200 https://registry.npmjs.org/color-name/-/color-name-1.1.4.tgz 1811ms (cache revalidated)
1498 http fetch GET 200 https://registry.npmjs.org/string-width/-/string-width-4.2.3.tgz 1820ms (cache revalidated)
1499 http fetch GET 200 https://registry.npmjs.org/shebang-command/-/shebang-command-2.0.0.tgz 1834ms (cache revalidated)
1500 http fetch GET 200 https://registry.npmjs.org/ms/-/ms-2.1.3.tgz 1840ms (cache revalidated)
1501 http fetch GET 200 https://registry.npmjs.org/array-timsort/-/array-timsort-1.0.3.tgz 1844ms (cache revalidated)
1502 http fetch GET 200 https://registry.npmjs.org/core-util-is/-/core-util-is-1.0.3.tgz 1848ms (cache revalidated)
1503 http fetch GET 200 https://registry.npmjs.org/@nodelib/fs.stat/-/fs.stat-2.0.5.tgz 1871ms (cache revalidated)
1504 http fetch GET 200 https://registry.npmjs.org/esprima/-/esprima-4.0.1.tgz 1868ms (cache revalidated)
1505 http fetch GET 200 https://registry.npmjs.org/has-own-prop/-/has-own-prop-2.0.0.tgz 1868ms (cache revalidated)
1506 http fetch GET 200 https://registry.npmjs.org/@colors/colors/-/colors-1.5.0.tgz 1869ms (cache revalidated)
1507 http fetch GET 200 https://registry.npmjs.org/debug/-/debug-4.4.3.tgz 1875ms (cache revalidated)
1508 http fetch GET 200 https://registry.npmjs.org/reusify/-/reusify-1.1.0.tgz 1875ms (cache revalidated)
1509 http fetch GET 200 https://registry.npmjs.org/color-convert/-/color-convert-2.0.1.tgz 1870ms (cache revalidated)
1510 http fetch GET 200 https://registry.npmjs.org/repeat-string/-/repeat-string-1.6.1.tgz 1872ms (cache revalidated)
1511 http fetch GET 200 https://registry.npmjs.org/@nodelib/fs.walk/-/fs.walk-1.2.8.tgz 1876ms (cache revalidated)
1512 http fetch GET 200 https://registry.npmjs.org/yargs/-/yargs-17.7.2.tgz 1877ms (cache revalidated)
1513 http fetch GET 200 https://registry.npmjs.org/stack-trace/-/stack-trace-0.0.10.tgz 1886ms (cache revalidated)
1514 http fetch GET 200 https://registry.npmjs.org/strip-ansi/-/strip-ansi-6.0.1.tgz 1916ms (cache revalidated)
1515 http fetch GET 200 https://registry.npmjs.org/which/-/which-4.0.0.tgz 1916ms (cache revalidated)
1516 http fetch GET 200 https://registry.npmjs.org/supports-color/-/supports-color-7.2.0.tgz 1916ms (cache revalidated)
1517 http fetch GET 200 https://registry.npmjs.org/pacote/-/pacote-18.0.6.tgz 1927ms (cache revalidated)
1518 http fetch GET 200 https://registry.npmjs.org/ansi-styles/-/ansi-styles-4.3.0.tgz 1928ms (cache revalidated)
1519 http fetch GET 200 https://registry.npmjs.org/markdown-it/-/markdown-it-14.1.0.tgz 1931ms (cache revalidated)
1520 http fetch GET 200 https://registry.npmjs.org/fastq/-/fastq-1.19.1.tgz 1939ms (cache revalidated)
1521 http fetch GET 200 https://registry.npmjs.org/progress/-/progress-2.0.3.tgz 1939ms (cache revalidated)
1522 http fetch GET 200 https://registry.npmjs.org/opener/-/opener-1.5.2.tgz 1940ms (cache revalidated)
1523 http fetch GET 200 https://registry.npmjs.org/lodash-deep/-/lodash-deep-2.0.0.tgz 1959ms (cache revalidated)
1524 http fetch GET 200 https://registry.npmjs.org/@npmcli/git/-/git-5.0.8.tgz 1988ms (cache revalidated)
1525 http fetch GET 200 https://registry.npmjs.org/wrap-ansi/-/wrap-ansi-7.0.0.tgz 1988ms (cache revalidated)
1526 http fetch GET 200 https://registry.npmjs.org/lodash/-/lodash-4.17.21.tgz 2018ms (cache revalidated)
1527 http fetch GET 200 https://registry.npmjs.org/jest-diff/-/jest-diff-29.7.0.tgz 2018ms (cache revalidated)
1528 http fetch GET 200 https://registry.npmjs.org/read/-/read-3.0.1.tgz 2021ms (cache revalidated)
1529 http fetch GET 200 https://registry.npmjs.org/prettyjson/-/prettyjson-1.2.5.tgz 2021ms (cache revalidated)
1530 http fetch GET 200 https://registry.npmjs.org/https-proxy-agent/-/https-proxy-agent-7.0.6.tgz 2020ms (cache revalidated)
1531 http fetch GET 200 https://registry.npmjs.org/winston/-/winston-3.18.3.tgz 2025ms (cache revalidated)
1532 http fetch GET 200 https://registry.npmjs.org/mustache/-/mustache-4.2.0.tgz 2026ms (cache revalidated)
1533 http fetch GET 200 https://registry.npmjs.org/log4js/-/log4js-6.9.1.tgz 2029ms (cache revalidated)
1534 http fetch GET 200 https://registry.npmjs.org/http-proxy-agent/-/http-proxy-agent-7.0.2.tgz 2030ms (cache revalidated)
1535 http fetch GET 200 https://registry.npmjs.org/@types/yargs-parser/-/yargs-parser-21.0.3.tgz 2034ms (cache revalidated)
1536 http fetch GET 200 https://registry.npmjs.org/@npmcli/installed-package-contents/-/installed-package-contents-2.1.0.tgz 2046ms (cache revalidated)
1537 http fetch GET 200 https://registry.npmjs.org/find-up/-/find-up-5.0.0.tgz 2046ms (cache revalidated)
1538 http fetch GET 200 https://registry.npmjs.org/jsonfile/-/jsonfile-6.2.0.tgz 2050ms (cache revalidated)
1539 http fetch GET 200 https://registry.npmjs.org/diff2html/-/diff2html-3.4.20-usewontache.1.60e7a2e.tgz 2066ms (cache revalidated)
1540 http fetch GET 200 https://registry.npmjs.org/cross-spawn/-/cross-spawn-7.0.6.tgz 2068ms (cache revalidated)
1541 http fetch GET 200 https://registry.npmjs.org/fastest-levenshtein/-/fastest-levenshtein-1.0.16.tgz 2070ms (cache revalidated)
1542 http fetch GET 200 https://registry.npmjs.org/dayjs/-/dayjs-1.11.13.tgz 2078ms (cache revalidated)
1543 http fetch GET 200 https://registry.npmjs.org/deepmerge/-/deepmerge-4.3.1.tgz 2090ms (cache revalidated)
1544 http fetch GET 200 https://registry.npmjs.org/wrap-ansi/-/wrap-ansi-8.1.0.tgz 2089ms (cache revalidated)
1545 http fetch GET 200 https://registry.npmjs.org/dataobject-parser/-/dataobject-parser-1.2.25.tgz 2090ms (cache revalidated)
1546 http fetch GET 200 https://registry.npmjs.org/diff/-/diff-5.2.0.tgz 2094ms (cache revalidated)
1547 http fetch GET 200 https://registry.npmjs.org/chalk/-/chalk-4.1.2.tgz 2094ms (cache revalidated)
1548 http fetch GET 200 https://registry.npmjs.org/fs-extra/-/fs-extra-11.3.2.tgz 2096ms (cache revalidated)
1549 http fetch GET 200 https://registry.npmjs.org/cli-table3/-/cli-table3-0.6.5.tgz 2096ms (cache revalidated)
1550 http fetch GET 200 https://registry.npmjs.org/emoji-regex/-/emoji-regex-9.2.2.tgz 2096ms (cache revalidated)
1551 http fetch GET 200 https://registry.npmjs.org/jsonschema/-/jsonschema-1.5.0.tgz 2099ms (cache revalidated)
1552 http fetch GET 200 https://registry.npmjs.org/minipass/-/minipass-3.3.6.tgz 2101ms (cache revalidated)
1553 http fetch GET 200 https://registry.npmjs.org/npm-package-arg/-/npm-package-arg-11.0.3.tgz 2104ms (cache revalidated)
1554 http fetch GET 200 https://registry.npmjs.org/comment-json/-/comment-json-4.2.5.tgz 2126ms (cache revalidated)
1555 http fetch GET 200 https://registry.npmjs.org/strip-ansi/-/strip-ansi-7.1.2.tgz 2144ms (cache revalidated)
1556 http fetch GET 200 https://registry.npmjs.org/@npmcli/run-script/-/run-script-8.1.0.tgz 2165ms (cache revalidated)
1557 http fetch GET 200 https://registry.npmjs.org/fs-minipass/-/fs-minipass-2.1.0.tgz 2163ms (cache revalidated)
1558 http fetch GET 200 https://registry.npmjs.org/string-width/-/string-width-5.1.2.tgz 2166ms (cache revalidated)
1559 http fetch GET 200 https://registry.npmjs.org/minipass/-/minipass-3.3.6.tgz 2168ms (cache revalidated)
1560 http fetch GET 200 https://registry.npmjs.org/fast-glob/-/fast-glob-3.3.3.tgz 2171ms (cache revalidated)
1561 http fetch GET 200 https://registry.npmjs.org/minipass/-/minipass-3.3.6.tgz 2173ms (cache revalidated)
1562 http fetch GET 200 https://registry.npmjs.org/fs-extra/-/fs-extra-8.1.0.tgz 2173ms (cache revalidated)
1563 http fetch GET 200 https://registry.npmjs.org/ansi-styles/-/ansi-styles-5.2.0.tgz 2175ms (cache revalidated)
1564 http fetch GET 200 https://registry.npmjs.org/jsonfile/-/jsonfile-4.0.0.tgz 2176ms (cache revalidated)
1565 http fetch GET 200 https://registry.npmjs.org/ansi-regex/-/ansi-regex-6.2.2.tgz 2177ms (cache revalidated)
1566 http fetch GET 200 https://registry.npmjs.org/js-yaml/-/js-yaml-4.1.1.tgz 2181ms (cache miss)
1567 http fetch GET 200 https://registry.npmjs.org/minipass/-/minipass-3.3.6.tgz 2178ms (cache revalidated)
1568 http fetch GET 200 https://registry.npmjs.org/npm-normalize-package-bin/-/npm-normalize-package-bin-3.0.1.tgz 2221ms (cache revalidated)
1569 http fetch GET 200 https://registry.npmjs.org/minipass/-/minipass-5.0.0.tgz 2207ms (cache revalidated)
1570 http fetch GET 200 https://registry.npmjs.org/universalify/-/universalify-0.1.2.tgz 2207ms (cache revalidated)
1571 http fetch GET 200 https://registry.npmjs.org/ansi-styles/-/ansi-styles-6.2.3.tgz 2209ms (cache revalidated)
1572 http fetch GET 200 https://registry.npmjs.org/@colors/colors/-/colors-1.6.0.tgz 2211ms (cache revalidated)
1573 http fetch GET 200 https://registry.npmjs.org/promise-retry/-/promise-retry-2.0.1.tgz 2233ms (cache revalidated)
1574 http fetch GET 200 https://registry.npmjs.org/minipass/-/minipass-3.3.6.tgz 2219ms (cache revalidated)
1575 http fetch GET 200 https://registry.npmjs.org/which/-/which-2.0.2.tgz 2218ms (cache revalidated)
1576 http fetch GET 200 https://registry.npmjs.org/xml2js 2220ms (cache revalidated)
1577 silly packumentCache corgi:https://registry.npmjs.org/xml2js set size:38207 disposed:false
1578 http fetch GET 200 https://registry.npmjs.org/isexe/-/isexe-2.0.0.tgz 2223ms (cache revalidated)
1579 http fetch GET 200 https://registry.npmjs.org/diff/-/diff-5.1.0.tgz 2225ms (cache revalidated)
1580 http fetch GET 200 https://registry.npmjs.org/@colors/colors/-/colors-1.6.0.tgz 2235ms (cache revalidated)
1581 http fetch GET 200 https://registry.npmjs.org/xmlbuilder 2253ms (cache revalidated)
1582 silly packumentCache corgi:https://registry.npmjs.org/xmlbuilder set size:72157 disposed:false
1583 http fetch GET 200 https://registry.npmjs.org/sax 2432ms (cache updated)
1584 silly packumentCache corgi:https://registry.npmjs.org/sax set size:undefined disposed:false
1585 http fetch GET 200 https://registry.npmjs.org/xml2js/-/xml2js-0.5.0.tgz 491ms (cache revalidated)
1586 http fetch GET 200 https://registry.npmjs.org/xmlbuilder/-/xmlbuilder-11.0.1.tgz 557ms (cache revalidated)
1587 http fetch GET 200 https://registry.npmjs.org/ip-address/-/ip-address-10.1.0.tgz 2862ms (cache miss)
1588 http fetch GET 200 https://registry.npmjs.org/sax/-/sax-1.4.1.tgz 418ms (cache revalidated)
1589 http fetch GET 200 https://registry.npmjs.org/semver/-/semver-7.7.3.tgz 2918ms (cache miss)
1590 http fetch GET 200 https://registry.npmjs.org/@zowe/cics-for-zowe-sdk/-/cics-for-zowe-sdk-6.13.0.tgz 3358ms (cache revalidated)
1591 http fetch GET 200 https://registry.npmjs.org/glob/-/glob-10.5.0.tgz 3628ms (cache miss)
1592 http fetch GET 200 https://registry.npmjs.org/@zowe/imperative/-/imperative-8.29.4.tgz 8350ms (cache miss)
1593 silly ADD node_modules/eastasianwidth
1594 silly ADD node_modules/yargs-parser
1595 silly ADD node_modules/y18n
1596 silly ADD node_modules/require-directory
1597 silly ADD node_modules/get-caller-file
1598 silly ADD node_modules/escalade
1599 silly ADD node_modules/cliui
1600 silly ADD node_modules/underscore
1601 silly ADD node_modules/safe-buffer
1602 silly ADD node_modules/util-deprecate
1603 silly ADD node_modules/string_decoder
1604 silly ADD node_modules/inherits
1605 silly ADD node_modules/fn.name
1606 silly ADD node_modules/fecha
1607 silly ADD node_modules/@types/triple-beam
1608 silly ADD node_modules/color-string
1609 silly ADD node_modules/color-string/node_modules/color-name
1610 silly ADD node_modules/text-hex
1611 silly ADD node_modules/color
1612 silly ADD node_modules/color/node_modules/color-name
1613 silly ADD node_modules/color/node_modules/color-convert
1614 silly ADD node_modules/kuler
1615 silly ADD node_modules/enabled
1616 silly ADD node_modules/@so-ric/colorspace
1617 silly ADD node_modules/winston-transport
1618 silly ADD node_modules/triple-beam
1619 silly ADD node_modules/safe-stable-stringify
1620 silly ADD node_modules/readable-stream
1621 silly ADD node_modules/one-time
1622 silly ADD node_modules/logform
1623 silly ADD node_modules/logform/node_modules/@colors/colors
1624 silly ADD node_modules/is-stream
1625 silly ADD node_modules/async
1626 silly ADD node_modules/@dabh/diagnostics
1627 silly ADD node_modules/isexe
1628 silly ADD node_modules/spdx-exceptions
1629 silly ADD node_modules/spdx-license-ids
1630 silly ADD node_modules/spdx-expression-parse
1631 silly ADD node_modules/spdx-correct
1632 silly ADD node_modules/imurmurhash
1633 silly ADD node_modules/unique-slug
1634 silly ADD node_modules/@tufjs/canonical-json
1635 silly ADD node_modules/@tufjs/models
1636 silly ADD node_modules/is-number
1637 silly ADD node_modules/mkdirp
1638 silly ADD node_modules/chownr
1639 silly ADD node_modules/has-flag
1640 silly ADD node_modules/ansi-regex
1641 silly ADD node_modules/is-fullwidth-code-point
1642 silly ADD node_modules/emoji-regex
1643 silly ADD node_modules/smart-buffer
1644 silly ADD node_modules/ip-address
1645 silly ADD node_modules/socks
1646 silly ADD node_modules/tuf-js
1647 silly ADD node_modules/@sigstore/verify
1648 silly ADD node_modules/@sigstore/tuf
1649 silly ADD node_modules/@sigstore/sign
1650 silly ADD node_modules/@sigstore/protobuf-specs
1651 silly ADD node_modules/@sigstore/core
1652 silly ADD node_modules/@sigstore/bundle
1653 silly ADD node_modules/shebang-regex
1654 silly ADD node_modules/queue-microtask
1655 silly ADD node_modules/mute-stream
1656 silly ADD node_modules/retry
1657 silly ADD node_modules/err-code
1658 silly ADD node_modules/minimist
1659 silly ADD node_modules/colors
1660 silly ADD node_modules/@sinclair/typebox
1661 silly ADD node_modules/react-is
1662 silly ADD node_modules/@jest/schemas
1663 silly ADD node_modules/indent-string
1664 silly ADD node_modules/clean-stack
1665 silly ADD node_modules/aggregate-error
1666 silly ADD node_modules/jsonparse
1667 silly ADD node_modules/@npmcli/redact
1668 silly ADD node_modules/npm-install-checks
1669 silly ADD node_modules/ignore-walk
1670 silly ADD node_modules/validate-npm-package-license
1671 silly ADD node_modules/abbrev
1672 silly ADD node_modules/yallist
1673 silly ADD node_modules/safer-buffer
1674 silly ADD node_modules/iconv-lite
1675 silly ADD node_modules/minizlib
1676 silly ADD node_modules/minizlib/node_modules/minipass
1677 silly ADD node_modules/minipass-sized
1678 silly ADD node_modules/minipass-sized/node_modules/minipass
1679 silly ADD node_modules/encoding
1680 silly ADD node_modules/socks-proxy-agent
1681 silly ADD node_modules/negotiator
1682 silly ADD node_modules/minipass-fetch
1683 silly ADD node_modules/is-lambda
1684 silly ADD node_modules/http-cache-semantics
1685 silly ADD node_modules/@npmcli/agent
1686 silly ADD node_modules/nopt
1687 silly ADD node_modules/make-fetch-happen
1688 silly ADD node_modules/exponential-backoff
1689 silly ADD node_modules/env-paths
1690 silly ADD node_modules/balanced-match
1691 silly ADD node_modules/brace-expansion
1692 silly ADD node_modules/wrap-ansi-cjs
1693 silly ADD node_modules/strip-ansi-cjs
1694 silly ADD node_modules/string-width-cjs
1695 silly ADD node_modules/@pkgjs/parseargs
1696 silly ADD node_modules/@isaacs/cliui
1697 silly ADD node_modules/@isaacs/cliui/node_modules/ansi-styles
1698 silly ADD node_modules/@isaacs/cliui/node_modules/ansi-regex
1699 silly ADD node_modules/@isaacs/cliui/node_modules/emoji-regex
1700 silly ADD node_modules/@isaacs/cliui/node_modules/wrap-ansi
1701 silly ADD node_modules/@isaacs/cliui/node_modules/strip-ansi
1702 silly ADD node_modules/@isaacs/cliui/node_modules/string-width
1703 silly ADD node_modules/signal-exit
1704 silly ADD node_modules/path-scurry
1705 silly ADD node_modules/package-json-from-dist
1706 silly ADD node_modules/minimatch
1707 silly ADD node_modules/jackspeak
1708 silly ADD node_modules/foreground-child
1709 silly ADD node_modules/unique-filename
1710 silly ADD node_modules/p-map
1711 silly ADD node_modules/minipass-pipeline
1712 silly ADD node_modules/minipass-pipeline/node_modules/minipass
1713 silly ADD node_modules/minipass-flush
1714 silly ADD node_modules/minipass-flush/node_modules/minipass
1715 silly ADD node_modules/minipass-collect
1716 silly ADD node_modules/@npmcli/fs
1717 silly ADD node_modules/node-gyp
1718 silly ADD node_modules/@npmcli/node-gyp
1719 silly ADD node_modules/normalize-package-data
1720 silly ADD node_modules/json-parse-even-better-errors
1721 silly ADD node_modules/glob
1722 silly ADD node_modules/npm-normalize-package-bin
1723 silly ADD node_modules/npm-bundled
1724 silly ADD node_modules/promise-inflight
1725 silly ADD node_modules/ini
1726 silly ADD node_modules/tar
1727 silly ADD node_modules/tar/node_modules/minipass
1728 silly ADD node_modules/tar/node_modules/fs-minipass
1729 silly ADD node_modules/tar/node_modules/fs-minipass/node_modules/minipass
1730 silly ADD node_modules/ssri
1731 silly ADD node_modules/sigstore
1732 silly ADD node_modules/promise-retry
1733 silly ADD node_modules/npm-registry-fetch
1734 silly ADD node_modules/npm-pick-manifest
1735 silly ADD node_modules/npm-packlist
1736 silly ADD node_modules/minipass
1737 silly ADD node_modules/fs-minipass
1738 silly ADD node_modules/cacache
1739 silly ADD node_modules/@npmcli/run-script
1740 silly ADD node_modules/@npmcli/promise-spawn
1741 silly ADD node_modules/@npmcli/package-json
1742 silly ADD node_modules/@npmcli/installed-package-contents
1743 silly ADD node_modules/@npmcli/git
1744 silly ADD node_modules/yocto-queue
1745 silly ADD node_modules/p-limit
1746 silly ADD node_modules/lru-cache
1747 silly ADD node_modules/validate-npm-package-name
1748 silly ADD node_modules/proc-log
1749 silly ADD node_modules/hosted-git-info
1750 silly ADD node_modules/to-regex-range
1751 silly ADD node_modules/fill-range
1752 silly ADD node_modules/picomatch
1753 silly ADD node_modules/braces
1754 silly ADD node_modules/uc.micro
1755 silly ADD node_modules/punycode.js
1756 silly ADD node_modules/mdurl
1757 silly ADD node_modules/linkify-it
1758 silly ADD node_modules/entities
1759 silly ADD node_modules/streamroller
1760 silly ADD node_modules/streamroller/node_modules/universalify
1761 silly ADD node_modules/streamroller/node_modules/jsonfile
1762 silly ADD node_modules/streamroller/node_modules/fs-extra
1763 silly ADD node_modules/rfdc
1764 silly ADD node_modules/flatted
1765 silly ADD node_modules/date-format
1766 silly ADD node_modules/p-locate
1767 silly ADD node_modules/argparse
1768 silly ADD node_modules/pretty-format
1769 silly ADD node_modules/pretty-format/node_modules/ansi-styles
1770 silly ADD node_modules/jest-get-type
1771 silly ADD node_modules/diff-sequences
1772 silly ADD node_modules/is-extglob
1773 silly ADD node_modules/ms
1774 silly ADD node_modules/debug
1775 silly ADD node_modules/agent-base
1776 silly ADD node_modules/is-glob
1777 silly ADD node_modules/universalify
1778 silly ADD node_modules/graceful-fs
1779 silly ADD node_modules/path-exists
1780 silly ADD node_modules/locate-path
1781 silly ADD node_modules/reusify
1782 silly ADD node_modules/run-parallel
1783 silly ADD node_modules/fastq
1784 silly ADD node_modules/@nodelib/fs.scandir
1785 silly ADD node_modules/micromatch
1786 silly ADD node_modules/merge2
1787 silly ADD node_modules/glob-parent
1788 silly ADD node_modules/@nodelib/fs.walk
1789 silly ADD node_modules/@nodelib/fs.stat
1790 silly ADD node_modules/wontache
1791 silly ADD node_modules/highlight.js
1792 silly ADD node_modules/shebang-command
1793 silly ADD node_modules/path-key
1794 silly ADD node_modules/repeat-string
1795 silly ADD node_modules/has-own-prop
1796 silly ADD node_modules/esprima
1797 silly ADD node_modules/core-util-is
1798 silly ADD node_modules/array-timsort
1799 silly ADD node_modules/color-name
1800 silly ADD node_modules/string-width
1801 silly ADD node_modules/@colors/colors
1802 silly ADD node_modules/color-convert
1803 silly ADD node_modules/supports-color
1804 silly ADD node_modules/ansi-styles
1805 silly ADD node_modules/@types/yargs-parser
1806 silly ADD node_modules/yargs
1807 silly ADD node_modules/wrap-ansi
1808 silly ADD node_modules/winston
1809 silly ADD node_modules/winston/node_modules/@colors/colors
1810 silly ADD node_modules/which
1811 silly ADD node_modules/strip-ansi
1812 silly ADD node_modules/stack-trace
1813 silly ADD node_modules/semver
1814 silly ADD node_modules/read
1815 silly ADD node_modules/progress
1816 silly ADD node_modules/prettyjson
1817 silly ADD node_modules/pacote
1818 silly ADD node_modules/opener
1819 silly ADD node_modules/npm-package-arg
1820 silly ADD node_modules/mustache
1821 silly ADD node_modules/markdown-it
1822 silly ADD node_modules/log4js
1823 silly ADD node_modules/lodash-deep
1824 silly ADD node_modules/lodash
1825 silly ADD node_modules/jsonschema
1826 silly ADD node_modules/jsonfile
1827 silly ADD node_modules/js-yaml
1828 silly ADD node_modules/jest-diff
1829 silly ADD node_modules/https-proxy-agent
1830 silly ADD node_modules/http-proxy-agent
1831 silly ADD node_modules/fs-extra
1832 silly ADD node_modules/find-up
1833 silly ADD node_modules/fastest-levenshtein
1834 silly ADD node_modules/fast-glob
1835 silly ADD node_modules/diff2html
1836 silly ADD node_modules/diff2html/node_modules/diff
1837 silly ADD node_modules/diff
1838 silly ADD node_modules/deepmerge
1839 silly ADD node_modules/dayjs
1840 silly ADD node_modules/dataobject-parser
1841 silly ADD node_modules/cross-spawn
1842 silly ADD node_modules/cross-spawn/node_modules/isexe
1843 silly ADD node_modules/cross-spawn/node_modules/which
1844 silly ADD node_modules/comment-json
1845 silly ADD node_modules/cli-table3
1846 silly ADD node_modules/chalk
1847 silly ADD node_modules/@types/yargs
1848 silly ADD node_modules/@zowe/imperative
1849 silly ADD node_modules/@zowe/cics-for-zowe-cli
1850 silly ADD node_modules/@zowe/cics-for-zowe-cli/node_modules/xml2js
1851 silly ADD node_modules/@zowe/cics-for-zowe-cli/node_modules/xml2js/node_modules/xmlbuilder
1852 silly ADD node_modules/@zowe/cics-for-zowe-cli/node_modules/sax
1853 silly ADD node_modules/@zowe/cics-for-zowe-cli/node_modules/@zowe/cics-for-zowe-sdk
1854 silly REMOVE node_modules/@zowe/cli
1855 silly REMOVE node_modules/@zowe/cli/node_modules/yocto-queue
1856 silly REMOVE node_modules/@zowe/cli/node_modules/yargs-parser
1857 silly REMOVE node_modules/@zowe/cli/node_modules/yargs
1858 silly REMOVE node_modules/@zowe/cli/node_modules/yargs/node_modules/y18n
1859 silly REMOVE node_modules/@zowe/cli/node_modules/yargs/node_modules/cliui
1860 silly REMOVE node_modules/@zowe/cli/node_modules/wrap-ansi-cjs
1861 silly REMOVE node_modules/@zowe/cli/node_modules/wrap-ansi
1862 silly REMOVE node_modules/@zowe/cli/node_modules/wontache
1863 silly REMOVE node_modules/@zowe/cli/node_modules/winston-transport
1864 silly REMOVE node_modules/@zowe/cli/node_modules/winston
1865 silly REMOVE node_modules/@zowe/cli/node_modules/winston/node_modules/async
1866 silly REMOVE node_modules/@zowe/cli/node_modules/winston/node_modules/@colors/colors
1867 silly REMOVE node_modules/@zowe/cli/node_modules/which
1868 silly REMOVE node_modules/@zowe/cli/node_modules/validate-npm-package-name
1869 silly REMOVE node_modules/@zowe/cli/node_modules/validate-npm-package-license
1870 silly REMOVE node_modules/@zowe/cli/node_modules/util-deprecate
1871 silly REMOVE node_modules/@zowe/cli/node_modules/universalify
1872 silly REMOVE node_modules/@zowe/cli/node_modules/underscore
1873 silly REMOVE node_modules/@zowe/cli/node_modules/uc.micro
1874 silly REMOVE node_modules/@zowe/cli/node_modules/tweetnacl
1875 silly REMOVE node_modules/@zowe/cli/node_modules/tuf-js
1876 silly REMOVE node_modules/@zowe/cli/node_modules/tuf-js/node_modules/unique-slug
1877 silly REMOVE node_modules/@zowe/cli/node_modules/tuf-js/node_modules/unique-filename
1878 silly REMOVE node_modules/@zowe/cli/node_modules/tuf-js/node_modules/ssri
1879 silly REMOVE node_modules/@zowe/cli/node_modules/tuf-js/node_modules/minipass-fetch
1880 silly REMOVE node_modules/@zowe/cli/node_modules/tuf-js/node_modules/minipass-collect
1881 silly REMOVE node_modules/@zowe/cli/node_modules/tuf-js/node_modules/minipass
1882 silly REMOVE node_modules/@zowe/cli/node_modules/tuf-js/node_modules/make-fetch-happen
1883 silly REMOVE node_modules/@zowe/cli/node_modules/tuf-js/node_modules/fs-minipass
1884 silly REMOVE node_modules/@zowe/cli/node_modules/tuf-js/node_modules/cacache
1885 silly REMOVE node_modules/@zowe/cli/node_modules/tuf-js/node_modules/@npmcli/fs
1886 silly REMOVE node_modules/@zowe/cli/node_modules/triple-beam
1887 silly REMOVE node_modules/@zowe/cli/node_modules/to-regex-range
1888 silly REMOVE node_modules/@zowe/cli/node_modules/text-hex
1889 silly REMOVE node_modules/@zowe/cli/node_modules/tar
1890 silly REMOVE node_modules/@zowe/cli/node_modules/tar/node_modules/yallist
1891 silly REMOVE node_modules/@zowe/cli/node_modules/tar/node_modules/minipass
1892 silly REMOVE node_modules/@zowe/cli/node_modules/tar/node_modules/chownr
1893 silly REMOVE node_modules/@zowe/cli/node_modules/supports-color
1894 silly REMOVE node_modules/@zowe/cli/node_modules/strip-ansi-cjs
1895 silly REMOVE node_modules/@zowe/cli/node_modules/strip-ansi
1896 silly REMOVE node_modules/@zowe/cli/node_modules/string-width-cjs
1897 silly REMOVE node_modules/@zowe/cli/node_modules/string-width
1898 silly REMOVE node_modules/@zowe/cli/node_modules/string_decoder
1899 silly REMOVE node_modules/@zowe/cli/node_modules/streamroller
1900 silly REMOVE node_modules/@zowe/cli/node_modules/streamroller/node_modules/universalify
1901 silly REMOVE node_modules/@zowe/cli/node_modules/streamroller/node_modules/jsonfile
1902 silly REMOVE node_modules/@zowe/cli/node_modules/streamroller/node_modules/fs-extra
1903 silly REMOVE node_modules/@zowe/cli/node_modules/stack-trace
1904 silly REMOVE node_modules/@zowe/cli/node_modules/ssh2
1905 silly REMOVE node_modules/@zowe/cli/node_modules/spdx-license-ids
1906 silly REMOVE node_modules/@zowe/cli/node_modules/spdx-expression-parse
1907 silly REMOVE node_modules/@zowe/cli/node_modules/spdx-exceptions
1908 silly REMOVE node_modules/@zowe/cli/node_modules/spdx-correct
1909 silly REMOVE node_modules/@zowe/cli/node_modules/socks
1910 silly REMOVE node_modules/@zowe/cli/node_modules/smart-buffer
1911 silly REMOVE node_modules/@zowe/cli/node_modules/simple-swizzle
1912 silly REMOVE node_modules/@zowe/cli/node_modules/simple-swizzle/node_modules/is-arrayish
1913 silly REMOVE node_modules/@zowe/cli/node_modules/sigstore
1914 silly REMOVE node_modules/@zowe/cli/node_modules/shebang-command
1915 silly REMOVE node_modules/@zowe/cli/node_modules/shebang-command/node_modules/shebang-regex
1916 silly REMOVE node_modules/@zowe/cli/node_modules/semver
1917 silly REMOVE node_modules/@zowe/cli/node_modules/safer-buffer
1918 silly REMOVE node_modules/@zowe/cli/node_modules/safe-stable-stringify
1919 silly REMOVE node_modules/@zowe/cli/node_modules/safe-buffer
1920 silly REMOVE node_modules/@zowe/cli/node_modules/run-parallel
1921 silly REMOVE node_modules/@zowe/cli/node_modules/rfdc
1922 silly REMOVE node_modules/@zowe/cli/node_modules/reusify
1923 silly REMOVE node_modules/@zowe/cli/node_modules/retry
1924 silly REMOVE node_modules/@zowe/cli/node_modules/require-directory
1925 silly REMOVE node_modules/@zowe/cli/node_modules/repeat-string
1926 silly REMOVE node_modules/@zowe/cli/node_modules/readable-stream
1927 silly REMOVE node_modules/@zowe/cli/node_modules/read
1928 silly REMOVE node_modules/@zowe/cli/node_modules/react-is
1929 silly REMOVE node_modules/@zowe/cli/node_modules/queue-microtask
1930 silly REMOVE node_modules/@zowe/cli/node_modules/punycode.js
1931 silly REMOVE node_modules/@zowe/cli/node_modules/promise-retry
1932 silly REMOVE node_modules/@zowe/cli/node_modules/promise-inflight
1933 silly REMOVE node_modules/@zowe/cli/node_modules/progress
1934 silly REMOVE node_modules/@zowe/cli/node_modules/prettyjson
1935 silly REMOVE node_modules/@zowe/cli/node_modules/pretty-format
1936 silly REMOVE node_modules/@zowe/cli/node_modules/pretty-format/node_modules/ansi-styles
1937 silly REMOVE node_modules/@zowe/cli/node_modules/picomatch
1938 silly REMOVE node_modules/@zowe/cli/node_modules/path-scurry
1939 silly REMOVE node_modules/@zowe/cli/node_modules/path-scurry/node_modules/minipass
1940 silly REMOVE node_modules/@zowe/cli/node_modules/path-key
1941 silly REMOVE node_modules/@zowe/cli/node_modules/path-exists
1942 silly REMOVE node_modules/@zowe/cli/node_modules/pacote
1943 silly REMOVE node_modules/@zowe/cli/node_modules/pacote/node_modules/unique-slug
1944 silly REMOVE node_modules/@zowe/cli/node_modules/pacote/node_modules/unique-filename
1945 silly REMOVE node_modules/@zowe/cli/node_modules/pacote/node_modules/ssri
1946 silly REMOVE node_modules/@zowe/cli/node_modules/pacote/node_modules/proc-log
1947 silly REMOVE node_modules/@zowe/cli/node_modules/pacote/node_modules/npm-pick-manifest
1948 silly REMOVE node_modules/@zowe/cli/node_modules/pacote/node_modules/npm-packlist
1949 silly REMOVE node_modules/@zowe/cli/node_modules/pacote/node_modules/npm-normalize-package-bin
1950 silly REMOVE node_modules/@zowe/cli/node_modules/pacote/node_modules/npm-bundled
1951 silly REMOVE node_modules/@zowe/cli/node_modules/pacote/node_modules/nopt
1952 silly REMOVE node_modules/@zowe/cli/node_modules/pacote/node_modules/node-gyp
1953 silly REMOVE node_modules/@zowe/cli/node_modules/pacote/node_modules/node-gyp/node_modules/proc-log
1954 silly REMOVE node_modules/@zowe/cli/node_modules/pacote/node_modules/minipass-fetch
1955 silly REMOVE node_modules/@zowe/cli/node_modules/pacote/node_modules/minipass-collect
1956 silly REMOVE node_modules/@zowe/cli/node_modules/pacote/node_modules/minipass
1957 silly REMOVE node_modules/@zowe/cli/node_modules/pacote/node_modules/make-fetch-happen
1958 silly REMOVE node_modules/@zowe/cli/node_modules/pacote/node_modules/json-parse-even-better-errors
1959 silly REMOVE node_modules/@zowe/cli/node_modules/pacote/node_modules/fs-minipass
1960 silly REMOVE node_modules/@zowe/cli/node_modules/pacote/node_modules/cacache
1961 silly REMOVE node_modules/@zowe/cli/node_modules/pacote/node_modules/abbrev
1962 silly REMOVE node_modules/@zowe/cli/node_modules/pacote/node_modules/@npmcli/run-script
1963 silly REMOVE node_modules/@zowe/cli/node_modules/pacote/node_modules/@npmcli/package-json
1964 silly REMOVE node_modules/@zowe/cli/node_modules/pacote/node_modules/@npmcli/node-gyp
1965 silly REMOVE node_modules/@zowe/cli/node_modules/pacote/node_modules/@npmcli/installed-package-contents
1966 silly REMOVE node_modules/@zowe/cli/node_modules/pacote/node_modules/@npmcli/fs
1967 silly REMOVE node_modules/@zowe/cli/node_modules/package-json-from-dist
1968 silly REMOVE node_modules/@zowe/cli/node_modules/p-map
1969 silly REMOVE node_modules/@zowe/cli/node_modules/p-locate
1970 silly REMOVE node_modules/@zowe/cli/node_modules/p-limit
1971 silly REMOVE node_modules/@zowe/cli/node_modules/opener
1972 silly REMOVE node_modules/@zowe/cli/node_modules/one-time
1973 silly REMOVE node_modules/@zowe/cli/node_modules/npm-registry-fetch
1974 silly REMOVE node_modules/@zowe/cli/node_modules/npm-registry-fetch/node_modules/unique-slug
1975 silly REMOVE node_modules/@zowe/cli/node_modules/npm-registry-fetch/node_modules/unique-filename
1976 silly REMOVE node_modules/@zowe/cli/node_modules/npm-registry-fetch/node_modules/ssri
1977 silly REMOVE node_modules/@zowe/cli/node_modules/npm-registry-fetch/node_modules/proc-log
1978 silly REMOVE node_modules/@zowe/cli/node_modules/npm-registry-fetch/node_modules/minipass-fetch
1979 silly REMOVE node_modules/@zowe/cli/node_modules/npm-registry-fetch/node_modules/minipass-collect
1980 silly REMOVE node_modules/@zowe/cli/node_modules/npm-registry-fetch/node_modules/minipass
1981 silly REMOVE node_modules/@zowe/cli/node_modules/npm-registry-fetch/node_modules/make-fetch-happen
1982 silly REMOVE node_modules/@zowe/cli/node_modules/npm-registry-fetch/node_modules/fs-minipass
1983 silly REMOVE node_modules/@zowe/cli/node_modules/npm-registry-fetch/node_modules/cacache
1984 silly REMOVE node_modules/@zowe/cli/node_modules/npm-registry-fetch/node_modules/@npmcli/fs
1985 silly REMOVE node_modules/@zowe/cli/node_modules/npm-package-arg
1986 silly REMOVE node_modules/@zowe/cli/node_modules/npm-package-arg/node_modules/proc-log
1987 silly REMOVE node_modules/@zowe/cli/node_modules/npm-install-checks
1988 silly REMOVE node_modules/@zowe/cli/node_modules/normalize-package-data
1989 silly REMOVE node_modules/@zowe/cli/node_modules/negotiator
1990 silly REMOVE node_modules/@zowe/cli/node_modules/mute-stream
1991 silly REMOVE node_modules/@zowe/cli/node_modules/mustache
1992 silly REMOVE node_modules/@zowe/cli/node_modules/ms
1993 silly REMOVE node_modules/@zowe/cli/node_modules/mkdirp
1994 silly REMOVE node_modules/@zowe/cli/node_modules/minizlib
1995 silly REMOVE node_modules/@zowe/cli/node_modules/minizlib/node_modules/yallist
1996 silly REMOVE node_modules/@zowe/cli/node_modules/minipass-sized
1997 silly REMOVE node_modules/@zowe/cli/node_modules/minipass-pipeline
1998 silly REMOVE node_modules/@zowe/cli/node_modules/minipass-flush
1999 silly REMOVE node_modules/@zowe/cli/node_modules/minipass
2000 silly REMOVE node_modules/@zowe/cli/node_modules/minipass/node_modules/yallist
2001 silly REMOVE node_modules/@zowe/cli/node_modules/minimist
2002 silly REMOVE node_modules/@zowe/cli/node_modules/minimatch
2003 silly REMOVE node_modules/@zowe/cli/node_modules/micromatch
2004 silly REMOVE node_modules/@zowe/cli/node_modules/merge2
2005 silly REMOVE node_modules/@zowe/cli/node_modules/mdurl
2006 silly REMOVE node_modules/@zowe/cli/node_modules/markdown-it
2007 silly REMOVE node_modules/@zowe/cli/node_modules/lru-cache
2008 silly REMOVE node_modules/@zowe/cli/node_modules/logform
2009 silly REMOVE node_modules/@zowe/cli/node_modules/logform/node_modules/@colors/colors
2010 silly REMOVE node_modules/@zowe/cli/node_modules/log4js
2011 silly REMOVE node_modules/@zowe/cli/node_modules/lodash-deep
2012 silly REMOVE node_modules/@zowe/cli/node_modules/lodash
2013 silly REMOVE node_modules/@zowe/cli/node_modules/locate-path
2014 silly REMOVE node_modules/@zowe/cli/node_modules/linkify-it
2015 silly REMOVE node_modules/@zowe/cli/node_modules/kuler
2016 silly REMOVE node_modules/@zowe/cli/node_modules/jsonschema
2017 silly REMOVE node_modules/@zowe/cli/node_modules/jsonparse
2018 silly REMOVE node_modules/@zowe/cli/node_modules/jsonfile
2019 silly REMOVE node_modules/@zowe/cli/node_modules/jsbn
2020 silly REMOVE node_modules/@zowe/cli/node_modules/js-yaml
2021 silly REMOVE node_modules/@zowe/cli/node_modules/jest-get-type
2022 silly REMOVE node_modules/@zowe/cli/node_modules/jest-diff
2023 silly REMOVE node_modules/@zowe/cli/node_modules/jackspeak
2024 silly REMOVE node_modules/@zowe/cli/node_modules/isexe
2025 silly REMOVE node_modules/@zowe/cli/node_modules/is-stream
2026 silly REMOVE node_modules/@zowe/cli/node_modules/is-number
2027 silly REMOVE node_modules/@zowe/cli/node_modules/is-lambda
2028 silly REMOVE node_modules/@zowe/cli/node_modules/is-glob
2029 silly REMOVE node_modules/@zowe/cli/node_modules/is-fullwidth-code-point
2030 silly REMOVE node_modules/@zowe/cli/node_modules/is-extglob
2031 silly REMOVE node_modules/@zowe/cli/node_modules/ip-address
2032 silly REMOVE node_modules/@zowe/cli/node_modules/ip-address/node_modules/sprintf-js
2033 silly REMOVE node_modules/@zowe/cli/node_modules/inherits
2034 silly REMOVE node_modules/@zowe/cli/node_modules/indent-string
2035 silly REMOVE node_modules/@zowe/cli/node_modules/imurmurhash
2036 silly REMOVE node_modules/@zowe/cli/node_modules/ignore-walk
2037 silly REMOVE node_modules/@zowe/cli/node_modules/http-cache-semantics
2038 silly REMOVE node_modules/@zowe/cli/node_modules/hosted-git-info
2039 silly REMOVE node_modules/@zowe/cli/node_modules/has-own-prop
2040 silly REMOVE node_modules/@zowe/cli/node_modules/has-flag
2041 silly REMOVE node_modules/@zowe/cli/node_modules/graceful-fs
2042 silly REMOVE node_modules/@zowe/cli/node_modules/glob-parent
2043 silly REMOVE node_modules/@zowe/cli/node_modules/glob
2044 silly REMOVE node_modules/@zowe/cli/node_modules/glob/node_modules/minipass
2045 silly REMOVE node_modules/@zowe/cli/node_modules/get-caller-file
2046 silly REMOVE node_modules/@zowe/cli/node_modules/fs-minipass
2047 silly REMOVE node_modules/@zowe/cli/node_modules/fs-extra
2048 silly REMOVE node_modules/@zowe/cli/node_modules/foreground-child
2049 silly REMOVE node_modules/@zowe/cli/node_modules/foreground-child/node_modules/signal-exit
2050 silly REMOVE node_modules/@zowe/cli/node_modules/fn.name
2051 silly REMOVE node_modules/@zowe/cli/node_modules/flatted
2052 silly REMOVE node_modules/@zowe/cli/node_modules/find-up
2053 silly REMOVE node_modules/@zowe/cli/node_modules/find-process
2054 silly REMOVE node_modules/@zowe/cli/node_modules/fill-range
2055 silly REMOVE node_modules/@zowe/cli/node_modules/fecha
2056 silly REMOVE node_modules/@zowe/cli/node_modules/fastq
2057 silly REMOVE node_modules/@zowe/cli/node_modules/fastest-levenshtein
2058 silly REMOVE node_modules/@zowe/cli/node_modules/fast-glob
2059 silly REMOVE node_modules/@zowe/cli/node_modules/exponential-backoff
2060 silly REMOVE node_modules/@zowe/cli/node_modules/esprima
2061 silly REMOVE node_modules/@zowe/cli/node_modules/escalade
2062 silly REMOVE node_modules/@zowe/cli/node_modules/err-code
2063 silly REMOVE node_modules/@zowe/cli/node_modules/env-paths
2064 silly REMOVE node_modules/@zowe/cli/node_modules/entities
2065 silly REMOVE node_modules/@zowe/cli/node_modules/encoding
2066 silly REMOVE node_modules/@zowe/cli/node_modules/encoding/node_modules/iconv-lite
2067 silly REMOVE node_modules/@zowe/cli/node_modules/enabled
2068 silly REMOVE node_modules/@zowe/cli/node_modules/emoji-regex
2069 silly REMOVE node_modules/@zowe/cli/node_modules/eastasianwidth
2070 silly REMOVE node_modules/@zowe/cli/node_modules/diff-sequences
2071 silly REMOVE node_modules/@zowe/cli/node_modules/deepmerge
2072 silly REMOVE node_modules/@zowe/cli/node_modules/debug
2073 silly REMOVE node_modules/@zowe/cli/node_modules/dayjs
2074 silly REMOVE node_modules/@zowe/cli/node_modules/date-format
2075 silly REMOVE node_modules/@zowe/cli/node_modules/dataobject-parser
2076 silly REMOVE node_modules/@zowe/cli/node_modules/cross-spawn
2077 silly REMOVE node_modules/@zowe/cli/node_modules/cross-spawn/node_modules/which
2078 silly REMOVE node_modules/@zowe/cli/node_modules/cross-spawn/node_modules/isexe
2079 silly REMOVE node_modules/@zowe/cli/node_modules/core-util-is
2080 silly REMOVE node_modules/@zowe/cli/node_modules/comment-json
2081 silly REMOVE node_modules/@zowe/cli/node_modules/commander
2082 silly REMOVE node_modules/@zowe/cli/node_modules/colorspace
2083 silly REMOVE node_modules/@zowe/cli/node_modules/colors
2084 silly REMOVE node_modules/@zowe/cli/node_modules/color-string
2085 silly REMOVE node_modules/@zowe/cli/node_modules/color-name
2086 silly REMOVE node_modules/@zowe/cli/node_modules/color-convert
2087 silly REMOVE node_modules/@zowe/cli/node_modules/color
2088 silly REMOVE node_modules/@zowe/cli/node_modules/color/node_modules/color-name
2089 silly REMOVE node_modules/@zowe/cli/node_modules/color/node_modules/color-convert
2090 silly REMOVE node_modules/@zowe/cli/node_modules/cli-table3
2091 silly REMOVE node_modules/@zowe/cli/node_modules/clean-stack
2092 silly REMOVE node_modules/@zowe/cli/node_modules/chalk
2093 silly REMOVE node_modules/@zowe/cli/node_modules/braces
2094 silly REMOVE node_modules/@zowe/cli/node_modules/brace-expansion
2095 silly REMOVE node_modules/@zowe/cli/node_modules/bcrypt-pbkdf
2096 silly REMOVE node_modules/@zowe/cli/node_modules/balanced-match
2097 silly REMOVE node_modules/@zowe/cli/node_modules/asn1
2098 silly REMOVE node_modules/@zowe/cli/node_modules/array-timsort
2099 silly REMOVE node_modules/@zowe/cli/node_modules/argparse
2100 silly REMOVE node_modules/@zowe/cli/node_modules/ansi-styles
2101 silly REMOVE node_modules/@zowe/cli/node_modules/ansi-regex
2102 silly REMOVE node_modules/@zowe/cli/node_modules/aggregate-error
2103 silly REMOVE node_modules/@zowe/cli/node_modules/@zowe/zosmf-for-zowe-sdk
2104 silly REMOVE node_modules/@zowe/cli/node_modules/@zowe/zos-workflows-for-zowe-sdk
2105 silly REMOVE node_modules/@zowe/cli/node_modules/@zowe/zos-uss-for-zowe-sdk
2106 silly REMOVE node_modules/@zowe/cli/node_modules/@zowe/zos-tso-for-zowe-sdk
2107 silly REMOVE node_modules/@zowe/cli/node_modules/@zowe/zos-logs-for-zowe-sdk
2108 silly REMOVE node_modules/@zowe/cli/node_modules/@zowe/zos-jobs-for-zowe-sdk
2109 silly REMOVE node_modules/@zowe/cli/node_modules/@zowe/zos-files-for-zowe-sdk
2110 silly REMOVE node_modules/@zowe/cli/node_modules/@zowe/zos-console-for-zowe-sdk
2111 silly REMOVE node_modules/@zowe/cli/node_modules/@zowe/secrets-for-zowe-sdk
2112 silly REMOVE node_modules/@zowe/cli/node_modules/@zowe/provisioning-for-zowe-sdk
2113 silly REMOVE node_modules/@zowe/cli/node_modules/@zowe/imperative
2114 silly REMOVE node_modules/@zowe/cli/node_modules/@zowe/imperative/node_modules/https-proxy-agent
2115 silly REMOVE node_modules/@zowe/cli/node_modules/@zowe/imperative/node_modules/http-proxy-agent
2116 silly REMOVE node_modules/@zowe/cli/node_modules/@zowe/imperative/node_modules/highlight.js
2117 silly REMOVE node_modules/@zowe/cli/node_modules/@zowe/imperative/node_modules/diff2html
2118 silly REMOVE node_modules/@zowe/cli/node_modules/@zowe/imperative/node_modules/diff2html/node_modules/diff
2119 silly REMOVE node_modules/@zowe/cli/node_modules/@zowe/imperative/node_modules/diff
2120 silly REMOVE node_modules/@zowe/cli/node_modules/@zowe/imperative/node_modules/agent-base
2121 silly REMOVE node_modules/@zowe/cli/node_modules/@zowe/core-for-zowe-sdk
2122 silly REMOVE node_modules/@zowe/cli/node_modules/@types/yargs-parser
2123 silly REMOVE node_modules/@zowe/cli/node_modules/@types/yargs
2124 silly REMOVE node_modules/@zowe/cli/node_modules/@types/triple-beam
2125 silly REMOVE node_modules/@zowe/cli/node_modules/@tufjs/models
2126 silly REMOVE node_modules/@zowe/cli/node_modules/@tufjs/canonical-json
2127 silly REMOVE node_modules/@zowe/cli/node_modules/@sinclair/typebox
2128 silly REMOVE node_modules/@zowe/cli/node_modules/@sigstore/verify
2129 silly REMOVE node_modules/@zowe/cli/node_modules/@sigstore/tuf
2130 silly REMOVE node_modules/@zowe/cli/node_modules/@sigstore/sign
2131 silly REMOVE node_modules/@zowe/cli/node_modules/@sigstore/sign/node_modules/unique-slug
2132 silly REMOVE node_modules/@zowe/cli/node_modules/@sigstore/sign/node_modules/unique-filename
2133 silly REMOVE node_modules/@zowe/cli/node_modules/@sigstore/sign/node_modules/ssri
2134 silly REMOVE node_modules/@zowe/cli/node_modules/@sigstore/sign/node_modules/minipass-fetch
2135 silly REMOVE node_modules/@zowe/cli/node_modules/@sigstore/sign/node_modules/minipass-collect
2136 silly REMOVE node_modules/@zowe/cli/node_modules/@sigstore/sign/node_modules/minipass
2137 silly REMOVE node_modules/@zowe/cli/node_modules/@sigstore/sign/node_modules/make-fetch-happen
2138 silly REMOVE node_modules/@zowe/cli/node_modules/@sigstore/sign/node_modules/fs-minipass
2139 silly REMOVE node_modules/@zowe/cli/node_modules/@sigstore/sign/node_modules/cacache
2140 silly REMOVE node_modules/@zowe/cli/node_modules/@sigstore/sign/node_modules/@npmcli/fs
2141 silly REMOVE node_modules/@zowe/cli/node_modules/@sigstore/protobuf-specs
2142 silly REMOVE node_modules/@zowe/cli/node_modules/@sigstore/core
2143 silly REMOVE node_modules/@zowe/cli/node_modules/@sigstore/bundle
2144 silly REMOVE node_modules/@zowe/cli/node_modules/@pkgjs/parseargs
2145 silly REMOVE node_modules/@zowe/cli/node_modules/@npmcli/redact
2146 silly REMOVE node_modules/@zowe/cli/node_modules/@npmcli/promise-spawn
2147 silly REMOVE node_modules/@zowe/cli/node_modules/@npmcli/git
2148 silly REMOVE node_modules/@zowe/cli/node_modules/@npmcli/git/node_modules/proc-log
2149 silly REMOVE node_modules/@zowe/cli/node_modules/@npmcli/git/node_modules/npm-pick-manifest
2150 silly REMOVE node_modules/@zowe/cli/node_modules/@npmcli/git/node_modules/npm-normalize-package-bin
2151 silly REMOVE node_modules/@zowe/cli/node_modules/@npmcli/agent
2152 silly REMOVE node_modules/@zowe/cli/node_modules/@npmcli/agent/node_modules/socks-proxy-agent
2153 silly REMOVE node_modules/@zowe/cli/node_modules/@npmcli/agent/node_modules/https-proxy-agent
2154 silly REMOVE node_modules/@zowe/cli/node_modules/@npmcli/agent/node_modules/http-proxy-agent
2155 silly REMOVE node_modules/@zowe/cli/node_modules/@npmcli/agent/node_modules/agent-base
2156 silly REMOVE node_modules/@zowe/cli/node_modules/@nodelib/fs.walk
2157 silly REMOVE node_modules/@zowe/cli/node_modules/@nodelib/fs.stat
2158 silly REMOVE node_modules/@zowe/cli/node_modules/@nodelib/fs.scandir
2159 silly REMOVE node_modules/@zowe/cli/node_modules/@jest/schemas
2160 silly REMOVE node_modules/@zowe/cli/node_modules/@isaacs/cliui
2161 silly REMOVE node_modules/@zowe/cli/node_modules/@isaacs/cliui/node_modules/wrap-ansi
2162 silly REMOVE node_modules/@zowe/cli/node_modules/@isaacs/cliui/node_modules/strip-ansi
2163 silly REMOVE node_modules/@zowe/cli/node_modules/@isaacs/cliui/node_modules/string-width
2164 silly REMOVE node_modules/@zowe/cli/node_modules/@isaacs/cliui/node_modules/emoji-regex
2165 silly REMOVE node_modules/@zowe/cli/node_modules/@isaacs/cliui/node_modules/ansi-styles
2166 silly REMOVE node_modules/@zowe/cli/node_modules/@isaacs/cliui/node_modules/ansi-regex
2167 silly REMOVE node_modules/@zowe/cli/node_modules/@dabh/diagnostics
2168 silly REMOVE node_modules/@zowe/cli/node_modules/@colors/colors
2169 verbose cwd C:\Users\NicholasChien\Documents\VSCode4z-InstantPack-work\npm-cache\npm-tmp
2170 verbose os Windows_NT 10.0.26100
2171 verbose node v22.16.0
2172 verbose npm  v10.9.2
2173 verbose exit 0
2174 info ok
