0 verbose cli C:\Program Files\nodejs\node.exe C:\Program Files\nodejs\node_modules\npm\bin\npm-cli.js
1 info using npm@10.9.2
2 info using node@v22.16.0
3 silly config load:file:C:\Program Files\nodejs\node_modules\npm\npmrc
4 silly config load:file:C:\Users\NicholasChien\Documents\VSCode4z-InstantPack-work\npm-cache\npm-tmp\.npmrc
5 silly config load:file:C:\Users\NicholasChien\.npmrc
6 silly config load:file:C:\Users\NicholasChien\AppData\Roaming\npm\etc\npmrc
7 verbose title npm install @zowe/zos-ftp-for-zowe-cli@3.0.0
8 verbose argv "install" "--no-fund" "--no-audit" "--no-save" "--no-package-lock" "--prefer-online" "--cache" "C:\\Users\\NicholasChien\\Documents\\VSCode4z-InstantPack-work\\npm-cache" "@zowe/zos-ftp-for-zowe-cli@3.0.0"
9 verbose logfile logs-max:10 dir:C:\Users\NicholasChien\Documents\VSCode4z-InstantPack-work\npm-cache\_logs\2025-11-28T07_17_59_852Z-
10 verbose logfile C:\Users\NicholasChien\Documents\VSCode4z-InstantPack-work\npm-cache\_logs\2025-11-28T07_17_59_852Z-debug-0.log
11 silly logfile done cleaning log files
12 silly packumentCache heap:4345298944 maxSize:1086324736 maxEntrySize:543162368
13 silly idealTree buildDeps
14 silly fetch manifest @zowe/zos-ftp-for-zowe-cli@3.0.0
15 silly packumentCache full:https://registry.npmjs.org/@zowe%2fzos-ftp-for-zowe-cli cache-miss
16 http fetch GET 200 https://registry.npmjs.org/@zowe%2fzos-ftp-for-zowe-cli 1613ms (cache revalidated)
17 silly packumentCache full:https://registry.npmjs.org/@zowe%2fzos-ftp-for-zowe-cli set size:202307 disposed:false
18 silly fetch manifest @zowe/imperative@^8.0.0
19 silly packumentCache full:https://registry.npmjs.org/@zowe%2fimperative cache-miss
20 http fetch GET 200 https://registry.npmjs.org/@zowe%2fimperative 86ms (cache revalidated)
21 silly packumentCache full:https://registry.npmjs.org/@zowe%2fimperative set size:2315670 disposed:false
22 silly placeDep ROOT @zowe/zos-ftp-for-zowe-cli@3.0.0 OK for:  want: 3.0.0
23 silly fetch manifest zos-node-accessor@2.0.11
24 silly packumentCache full:https://registry.npmjs.org/zos-node-accessor cache-miss
25 http fetch GET 200 https://registry.npmjs.org/zos-node-accessor 661ms (cache revalidated)
26 silly packumentCache full:https://registry.npmjs.org/zos-node-accessor set size:115235 disposed:false
27 silly reify mark retired [
27 silly reify   'C:\\Users\\NicholasChien\\Documents\\VSCode4z-InstantPack-work\\npm-cache\\npm-tmp\\node_modules\\@zowe\\cics-for-zowe-cli'
27 silly reify ]
28 silly reify moves {
28 silly reify   'C:\\Users\\NicholasChien\\Documents\\VSCode4z-InstantPack-work\\npm-cache\\npm-tmp\\node_modules\\@zowe\\cics-for-zowe-cli': 'C:\\Users\\NicholasChien\\Documents\\VSCode4z-InstantPack-work\\npm-cache\\npm-tmp\\node_modules\\@zowe\\.cics-for-zowe-cli-m9yZoK4S'
28 silly reify }
29 http fetch GET 200 https://registry.npmjs.org/@zowe/zos-ftp-for-zowe-cli/-/zos-ftp-for-zowe-cli-3.0.0.tgz 713ms (cache revalidated)
30 http fetch GET 200 https://registry.npmjs.org/@zowe/cli/-/cli-8.0.0.tgz 970ms (cache revalidated)
31 silly timing Tried to end timer that doesn't exist: reify:loadShrinkwraps
32 verbose reify failed optional dependency C:\Users\NicholasChien\Documents\VSCode4z-InstantPack-work\npm-cache\npm-tmp\node_modules\@zowe\zos-ftp-for-zowe-cli\node_modules\fsevents
33 silly reify mark deleted [
33 silly reify   'C:\\Users\\NicholasChien\\Documents\\VSCode4z-InstantPack-work\\npm-cache\\npm-tmp\\node_modules\\@zowe\\zos-ftp-for-zowe-cli\\node_modules\\fsevents'
33 silly reify ]
34 silly packumentCache corgi:https://registry.npmjs.org/y18n cache-miss
35 silly packumentCache corgi:https://registry.npmjs.org/yocto-queue cache-miss
36 silly packumentCache corgi:https://registry.npmjs.org/yargs-parser cache-miss
37 silly packumentCache corgi:https://registry.npmjs.org/cliui cache-miss
38 silly packumentCache corgi:https://registry.npmjs.org/wrap-ansi cache-miss
39 silly packumentCache corgi:https://registry.npmjs.org/yargs cache-miss
40 silly packumentCache corgi:https://registry.npmjs.org/wontache cache-miss
41 silly packumentCache corgi:https://registry.npmjs.org/universalify cache-miss
42 silly packumentCache corgi:https://registry.npmjs.org/validate-npm-package-name cache-miss
43 silly packumentCache corgi:https://registry.npmjs.org/validate-npm-package-license cache-miss
44 silly packumentCache corgi:https://registry.npmjs.org/underscore cache-miss
45 silly packumentCache corgi:https://registry.npmjs.org/unique-filename cache-miss
46 silly packumentCache corgi:https://registry.npmjs.org/unique-slug cache-miss
47 silly packumentCache corgi:https://registry.npmjs.org/minipass-fetch cache-miss
48 silly packumentCache corgi:https://registry.npmjs.org/minipass cache-miss
49 silly packumentCache corgi:https://registry.npmjs.org/ssri cache-miss
50 silly packumentCache corgi:https://registry.npmjs.org/make-fetch-happen cache-miss
51 silly packumentCache corgi:https://registry.npmjs.org/minipass-collect cache-miss
52 silly packumentCache corgi:https://registry.npmjs.org/@npmcli%2ffs cache-miss
53 silly packumentCache corgi:https://registry.npmjs.org/cacache cache-miss
54 silly packumentCache corgi:https://registry.npmjs.org/minipass cache-miss
55 silly packumentCache corgi:https://registry.npmjs.org/tweetnacl cache-miss
56 silly packumentCache corgi:https://registry.npmjs.org/fs-minipass cache-miss
57 silly packumentCache corgi:https://registry.npmjs.org/tuf-js cache-miss
58 silly packumentCache corgi:https://registry.npmjs.org/uc.micro cache-miss
59 silly packumentCache corgi:https://registry.npmjs.org/chownr cache-miss
60 silly packumentCache corgi:https://registry.npmjs.org/yallist cache-miss
61 silly packumentCache corgi:https://registry.npmjs.org/tar cache-miss
62 silly packumentCache corgi:https://registry.npmjs.org/to-regex-range cache-miss
63 silly packumentCache corgi:https://registry.npmjs.org/supports-color cache-miss
64 silly packumentCache corgi:https://registry.npmjs.org/jsonfile cache-miss
65 silly packumentCache corgi:https://registry.npmjs.org/universalify cache-miss
66 silly packumentCache corgi:https://registry.npmjs.org/streamroller cache-miss
67 silly packumentCache corgi:https://registry.npmjs.org/string-width cache-miss
68 silly packumentCache corgi:https://registry.npmjs.org/fs-extra cache-miss
69 silly packumentCache corgi:https://registry.npmjs.org/ssh2 cache-miss
70 silly packumentCache corgi:https://registry.npmjs.org/spdx-license-ids cache-miss
71 silly packumentCache corgi:https://registry.npmjs.org/strip-ansi cache-miss
72 silly packumentCache corgi:https://registry.npmjs.org/spdx-expression-parse cache-miss
73 silly packumentCache corgi:https://registry.npmjs.org/stack-trace cache-miss
74 silly packumentCache corgi:https://registry.npmjs.org/socks cache-miss
75 silly packumentCache corgi:https://registry.npmjs.org/spdx-correct cache-miss
76 silly packumentCache corgi:https://registry.npmjs.org/spdx-exceptions cache-miss
77 silly packumentCache corgi:https://registry.npmjs.org/smart-buffer cache-miss
78 silly packumentCache corgi:https://registry.npmjs.org/shebang-regex cache-miss
79 silly packumentCache corgi:https://registry.npmjs.org/sigstore cache-miss
80 silly packumentCache corgi:https://registry.npmjs.org/safer-buffer cache-miss
81 silly packumentCache corgi:https://registry.npmjs.org/semver cache-miss
82 silly packumentCache corgi:https://registry.npmjs.org/shebang-command cache-miss
83 silly packumentCache corgi:https://registry.npmjs.org/run-parallel cache-miss
84 silly packumentCache corgi:https://registry.npmjs.org/rfdc cache-miss
85 silly packumentCache corgi:https://registry.npmjs.org/reusify cache-miss
86 silly packumentCache corgi:https://registry.npmjs.org/require-directory cache-miss
87 silly packumentCache corgi:https://registry.npmjs.org/retry cache-miss
88 silly packumentCache corgi:https://registry.npmjs.org/repeat-string cache-miss
89 silly packumentCache corgi:https://registry.npmjs.org/react-is cache-miss
90 silly packumentCache corgi:https://registry.npmjs.org/ansi-styles cache-miss
91 silly packumentCache corgi:https://registry.npmjs.org/queue-microtask cache-miss
92 silly packumentCache corgi:https://registry.npmjs.org/punycode.js cache-miss
93 silly packumentCache corgi:https://registry.npmjs.org/read cache-miss
94 silly packumentCache corgi:https://registry.npmjs.org/promise-inflight cache-miss
95 silly packumentCache corgi:https://registry.npmjs.org/progress cache-miss
96 silly packumentCache corgi:https://registry.npmjs.org/minipass cache-miss
97 silly packumentCache corgi:https://registry.npmjs.org/promise-retry cache-miss
98 silly packumentCache corgi:https://registry.npmjs.org/prettyjson cache-miss
99 silly packumentCache corgi:https://registry.npmjs.org/pretty-format cache-miss
100 silly packumentCache corgi:https://registry.npmjs.org/unique-slug cache-miss
101 silly packumentCache corgi:https://registry.npmjs.org/picomatch cache-miss
102 silly packumentCache corgi:https://registry.npmjs.org/path-scurry cache-miss
103 silly packumentCache corgi:https://registry.npmjs.org/unique-filename cache-miss
104 silly packumentCache corgi:https://registry.npmjs.org/path-exists cache-miss
105 silly packumentCache corgi:https://registry.npmjs.org/ssri cache-miss
106 silly packumentCache corgi:https://registry.npmjs.org/path-key cache-miss
107 silly packumentCache corgi:https://registry.npmjs.org/pacote cache-miss
108 silly packumentCache corgi:https://registry.npmjs.org/npm-pick-manifest cache-miss
109 silly packumentCache corgi:https://registry.npmjs.org/proc-log cache-miss
110 silly packumentCache corgi:https://registry.npmjs.org/npm-packlist cache-miss
111 silly packumentCache corgi:https://registry.npmjs.org/minipass-fetch cache-miss
112 silly packumentCache corgi:https://registry.npmjs.org/nopt cache-miss
113 silly packumentCache corgi:https://registry.npmjs.org/proc-log cache-miss
114 silly packumentCache corgi:https://registry.npmjs.org/minipass-collect cache-miss
115 silly packumentCache corgi:https://registry.npmjs.org/node-gyp cache-miss
116 silly packumentCache corgi:https://registry.npmjs.org/npm-bundled cache-miss
117 silly packumentCache corgi:https://registry.npmjs.org/minipass cache-miss
118 silly packumentCache corgi:https://registry.npmjs.org/make-fetch-happen cache-miss
119 silly packumentCache corgi:https://registry.npmjs.org/@npmcli%2frun-script cache-miss
120 silly packumentCache corgi:https://registry.npmjs.org/json-parse-even-better-errors cache-miss
121 silly packumentCache corgi:https://registry.npmjs.org/@npmcli%2fnode-gyp cache-miss
122 silly packumentCache corgi:https://registry.npmjs.org/package-json-from-dist cache-miss
123 silly packumentCache corgi:https://registry.npmjs.org/abbrev cache-miss
124 silly packumentCache corgi:https://registry.npmjs.org/fs-minipass cache-miss
125 silly packumentCache corgi:https://registry.npmjs.org/cacache cache-miss
126 silly packumentCache corgi:https://registry.npmjs.org/p-locate cache-miss
127 silly packumentCache corgi:https://registry.npmjs.org/p-map cache-miss
128 silly packumentCache corgi:https://registry.npmjs.org/p-limit cache-miss
129 silly packumentCache corgi:https://registry.npmjs.org/opener cache-miss
130 silly packumentCache corgi:https://registry.npmjs.org/unique-filename cache-miss
131 silly packumentCache corgi:https://registry.npmjs.org/npm-registry-fetch cache-miss
132 silly packumentCache corgi:https://registry.npmjs.org/unique-slug cache-miss
133 silly packumentCache corgi:https://registry.npmjs.org/ssri cache-miss
134 silly packumentCache corgi:https://registry.npmjs.org/proc-log cache-miss
135 silly packumentCache corgi:https://registry.npmjs.org/@npmcli%2finstalled-package-contents cache-miss
136 silly packumentCache corgi:https://registry.npmjs.org/minipass-collect cache-miss
137 silly packumentCache corgi:https://registry.npmjs.org/@npmcli%2fpackage-json cache-miss
138 silly packumentCache corgi:https://registry.npmjs.org/minipass cache-miss
139 silly packumentCache corgi:https://registry.npmjs.org/npm-normalize-package-bin cache-miss
140 silly packumentCache corgi:https://registry.npmjs.org/make-fetch-happen cache-miss
141 silly packumentCache corgi:https://registry.npmjs.org/npm-install-checks cache-miss
142 silly packumentCache corgi:https://registry.npmjs.org/minipass-fetch cache-miss
143 silly packumentCache corgi:https://registry.npmjs.org/@npmcli%2ffs cache-miss
144 silly packumentCache corgi:https://registry.npmjs.org/negotiator cache-miss
145 silly packumentCache corgi:https://registry.npmjs.org/proc-log cache-miss
146 silly packumentCache corgi:https://registry.npmjs.org/mute-stream cache-miss
147 silly packumentCache corgi:https://registry.npmjs.org/@npmcli%2ffs cache-miss
148 silly packumentCache corgi:https://registry.npmjs.org/ms cache-miss
149 silly packumentCache corgi:https://registry.npmjs.org/fs-minipass cache-miss
150 silly packumentCache corgi:https://registry.npmjs.org/cacache cache-miss
151 silly packumentCache corgi:https://registry.npmjs.org/nan cache-miss
152 silly packumentCache corgi:https://registry.npmjs.org/yallist cache-miss
153 silly packumentCache corgi:https://registry.npmjs.org/mustache cache-miss
154 silly packumentCache corgi:https://registry.npmjs.org/normalize-package-data cache-miss
155 silly packumentCache corgi:https://registry.npmjs.org/minizlib cache-miss
156 silly packumentCache corgi:https://registry.npmjs.org/yallist cache-miss
157 silly packumentCache corgi:https://registry.npmjs.org/npm-package-arg cache-miss
158 silly packumentCache corgi:https://registry.npmjs.org/minipass-sized cache-miss
159 silly packumentCache corgi:https://registry.npmjs.org/minipass-pipeline cache-miss
160 silly packumentCache corgi:https://registry.npmjs.org/minipass-flush cache-miss
161 silly packumentCache corgi:https://registry.npmjs.org/minipass cache-miss
162 silly packumentCache corgi:https://registry.npmjs.org/minimist cache-miss
163 silly packumentCache corgi:https://registry.npmjs.org/mdurl cache-miss
164 silly packumentCache corgi:https://registry.npmjs.org/markdown-it cache-miss
165 silly packumentCache corgi:https://registry.npmjs.org/merge2 cache-miss
166 silly packumentCache corgi:https://registry.npmjs.org/lru-cache cache-miss
167 silly packumentCache corgi:https://registry.npmjs.org/lodash-deep cache-miss
168 silly packumentCache corgi:https://registry.npmjs.org/lodash cache-miss
169 silly packumentCache corgi:https://registry.npmjs.org/log4js cache-miss
170 silly packumentCache corgi:https://registry.npmjs.org/linkify-it cache-miss
171 silly packumentCache corgi:https://registry.npmjs.org/locate-path cache-miss
172 silly packumentCache corgi:https://registry.npmjs.org/jsonschema cache-miss
173 silly packumentCache corgi:https://registry.npmjs.org/jsbn cache-miss
174 silly packumentCache corgi:https://registry.npmjs.org/jsonfile cache-miss
175 silly packumentCache corgi:https://registry.npmjs.org/js-yaml cache-miss
176 silly packumentCache corgi:https://registry.npmjs.org/jest-get-type cache-miss
177 silly packumentCache corgi:https://registry.npmjs.org/mkdirp cache-miss
178 silly packumentCache corgi:https://registry.npmjs.org/jest-diff cache-miss
179 silly packumentCache corgi:https://registry.npmjs.org/is-number cache-miss
180 silly packumentCache corgi:https://registry.npmjs.org/is-lambda cache-miss
181 silly packumentCache corgi:https://registry.npmjs.org/is-glob cache-miss
182 silly packumentCache corgi:https://registry.npmjs.org/is-fullwidth-code-point cache-miss
183 silly packumentCache corgi:https://registry.npmjs.org/is-extglob cache-miss
184 silly packumentCache corgi:https://registry.npmjs.org/sprintf-js cache-miss
185 silly packumentCache corgi:https://registry.npmjs.org/indent-string cache-miss
186 silly packumentCache corgi:https://registry.npmjs.org/http-cache-semantics cache-miss
187 silly packumentCache corgi:https://registry.npmjs.org/jsonparse cache-miss
188 silly packumentCache corgi:https://registry.npmjs.org/imurmurhash cache-miss
189 silly packumentCache corgi:https://registry.npmjs.org/ignore-walk cache-miss
190 silly packumentCache corgi:https://registry.npmjs.org/ip-address cache-miss
191 silly packumentCache corgi:https://registry.npmjs.org/hosted-git-info cache-miss
192 silly packumentCache corgi:https://registry.npmjs.org/has-own-prop cache-miss
193 silly packumentCache corgi:https://registry.npmjs.org/has-flag cache-miss
194 silly packumentCache corgi:https://registry.npmjs.org/graceful-fs cache-miss
195 silly packumentCache corgi:https://registry.npmjs.org/signal-exit cache-miss
196 silly packumentCache corgi:https://registry.npmjs.org/glob-parent cache-miss
197 silly packumentCache corgi:https://registry.npmjs.org/fs-minipass cache-miss
198 silly packumentCache corgi:https://registry.npmjs.org/get-caller-file cache-miss
199 silly packumentCache corgi:https://registry.npmjs.org/flatted cache-miss
200 silly packumentCache corgi:https://registry.npmjs.org/fs-extra cache-miss
201 silly packumentCache corgi:https://registry.npmjs.org/foreground-child cache-miss
202 silly packumentCache corgi:https://registry.npmjs.org/find-up cache-miss
203 silly packumentCache corgi:https://registry.npmjs.org/fastest-levenshtein cache-miss
204 silly packumentCache corgi:https://registry.npmjs.org/fill-range cache-miss
205 silly packumentCache corgi:https://registry.npmjs.org/fast-glob cache-miss
206 silly packumentCache corgi:https://registry.npmjs.org/esprima cache-miss
207 silly packumentCache corgi:https://registry.npmjs.org/fastq cache-miss
208 silly packumentCache corgi:https://registry.npmjs.org/exponential-backoff cache-miss
209 silly packumentCache corgi:https://registry.npmjs.org/iconv-lite cache-miss
210 silly packumentCache corgi:https://registry.npmjs.org/escalade cache-miss
211 silly packumentCache corgi:https://registry.npmjs.org/err-code cache-miss
212 silly packumentCache corgi:https://registry.npmjs.org/entities cache-miss
213 silly packumentCache corgi:https://registry.npmjs.org/env-paths cache-miss
214 silly packumentCache corgi:https://registry.npmjs.org/encoding cache-miss
215 silly packumentCache corgi:https://registry.npmjs.org/emoji-regex cache-miss
216 silly packumentCache corgi:https://registry.npmjs.org/deepmerge cache-miss
217 silly packumentCache corgi:https://registry.npmjs.org/diff-sequences cache-miss
218 silly packumentCache corgi:https://registry.npmjs.org/debug cache-miss
219 silly packumentCache corgi:https://registry.npmjs.org/date-format cache-miss
220 silly packumentCache corgi:https://registry.npmjs.org/dataobject-parser cache-miss
221 silly packumentCache corgi:https://registry.npmjs.org/core-util-is cache-miss
222 silly packumentCache corgi:https://registry.npmjs.org/cpu-features cache-miss
223 silly packumentCache corgi:https://registry.npmjs.org/find-process cache-miss
224 silly packumentCache corgi:https://registry.npmjs.org/comment-json cache-miss
225 silly packumentCache corgi:https://registry.npmjs.org/cross-spawn cache-miss
226 silly packumentCache corgi:https://registry.npmjs.org/color-name cache-miss
227 silly packumentCache corgi:https://registry.npmjs.org/chalk cache-miss
228 silly packumentCache corgi:https://registry.npmjs.org/colors cache-miss
229 silly packumentCache corgi:https://registry.npmjs.org/color-convert cache-miss
230 silly packumentCache corgi:https://registry.npmjs.org/clean-stack cache-miss
231 silly packumentCache corgi:https://registry.npmjs.org/commander cache-miss
232 silly packumentCache corgi:https://registry.npmjs.org/cli-table3 cache-miss
233 silly packumentCache corgi:https://registry.npmjs.org/braces cache-miss
234 silly packumentCache corgi:https://registry.npmjs.org/buildcheck cache-miss
235 silly packumentCache corgi:https://registry.npmjs.org/argparse cache-miss
236 silly packumentCache corgi:https://registry.npmjs.org/array-timsort cache-miss
237 silly packumentCache corgi:https://registry.npmjs.org/asn1 cache-miss
238 silly packumentCache corgi:https://registry.npmjs.org/aggregate-error cache-miss
239 silly packumentCache corgi:https://registry.npmjs.org/balanced-match cache-miss
240 silly packumentCache corgi:https://registry.npmjs.org/bcrypt-pbkdf cache-miss
241 silly packumentCache corgi:https://registry.npmjs.org/ansi-styles cache-miss
242 silly packumentCache corgi:https://registry.npmjs.org/@types%2fyargs-parser cache-miss
243 silly packumentCache corgi:https://registry.npmjs.org/@types%2fyargs cache-miss
244 silly packumentCache corgi:https://registry.npmjs.org/unique-slug cache-miss
245 silly packumentCache corgi:https://registry.npmjs.org/@sinclair%2ftypebox cache-miss
246 silly packumentCache corgi:https://registry.npmjs.org/@tufjs%2fmodels cache-miss
247 silly packumentCache corgi:https://registry.npmjs.org/unique-filename cache-miss
248 silly packumentCache corgi:https://registry.npmjs.org/@sigstore%2fverify cache-miss
249 silly packumentCache corgi:https://registry.npmjs.org/@tufjs%2fcanonical-json cache-miss
250 silly packumentCache corgi:https://registry.npmjs.org/@sigstore%2fsign cache-miss
251 silly packumentCache corgi:https://registry.npmjs.org/minipass-collect cache-miss
252 silly packumentCache corgi:https://registry.npmjs.org/ssri cache-miss
253 silly packumentCache corgi:https://registry.npmjs.org/cacache cache-miss
254 silly packumentCache corgi:https://registry.npmjs.org/fs-minipass cache-miss
255 silly packumentCache corgi:https://registry.npmjs.org/make-fetch-happen cache-miss
256 silly packumentCache corgi:https://registry.npmjs.org/@sigstore%2ftuf cache-miss
257 silly packumentCache corgi:https://registry.npmjs.org/minipass-fetch cache-miss
258 silly packumentCache corgi:https://registry.npmjs.org/@npmcli%2ffs cache-miss
259 silly packumentCache corgi:https://registry.npmjs.org/@sigstore%2fprotobuf-specs cache-miss
260 silly packumentCache corgi:https://registry.npmjs.org/@npmcli%2fpromise-spawn cache-miss
261 silly packumentCache corgi:https://registry.npmjs.org/@sigstore%2fbundle cache-miss
262 silly packumentCache corgi:https://registry.npmjs.org/@sigstore%2fcore cache-miss
263 silly packumentCache corgi:https://registry.npmjs.org/@npmcli%2fgit cache-miss
264 silly packumentCache corgi:https://registry.npmjs.org/@npmcli%2fredact cache-miss
265 silly packumentCache corgi:https://registry.npmjs.org/socks-proxy-agent cache-miss
266 silly packumentCache corgi:https://registry.npmjs.org/@npmcli%2fagent cache-miss
267 silly packumentCache corgi:https://registry.npmjs.org/npm-pick-manifest cache-miss
268 silly packumentCache corgi:https://registry.npmjs.org/proc-log cache-miss
269 silly packumentCache corgi:https://registry.npmjs.org/http-proxy-agent cache-miss
270 silly packumentCache corgi:https://registry.npmjs.org/npm-normalize-package-bin cache-miss
271 silly packumentCache corgi:https://registry.npmjs.org/@nodelib%2ffs.walk cache-miss
272 silly packumentCache corgi:https://registry.npmjs.org/https-proxy-agent cache-miss
273 silly packumentCache corgi:https://registry.npmjs.org/agent-base cache-miss
274 silly packumentCache corgi:https://registry.npmjs.org/@jest%2fschemas cache-miss
275 silly packumentCache corgi:https://registry.npmjs.org/@nodelib%2ffs.scandir cache-miss
276 silly packumentCache corgi:https://registry.npmjs.org/@nodelib%2ffs.stat cache-miss
277 silly packumentCache corgi:https://registry.npmjs.org/@colors%2fcolors cache-miss
278 silly packumentCache corgi:https://registry.npmjs.org/minipass cache-miss
279 http fetch GET 200 https://registry.npmjs.org/yargs/-/yargs-17.7.2.tgz 3502ms (cache revalidated)
280 http fetch GET 200 https://registry.npmjs.org/vscode-oniguruma/-/vscode-oniguruma-1.7.0.tgz 3521ms (cache revalidated)
281 http fetch GET 200 https://zowe.jfrog.io/zowe/api/npm/npm-local-release/@zowe/zos-workflows-for-zowe-sdk/-/@zowe/zos-workflows-for-zowe-sdk-8.0.0.tgz 3237ms (cache revalidated)
282 http fetch GET 200 https://zowe.jfrog.io/zowe/api/npm/npm-local-release/@zowe/zos-uss-for-zowe-sdk/-/@zowe/zos-uss-for-zowe-sdk-8.0.0.tgz 3264ms (cache revalidated)
283 http fetch GET 200 https://registry.npmjs.org/walker/-/walker-1.0.8.tgz 3574ms (cache revalidated)
284 http fetch GET 200 https://registry.npmjs.org/xregexp/-/xregexp-2.0.0.tgz 3581ms (cache revalidated)
285 http fetch GET 200 https://registry.npmjs.org/walkdir/-/walkdir-0.4.1.tgz 3589ms (cache revalidated)
286 http fetch GET 200 https://registry.npmjs.org/yargs-parser/-/yargs-parser-21.1.1.tgz 3599ms (cache revalidated)
287 http fetch GET 200 https://registry.npmjs.org/yocto-queue/-/yocto-queue-0.1.0.tgz 3603ms (cache revalidated)
288 http fetch GET 200 https://registry.npmjs.org/xml/-/xml-1.0.1.tgz 3599ms (cache revalidated)
289 http fetch GET 200 https://registry.npmjs.org/yallist/-/yallist-3.1.1.tgz 3622ms (cache revalidated)
290 http fetch GET 200 https://registry.npmjs.org/xmlbuilder/-/xmlbuilder-15.0.0.tgz 3646ms (cache revalidated)
291 http fetch GET 200 https://registry.npmjs.org/wcwidth/-/wcwidth-1.0.1.tgz 3647ms (cache revalidated)
292 http fetch GET 200 https://registry.npmjs.org/wrappy/-/wrappy-1.0.2.tgz 3674ms (cache revalidated)
293 http fetch GET 200 https://registry.npmjs.org/validate-npm-package-name/-/validate-npm-package-name-5.0.1.tgz 3672ms (cache revalidated)
294 http fetch GET 200 https://registry.npmjs.org/which/-/which-4.0.0.tgz 3677ms (cache revalidated)
295 http fetch GET 200 https://registry.npmjs.org/zos-node-accessor/-/zos-node-accessor-2.0.11.tgz 3716ms (cache revalidated)
296 http fetch GET 200 https://registry.npmjs.org/wontache/-/wontache-0.1.0.tgz 3715ms (cache revalidated)
297 http fetch GET 200 https://registry.npmjs.org/validate-npm-package-license/-/validate-npm-package-license-3.0.4.tgz 3713ms (cache revalidated)
298 http fetch GET 200 https://registry.npmjs.org/write-file-atomic/-/write-file-atomic-4.0.2.tgz 3719ms (cache revalidated)
299 http fetch GET 200 https://registry.npmjs.org/update-browserslist-db/-/update-browserslist-db-1.1.0.tgz 3714ms (cache revalidated)
300 http fetch GET 200 https://registry.npmjs.org/v8-to-istanbul/-/v8-to-istanbul-9.3.0.tgz 3717ms (cache revalidated)
301 http fetch GET 200 https://registry.npmjs.org/vscode-textmate/-/vscode-textmate-8.0.0.tgz 3723ms (cache revalidated)
302 http fetch GET 200 https://registry.npmjs.org/wrap-ansi/-/wrap-ansi-7.0.0.tgz 3727ms (cache revalidated)
303 http fetch GET 200 https://registry.npmjs.org/util-deprecate/-/util-deprecate-1.0.2.tgz 3734ms (cache revalidated)
304 http fetch GET 200 https://registry.npmjs.org/word-wrap/-/word-wrap-1.2.5.tgz 3741ms (cache revalidated)
305 http fetch GET 200 https://registry.npmjs.org/y18n/-/y18n-5.0.8.tgz 3749ms (cache revalidated)
306 http fetch GET 200 https://registry.npmjs.org/unique-slug/-/unique-slug-4.0.0.tgz 3740ms (cache revalidated)
307 http fetch GET 200 https://registry.npmjs.org/wrap-ansi/-/wrap-ansi-7.0.0.tgz 3749ms (cache revalidated)
308 http fetch GET 200 https://registry.npmjs.org/uri-js/-/uri-js-4.4.1.tgz 3749ms (cache revalidated)
309 http fetch GET 200 https://registry.npmjs.org/universalify/-/universalify-2.0.1.tgz 3765ms (cache revalidated)
310 http fetch GET 200 https://registry.npmjs.org/undici-types/-/undici-types-5.26.5.tgz 3783ms (cache revalidated)
311 http fetch GET 200 https://registry.npmjs.org/unique-filename/-/unique-filename-3.0.0.tgz 3789ms (cache revalidated)
312 http fetch GET 200 https://registry.npmjs.org/uniq/-/uniq-1.0.1.tgz 3790ms (cache revalidated)
313 http fetch GET 200 https://registry.npmjs.org/uc.micro/-/uc.micro-2.1.0.tgz 3801ms (cache revalidated)
314 http fetch GET 200 https://registry.npmjs.org/type-fest/-/type-fest-0.20.2.tgz 3803ms (cache revalidated)
315 http fetch GET 200 https://registry.npmjs.org/underscore/-/underscore-1.13.7.tgz 3816ms (cache revalidated)
316 http fetch GET 200 https://registry.npmjs.org/typedoc/-/typedoc-0.25.13.tgz 3832ms (cache revalidated)
317 http fetch GET 200 https://registry.npmjs.org/tsutils/-/tsutils-3.21.0.tgz 3836ms (cache revalidated)
318 http fetch GET 200 https://registry.npmjs.org/tuf-js/-/tuf-js-2.2.1.tgz 3869ms (cache revalidated)
319 http fetch GET 200 https://registry.npmjs.org/typescript/-/typescript-5.4.5.tgz 4017ms (cache revalidated)
320 http fetch GET 200 https://registry.npmjs.org/type-check/-/type-check-0.4.0.tgz 4021ms (cache revalidated)
321 http fetch GET 200 https://registry.npmjs.org/type-detect/-/type-detect-4.0.8.tgz 4023ms (cache revalidated)
322 http fetch GET 200 https://registry.npmjs.org/tsconfig-paths/-/tsconfig-paths-3.15.0.tgz 4025ms (cache revalidated)
323 http fetch GET 200 https://registry.npmjs.org/ts-api-utils/-/ts-api-utils-1.3.0.tgz 4031ms (cache revalidated)
324 http fetch GET 200 https://registry.npmjs.org/ts-jest/-/ts-jest-29.2.5.tgz 4035ms (cache revalidated)
325 http fetch GET 200 https://registry.npmjs.org/ts-graphviz/-/ts-graphviz-1.8.2.tgz 4040ms (cache revalidated)
326 http fetch GET 200 https://registry.npmjs.org/uuid/-/uuid-10.0.0.tgz 4050ms (cache revalidated)
327 http fetch GET 200 https://registry.npmjs.org/tslib/-/tslib-1.14.1.tgz 4059ms (cache revalidated)
328 http fetch GET 200 https://registry.npmjs.org/tmpl/-/tmpl-1.0.5.tgz 4062ms (cache revalidated)
329 http fetch GET 200 https://registry.npmjs.org/test-exclude/-/test-exclude-6.0.0.tgz 4062ms (cache revalidated)
330 http fetch GET 200 https://registry.npmjs.org/strip-json-comments/-/strip-json-comments-3.1.1.tgz 4089ms (cache revalidated)
331 http fetch GET 200 https://registry.npmjs.org/tapable/-/tapable-2.2.1.tgz 4093ms (cache revalidated)
332 http fetch GET 200 https://registry.npmjs.org/text-table/-/text-table-0.2.0.tgz 4097ms (cache revalidated)
333 http fetch GET 200 https://registry.npmjs.org/to-regex-range/-/to-regex-range-5.0.1.tgz 4099ms (cache revalidated)
334 http fetch GET 200 https://registry.npmjs.org/to-fast-properties/-/to-fast-properties-2.0.0.tgz 4097ms (cache revalidated)
335 http fetch GET 200 https://registry.npmjs.org/strip-bom/-/strip-bom-4.0.0.tgz 4095ms (cache revalidated)
336 http fetch GET 200 https://registry.npmjs.org/tar/-/tar-6.2.1.tgz 4100ms (cache revalidated)
337 http fetch GET 200 https://registry.npmjs.org/string-width/-/string-width-4.2.3.tgz 4097ms (cache revalidated)
338 http fetch GET 200 https://registry.npmjs.org/string-width/-/string-width-4.2.3.tgz 4096ms (cache revalidated)
339 http fetch GET 200 https://registry.npmjs.org/stringify-object/-/stringify-object-3.3.0.tgz 4101ms (cache revalidated)
340 http fetch GET 200 https://registry.npmjs.org/supports-preserve-symlinks-flag/-/supports-preserve-symlinks-flag-1.0.0.tgz 4105ms (cache revalidated)
341 http fetch GET 200 https://registry.npmjs.org/strip-final-newline/-/strip-final-newline-2.0.0.tgz 4117ms (cache revalidated)
342 http fetch GET 200 https://registry.npmjs.org/stylus-lookup/-/stylus-lookup-3.0.2.tgz 4119ms (cache revalidated)
343 http fetch GET 200 https://registry.npmjs.org/supports-color/-/supports-color-7.2.0.tgz 4147ms (cache revalidated)
344 http fetch GET 200 https://registry.npmjs.org/string-length/-/string-length-4.0.2.tgz 4149ms (cache revalidated)
345 http fetch GET 200 https://registry.npmjs.org/stack-utils/-/stack-utils-2.0.6.tgz 4149ms (cache revalidated)
346 http fetch GET 200 https://registry.npmjs.org/strip-ansi/-/strip-ansi-6.0.1.tgz 4155ms (cache revalidated)
347 http fetch GET 200 https://registry.npmjs.org/string_decoder/-/string_decoder-1.3.0.tgz 4154ms (cache revalidated)
348 http fetch GET 200 https://registry.npmjs.org/streamroller/-/streamroller-3.1.5.tgz 4154ms (cache revalidated)
349 http fetch GET 200 https://registry.npmjs.org/stream-to-array/-/stream-to-array-2.3.0.tgz 4158ms (cache revalidated)
350 http fetch GET 200 https://registry.npmjs.org/stack-trace/-/stack-trace-0.0.10.tgz 4156ms (cache revalidated)
351 http fetch GET 200 https://registry.npmjs.org/sprintf-js/-/sprintf-js-1.1.3.tgz 4156ms (cache revalidated)
352 http fetch GET 200 https://registry.npmjs.org/source-map/-/source-map-0.6.1.tgz 4159ms (cache revalidated)
353 http fetch GET 200 https://registry.npmjs.org/spdx-expression-parse/-/spdx-expression-parse-3.0.1.tgz 4163ms (cache revalidated)
354 http fetch GET 200 https://registry.npmjs.org/source-map-support/-/source-map-support-0.5.13.tgz 4176ms (cache revalidated)
355 http fetch GET 200 https://registry.npmjs.org/ssri/-/ssri-10.0.6.tgz 4183ms (cache revalidated)
356 http fetch GET 200 https://registry.npmjs.org/socks-proxy-agent/-/socks-proxy-agent-8.0.4.tgz 4200ms (cache revalidated)
357 http fetch GET 200 https://registry.npmjs.org/spdx-license-ids/-/spdx-license-ids-3.0.20.tgz 4228ms (cache revalidated)
358 http fetch GET 200 https://registry.npmjs.org/source-map-js/-/source-map-js-1.2.1.tgz 4231ms (cache revalidated)
359 http fetch GET 200 https://registry.npmjs.org/socks/-/socks-2.8.3.tgz 4231ms (cache revalidated)
360 http fetch GET 200 https://registry.npmjs.org/smart-buffer/-/smart-buffer-4.2.0.tgz 4234ms (cache revalidated)
361 http fetch GET 200 https://registry.npmjs.org/signal-exit/-/signal-exit-3.0.7.tgz 4233ms (cache revalidated)
362 http fetch GET 200 https://registry.npmjs.org/spdx-exceptions/-/spdx-exceptions-2.5.0.tgz 4238ms (cache revalidated)
363 http fetch GET 200 https://registry.npmjs.org/sigstore/-/sigstore-2.3.1.tgz 4235ms (cache revalidated)
364 http fetch GET 200 https://registry.npmjs.org/shebang-command/-/shebang-command-2.0.0.tgz 4234ms (cache revalidated)
365 http fetch GET 200 https://registry.npmjs.org/shebang-regex/-/shebang-regex-3.0.0.tgz 4236ms (cache revalidated)
366 http fetch GET 200 https://zowe.jfrog.io/zowe/api/npm/npm-local-release/@zowe/zosmf-for-zowe-sdk/-/@zowe/zosmf-for-zowe-sdk-8.0.0.tgz 3972ms (cache revalidated)
367 http fetch GET 200 https://zowe.jfrog.io/zowe/api/npm/npm-local-release/@zowe/zos-tso-for-zowe-sdk/-/@zowe/zos-tso-for-zowe-sdk-8.0.0.tgz 3973ms (cache revalidated)
368 http fetch GET 200 https://registry.npmjs.org/sisteransi/-/sisteransi-1.0.5.tgz 4243ms (cache revalidated)
369 http fetch GET 200 https://registry.npmjs.org/spdx-correct/-/spdx-correct-3.2.0.tgz 4263ms (cache revalidated)
370 http fetch GET 200 https://zowe.jfrog.io/zowe/api/npm/npm-local-release/@zowe/zos-files-for-zowe-sdk/-/@zowe/zos-files-for-zowe-sdk-8.0.0.tgz 4000ms (cache revalidated)
371 http fetch GET 200 https://registry.npmjs.org/semver/-/semver-7.6.3.tgz 4270ms (cache revalidated)
372 http fetch GET 200 https://registry.npmjs.org/rimraf/-/rimraf-5.0.10.tgz 4276ms (cache revalidated)
373 http fetch GET 200 https://registry.npmjs.org/run-parallel/-/run-parallel-1.2.0.tgz 4277ms (cache revalidated)
374 http fetch GET 200 https://zowe.jfrog.io/zowe/api/npm/npm-local-release/@zowe/zos-jobs-for-zowe-sdk/-/@zowe/zos-jobs-for-zowe-sdk-8.0.0.tgz 4018ms (cache revalidated)
375 http fetch GET 200 https://zowe.jfrog.io/zowe/api/npm/npm-local-release/@zowe/core-for-zowe-sdk/-/@zowe/core-for-zowe-sdk-8.0.0.tgz 4019ms (cache revalidated)
376 http fetch GET 200 https://zowe.jfrog.io/zowe/api/npm/npm-local-release/@zowe/zos-logs-for-zowe-sdk/-/@zowe/zos-logs-for-zowe-sdk-8.0.0.tgz 4025ms (cache revalidated)
377 http fetch GET 200 https://zowe.jfrog.io/zowe/api/npm/npm-local-release/@zowe/zos-console-for-zowe-sdk/-/@zowe/zos-console-for-zowe-sdk-8.0.0.tgz 4026ms (cache revalidated)
378 http fetch GET 200 https://zowe.jfrog.io/zowe/api/npm/npm-local-release/@zowe/provisioning-for-zowe-sdk/-/@zowe/provisioning-for-zowe-sdk-8.0.0.tgz 4030ms (cache revalidated)
379 http fetch GET 200 https://registry.npmjs.org/shiki/-/shiki-0.14.7.tgz 4394ms (cache revalidated)
380 http fetch GET 200 https://registry.npmjs.org/slash/-/slash-3.0.0.tgz 4420ms (cache revalidated)
381 http fetch GET 200 https://registry.npmjs.org/reusify/-/reusify-1.0.4.tgz 4416ms (cache revalidated)
382 http fetch GET 200 https://registry.npmjs.org/safe-buffer/-/safe-buffer-5.2.1.tgz 4419ms (cache revalidated)
383 http fetch GET 200 https://registry.npmjs.org/retry/-/retry-0.12.0.tgz 4419ms (cache revalidated)
384 http fetch GET 200 https://registry.npmjs.org/resolve-from/-/resolve-from-4.0.0.tgz 4417ms (cache revalidated)
385 http fetch GET 200 https://registry.npmjs.org/safer-buffer/-/safer-buffer-2.1.2.tgz 4421ms (cache revalidated)
386 http fetch GET 200 https://registry.npmjs.org/restore-cursor/-/restore-cursor-3.1.0.tgz 4419ms (cache revalidated)
387 http fetch GET 200 https://registry.npmjs.org/resolve.exports/-/resolve.exports-2.0.2.tgz 4420ms (cache revalidated)
388 http fetch GET 200 https://registry.npmjs.org/sass-lookup/-/sass-lookup-3.0.0.tgz 4425ms (cache revalidated)
389 http fetch GET 200 https://registry.npmjs.org/requirejs/-/requirejs-2.3.7.tgz 4425ms (cache revalidated)
390 http fetch GET 200 https://registry.npmjs.org/requirejs-config-file/-/requirejs-config-file-4.0.0.tgz 4484ms (cache revalidated)
391 http fetch GET 200 https://registry.npmjs.org/resolve-dependency-path/-/resolve-dependency-path-2.0.0.tgz 4489ms (cache revalidated)
392 http fetch GET 200 https://registry.npmjs.org/resolve-cwd/-/resolve-cwd-3.0.0.tgz 4492ms (cache revalidated)
393 http fetch GET 200 https://registry.npmjs.org/resolve/-/resolve-1.22.8.tgz 4516ms (cache revalidated)
394 http fetch GET 200 https://registry.npmjs.org/readable-stream/-/readable-stream-3.6.2.tgz 4518ms (cache revalidated)
395 http fetch GET 200 https://registry.npmjs.org/rc/-/rc-1.2.8.tgz 4517ms (cache revalidated)
396 http fetch GET 200 https://registry.npmjs.org/repeat-string/-/repeat-string-1.6.1.tgz 4519ms (cache revalidated)
397 http fetch GET 200 https://registry.npmjs.org/require-directory/-/require-directory-2.1.1.tgz 4518ms (cache revalidated)
398 http fetch GET 200 https://registry.npmjs.org/proc-log/-/proc-log-4.2.0.tgz 4515ms (cache revalidated)
399 http fetch GET 200 https://registry.npmjs.org/rfdc/-/rfdc-1.4.1.tgz 4523ms (cache revalidated)
400 http fetch GET 200 https://registry.npmjs.org/punycode/-/punycode-2.3.1.tgz 4519ms (cache revalidated)
401 http fetch GET 200 https://registry.npmjs.org/pure-rand/-/pure-rand-6.1.0.tgz 4521ms (cache revalidated)
402 http fetch GET 200 https://registry.npmjs.org/react-is/-/react-is-18.3.1.tgz 4524ms (cache revalidated)
403 http fetch GET 200 https://registry.npmjs.org/promise-retry/-/promise-retry-2.0.1.tgz 4537ms (cache revalidated)
404 http fetch GET 200 https://registry.npmjs.org/quote-unquote/-/quote-unquote-1.0.0.tgz 4540ms (cache revalidated)
405 http fetch GET 200 https://registry.npmjs.org/q/-/q-1.4.1.tgz 4539ms (cache revalidated)
406 http fetch GET 200 https://registry.npmjs.org/progress/-/progress-2.0.3.tgz 4541ms (cache revalidated)
407 http fetch GET 200 https://registry.npmjs.org/prompts/-/prompts-2.4.2.tgz 4555ms (cache revalidated)
408 http fetch GET 200 https://registry.npmjs.org/postcss/-/postcss-8.4.47.tgz 4567ms (cache revalidated)
409 http fetch GET 200 https://registry.npmjs.org/pretty-format/-/pretty-format-29.7.0.tgz 4570ms (cache revalidated)
410 http fetch GET 200 https://registry.npmjs.org/prettyjson/-/prettyjson-1.2.5.tgz 4572ms (cache revalidated)
411 http fetch GET 200 https://registry.npmjs.org/prelude-ls/-/prelude-ls-1.2.1.tgz 4573ms (cache revalidated)
412 http fetch GET 200 https://registry.npmjs.org/pretty-ms/-/pretty-ms-7.0.1.tgz 4574ms (cache revalidated)
413 http fetch GET 200 https://registry.npmjs.org/punycode.js/-/punycode.js-2.3.1.tgz 4578ms (cache revalidated)
414 http fetch GET 200 https://registry.npmjs.org/read/-/read-3.0.1.tgz 4582ms (cache revalidated)
415 http fetch GET 200 https://registry.npmjs.org/pluralize/-/pluralize-8.0.0.tgz 4575ms (cache revalidated)
416 http fetch GET 200 https://registry.npmjs.org/promise-inflight/-/promise-inflight-1.0.1.tgz 4578ms (cache revalidated)
417 http fetch GET 200 https://registry.npmjs.org/postcss-values-parser/-/postcss-values-parser-6.0.2.tgz 4614ms (cache revalidated)
418 http fetch GET 200 https://registry.npmjs.org/path-scurry/-/path-scurry-1.11.1.tgz 4614ms (cache revalidated)
419 http fetch GET 200 https://registry.npmjs.org/precinct/-/precinct-8.3.1.tgz 4618ms (cache revalidated)
420 http fetch GET 200 https://registry.npmjs.org/path-parse/-/path-parse-1.0.7.tgz 4644ms (cache revalidated)
421 http fetch GET 200 https://registry.npmjs.org/pirates/-/pirates-4.0.6.tgz 4646ms (cache revalidated)
422 http fetch GET 200 https://registry.npmjs.org/picomatch/-/picomatch-2.3.1.tgz 4648ms (cache revalidated)
423 http fetch GET 200 https://registry.npmjs.org/queue-microtask/-/queue-microtask-1.2.3.tgz 4650ms (cache revalidated)
424 http fetch GET 200 https://registry.npmjs.org/path-type/-/path-type-4.0.0.tgz 4684ms (cache revalidated)
425 http fetch GET 200 https://registry.npmjs.org/picocolors/-/picocolors-1.1.0.tgz 4686ms (cache revalidated)
426 http fetch GET 200 https://registry.npmjs.org/path-exists/-/path-exists-4.0.0.tgz 4686ms (cache revalidated)
427 http fetch GET 200 https://registry.npmjs.org/pkg-dir/-/pkg-dir-4.2.0.tgz 4688ms (cache revalidated)
428 http fetch GET 200 https://registry.npmjs.org/parse-ms/-/parse-ms-2.1.0.tgz 4687ms (cache revalidated)
429 http fetch GET 200 https://registry.npmjs.org/path-is-absolute/-/path-is-absolute-1.0.1.tgz 4687ms (cache revalidated)
430 http fetch GET 200 https://registry.npmjs.org/popper.js/-/popper.js-1.16.1.tgz 4711ms (cache revalidated)
431 http fetch GET 200 https://registry.npmjs.org/pacote/-/pacote-18.0.6.tgz 4709ms (cache revalidated)
432 http fetch GET 200 https://registry.npmjs.org/parent-module/-/parent-module-1.0.1.tgz 4709ms (cache revalidated)
433 http fetch GET 200 https://registry.npmjs.org/path-key/-/path-key-3.1.1.tgz 4711ms (cache revalidated)
434 http fetch GET 200 https://registry.npmjs.org/parse-json/-/parse-json-5.2.0.tgz 4737ms (cache revalidated)
435 http fetch GET 200 https://registry.npmjs.org/p-map/-/p-map-4.0.0.tgz 4737ms (cache revalidated)
436 http fetch GET 200 https://registry.npmjs.org/p-locate/-/p-locate-5.0.0.tgz 4738ms (cache revalidated)
437 http fetch GET 200 https://registry.npmjs.org/package-json-from-dist/-/package-json-from-dist-1.0.0.tgz 4740ms (cache revalidated)
438 http fetch GET 200 https://registry.npmjs.org/ora/-/ora-5.4.1.tgz 4739ms (cache revalidated)
439 http fetch GET 200 https://registry.npmjs.org/opener/-/opener-1.5.2.tgz 4744ms (cache revalidated)
440 http fetch GET 200 https://registry.npmjs.org/npm-registry-fetch/-/npm-registry-fetch-17.1.0.tgz 4745ms (cache revalidated)
441 http fetch GET 200 https://registry.npmjs.org/onetime/-/onetime-5.1.2.tgz 4747ms (cache revalidated)
442 http fetch GET 200 https://registry.npmjs.org/p-try/-/p-try-2.2.0.tgz 4749ms (cache revalidated)
443 http fetch GET 200 https://registry.npmjs.org/once/-/once-1.4.0.tgz 4749ms (cache revalidated)
444 http fetch GET 200 https://registry.npmjs.org/npm-packlist/-/npm-packlist-8.0.2.tgz 4748ms (cache revalidated)
445 http fetch GET 200 https://registry.npmjs.org/npm-run-path/-/npm-run-path-4.0.1.tgz 4750ms (cache revalidated)
446 http fetch GET 200 https://registry.npmjs.org/node-releases/-/node-releases-2.0.18.tgz 4742ms (cache revalidated)
447 http fetch GET 200 https://registry.npmjs.org/optionator/-/optionator-0.9.4.tgz 4751ms (cache revalidated)
448 http fetch GET 200 https://registry.npmjs.org/npm-package-arg/-/npm-package-arg-11.0.3.tgz 4754ms (cache revalidated)
449 http fetch GET 200 https://registry.npmjs.org/p-limit/-/p-limit-3.1.0.tgz 4757ms (cache revalidated)
450 http fetch GET 200 https://registry.npmjs.org/nopt/-/nopt-7.2.1.tgz 4749ms (cache revalidated)
451 http fetch GET 200 https://registry.npmjs.org/node-int64/-/node-int64-0.4.0.tgz 4749ms (cache revalidated)
452 http fetch GET 200 https://registry.npmjs.org/npm-normalize-package-bin/-/npm-normalize-package-bin-3.0.1.tgz 4757ms (cache revalidated)
453 http fetch GET 200 https://registry.npmjs.org/npm-install-checks/-/npm-install-checks-6.3.0.tgz 4758ms (cache revalidated)
454 http fetch GET 200 https://registry.npmjs.org/module-lookup-amd/-/module-lookup-amd-7.0.1.tgz 4749ms (cache revalidated)
455 http fetch GET 200 https://registry.npmjs.org/normalize-package-data/-/normalize-package-data-6.0.2.tgz 4753ms (cache revalidated)
456 http fetch GET 200 https://registry.npmjs.org/normalize-path/-/normalize-path-3.0.0.tgz 4760ms (cache revalidated)
457 http fetch GET 200 https://registry.npmjs.org/nanoid/-/nanoid-3.3.7.tgz 4753ms (cache revalidated)
458 http fetch GET 200 https://registry.npmjs.org/mustache/-/mustache-4.2.0.tgz 4755ms (cache revalidated)
459 http fetch GET 200 https://registry.npmjs.org/npm-pick-manifest/-/npm-pick-manifest-9.1.0.tgz 4765ms (cache revalidated)
460 http fetch GET 200 https://registry.npmjs.org/pkg-up/-/pkg-up-3.1.0.tgz 4758ms (cache revalidated)
461 http fetch GET 200 https://registry.npmjs.org/npm-bundled/-/npm-bundled-3.0.1.tgz 4782ms (cache revalidated)
462 http fetch GET 200 https://registry.npmjs.org/node-source-walk/-/node-source-walk-5.0.2.tgz 4782ms (cache revalidated)
463 http fetch GET 200 https://registry.npmjs.org/negotiator/-/negotiator-0.6.3.tgz 4782ms (cache revalidated)
464 http fetch GET 200 https://registry.npmjs.org/module-definition/-/module-definition-3.4.0.tgz 4781ms (cache revalidated)
465 http fetch GET 200 https://registry.npmjs.org/ms/-/ms-2.1.3.tgz 4782ms (cache revalidated)
466 http fetch GET 200 https://registry.npmjs.org/minizlib/-/minizlib-2.1.2.tgz 4782ms (cache revalidated)
467 http fetch GET 200 https://registry.npmjs.org/minipass-pipeline/-/minipass-pipeline-1.2.4.tgz 4783ms (cache revalidated)
468 http fetch GET 200 https://registry.npmjs.org/minipass-sized/-/minipass-sized-1.0.3.tgz 4785ms (cache revalidated)
469 http fetch GET 200 https://registry.npmjs.org/moment/-/moment-2.30.1.tgz 4812ms (cache revalidated)
470 http fetch GET 200 https://registry.npmjs.org/minipass-flush/-/minipass-flush-1.0.5.tgz 4815ms (cache revalidated)
471 http fetch GET 200 https://registry.npmjs.org/node-gyp/-/node-gyp-10.2.0.tgz 4828ms (cache revalidated)
472 http fetch GET 200 https://registry.npmjs.org/mkdirp/-/mkdirp-1.0.4.tgz 4831ms (cache revalidated)
473 http fetch GET 200 https://registry.npmjs.org/mute-stream/-/mute-stream-1.0.0.tgz 4829ms (cache revalidated)
474 http fetch GET 200 https://registry.npmjs.org/minipass-fetch/-/minipass-fetch-3.0.5.tgz 4833ms (cache revalidated)
475 http fetch GET 200 https://registry.npmjs.org/micromatch/-/micromatch-4.0.8.tgz 4859ms (cache revalidated)
476 http fetch GET 200 https://registry.npmjs.org/minipass-collect/-/minipass-collect-2.0.1.tgz 4861ms (cache revalidated)
477 http fetch GET 200 https://registry.npmjs.org/minimist/-/minimist-1.2.8.tgz 4863ms (cache revalidated)
478 http fetch GET 200 https://registry.npmjs.org/minipass/-/minipass-7.1.2.tgz 4865ms (cache revalidated)
479 http fetch GET 200 https://registry.npmjs.org/natural-compare/-/natural-compare-1.4.0.tgz 4869ms (cache revalidated)
480 http fetch GET 200 https://registry.npmjs.org/minimatch/-/minimatch-9.0.5.tgz 4874ms (cache revalidated)
481 http fetch GET 200 https://registry.npmjs.org/mimic-fn/-/mimic-fn-2.1.0.tgz 4894ms (cache revalidated)
482 http fetch GET 200 https://registry.npmjs.org/mdurl/-/mdurl-2.0.0.tgz 4906ms (cache revalidated)
483 http fetch GET 200 https://registry.npmjs.org/merge2/-/merge2-1.4.1.tgz 4909ms (cache revalidated)
484 http fetch GET 200 https://registry.npmjs.org/marked/-/marked-4.3.0.tgz 4913ms (cache revalidated)
485 http fetch GET 200 https://registry.npmjs.org/lunr/-/lunr-2.3.9.tgz 4918ms (cache revalidated)
486 http fetch GET 200 https://registry.npmjs.org/markdown-it/-/markdown-it-14.1.0.tgz 4925ms (cache revalidated)
487 http fetch GET 200 https://registry.npmjs.org/make-dir/-/make-dir-4.0.0.tgz 4925ms (cache revalidated)
488 http fetch GET 200 https://registry.npmjs.org/merge-stream/-/merge-stream-2.0.0.tgz 4927ms (cache revalidated)
489 http fetch GET 200 https://registry.npmjs.org/log-symbols/-/log-symbols-4.1.0.tgz 4943ms (cache revalidated)
490 http fetch GET 200 https://registry.npmjs.org/log4js/-/log4js-6.9.1.tgz 4947ms (cache revalidated)
491 http fetch GET 200 https://registry.npmjs.org/makeerror/-/makeerror-1.0.12.tgz 4950ms (cache revalidated)
492 http fetch GET 200 https://registry.npmjs.org/make-error/-/make-error-1.3.6.tgz 4949ms (cache revalidated)
493 http fetch GET 200 https://registry.npmjs.org/lru-cache/-/lru-cache-5.1.1.tgz 4949ms (cache revalidated)
494 http fetch GET 200 https://registry.npmjs.org/madge/-/madge-6.1.0.tgz 4953ms (cache revalidated)
495 http fetch GET 200 https://registry.npmjs.org/lodash.memoize/-/lodash.memoize-4.1.2.tgz 4967ms (cache revalidated)
496 http fetch GET 200 https://registry.npmjs.org/make-fetch-happen/-/make-fetch-happen-13.0.1.tgz 4984ms (cache revalidated)
497 http fetch GET 200 https://registry.npmjs.org/lodash.merge/-/lodash.merge-4.6.2.tgz 4984ms (cache revalidated)
498 http fetch GET 200 https://registry.npmjs.org/lodash/-/lodash-4.17.21.tgz 5023ms (cache revalidated)
499 http fetch GET 200 https://registry.npmjs.org/levn/-/levn-0.4.1.tgz 5030ms (cache revalidated)
500 http fetch GET 200 https://registry.npmjs.org/lodash-deep/-/lodash-deep-2.0.0.tgz 5033ms (cache revalidated)
501 http fetch GET 200 https://registry.npmjs.org/locate-path/-/locate-path-6.0.0.tgz 5034ms (cache revalidated)
502 http fetch GET 200 https://registry.npmjs.org/linkify-it/-/linkify-it-5.0.0.tgz 5038ms (cache revalidated)
503 http fetch GET 200 https://registry.npmjs.org/json5/-/json5-2.2.3.tgz 5041ms (cache revalidated)
504 http fetch GET 200 https://registry.npmjs.org/leven/-/leven-3.1.0.tgz 5044ms (cache revalidated)
505 http fetch GET 200 https://registry.npmjs.org/keyv/-/keyv-4.5.4.tgz 5044ms (cache revalidated)
506 http fetch GET 200 https://registry.npmjs.org/kleur/-/kleur-3.0.3.tgz 5045ms (cache revalidated)
507 http fetch GET 200 https://registry.npmjs.org/jsonschema/-/jsonschema-1.4.1.tgz 5047ms (cache revalidated)
508 http fetch GET 200 https://registry.npmjs.org/jsonparse/-/jsonparse-1.3.1.tgz 5048ms (cache revalidated)
509 http fetch GET 200 https://registry.npmjs.org/jsonfile/-/jsonfile-6.1.0.tgz 5050ms (cache revalidated)
510 http fetch GET 200 https://registry.npmjs.org/lines-and-columns/-/lines-and-columns-1.2.4.tgz 5086ms (cache revalidated)
511 http fetch GET 200 https://registry.npmjs.org/jsesc/-/jsesc-2.5.2.tgz 5087ms (cache revalidated)
512 http fetch GET 200 https://registry.npmjs.org/jest-worker/-/jest-worker-29.7.0.tgz 5087ms (cache revalidated)
513 http fetch GET 200 https://registry.npmjs.org/jsonc-parser/-/jsonc-parser-3.3.1.tgz 5107ms (cache revalidated)
514 http fetch GET 200 https://registry.npmjs.org/jsbn/-/jsbn-1.1.0.tgz 5125ms (cache revalidated)
515 http fetch GET 200 https://registry.npmjs.org/js-yaml/-/js-yaml-4.1.0.tgz 5129ms (cache revalidated)
516 http fetch GET 200 https://registry.npmjs.org/json-schema-traverse/-/json-schema-traverse-0.4.1.tgz 5132ms (cache revalidated)
517 http fetch GET 200 https://registry.npmjs.org/jquery/-/jquery-3.7.1.tgz 5145ms (cache revalidated)
518 http fetch GET 200 https://registry.npmjs.org/jest-validate/-/jest-validate-29.7.0.tgz 5147ms (cache revalidated)
519 http fetch GET 200 https://registry.npmjs.org/json-parse-even-better-errors/-/json-parse-even-better-errors-3.0.2.tgz 5151ms (cache revalidated)
520 http fetch GET 200 https://registry.npmjs.org/json-stable-stringify-without-jsonify/-/json-stable-stringify-without-jsonify-1.0.1.tgz 5151ms (cache revalidated)
521 http fetch GET 200 https://registry.npmjs.org/js-tokens/-/js-tokens-4.0.0.tgz 5150ms (cache revalidated)
522 http fetch GET 200 https://registry.npmjs.org/jest-watcher/-/jest-watcher-29.7.0.tgz 5151ms (cache revalidated)
523 http fetch GET 200 https://registry.npmjs.org/jest-runner/-/jest-runner-29.7.0.tgz 5151ms (cache revalidated)
524 http fetch GET 200 https://registry.npmjs.org/json-buffer/-/json-buffer-3.0.1.tgz 5155ms (cache revalidated)
525 http fetch GET 200 https://registry.npmjs.org/jest-resolve/-/jest-resolve-29.7.0.tgz 5193ms (cache revalidated)
526 http fetch GET 200 https://registry.npmjs.org/jest-stare/-/jest-stare-2.5.2.tgz 5210ms (cache revalidated)
527 http fetch GET 200 https://registry.npmjs.org/jest-util/-/jest-util-29.7.0.tgz 5213ms (cache revalidated)
528 http fetch GET 200 https://registry.npmjs.org/jest-runtime/-/jest-runtime-29.7.0.tgz 5222ms (cache revalidated)
529 http fetch GET 200 https://registry.npmjs.org/jest-leak-detector/-/jest-leak-detector-29.7.0.tgz 5236ms (cache revalidated)
530 http fetch GET 200 https://registry.npmjs.org/jest-snapshot/-/jest-snapshot-29.7.0.tgz 5241ms (cache revalidated)
531 http fetch GET 200 https://registry.npmjs.org/jest-regex-util/-/jest-regex-util-29.6.3.tgz 5241ms (cache revalidated)
532 http fetch GET 200 https://registry.npmjs.org/jest-mock/-/jest-mock-29.7.0.tgz 5243ms (cache revalidated)
533 http fetch GET 200 https://registry.npmjs.org/jest-each/-/jest-each-29.7.0.tgz 5243ms (cache revalidated)
534 http fetch GET 200 https://registry.npmjs.org/jest-message-util/-/jest-message-util-29.7.0.tgz 5246ms (cache revalidated)
535 http fetch GET 200 https://registry.npmjs.org/jest-matcher-utils/-/jest-matcher-utils-29.7.0.tgz 5248ms (cache revalidated)
536 http fetch GET 200 https://registry.npmjs.org/jest-junit/-/jest-junit-16.0.0.tgz 5249ms (cache revalidated)
537 http fetch GET 200 https://registry.npmjs.org/jest-pnp-resolver/-/jest-pnp-resolver-1.2.3.tgz 5249ms (cache revalidated)
538 http fetch GET 200 https://registry.npmjs.org/jest-haste-map/-/jest-haste-map-29.7.0.tgz 5253ms (cache revalidated)
539 http fetch GET 200 https://registry.npmjs.org/jest-get-type/-/jest-get-type-29.6.3.tgz 5253ms (cache revalidated)
540 http fetch GET 200 https://registry.npmjs.org/jest-environment-node/-/jest-environment-node-29.7.0.tgz 5279ms (cache revalidated)
541 http fetch GET 200 https://registry.npmjs.org/jest-docblock/-/jest-docblock-29.7.0.tgz 5281ms (cache revalidated)
542 http fetch GET 200 https://registry.npmjs.org/jest-config/-/jest-config-29.7.0.tgz 5284ms (cache revalidated)
543 http fetch GET 200 https://registry.npmjs.org/jest-html-reporter/-/jest-html-reporter-3.10.2.tgz 5299ms (cache revalidated)
544 http fetch GET 200 https://registry.npmjs.org/jake/-/jake-10.9.2.tgz 5322ms (cache revalidated)
545 http fetch GET 200 https://registry.npmjs.org/jest-circus/-/jest-circus-29.7.0.tgz 5324ms (cache revalidated)
546 http fetch GET 200 https://registry.npmjs.org/jest-resolve-dependencies/-/jest-resolve-dependencies-29.7.0.tgz 5331ms (cache revalidated)
547 http fetch GET 200 https://registry.npmjs.org/istanbul-lib-instrument/-/istanbul-lib-instrument-6.0.3.tgz 5324ms (cache revalidated)
548 http fetch GET 200 https://registry.npmjs.org/istanbul-lib-report/-/istanbul-lib-report-3.0.1.tgz 5327ms (cache revalidated)
549 http fetch GET 200 https://registry.npmjs.org/jest-diff/-/jest-diff-29.7.0.tgz 5329ms (cache revalidated)
550 http fetch GET 200 https://registry.npmjs.org/jest-cli/-/jest-cli-29.7.0.tgz 5330ms (cache revalidated)
551 http fetch GET 200 https://registry.npmjs.org/istanbul-lib-source-maps/-/istanbul-lib-source-maps-4.0.1.tgz 5329ms (cache revalidated)
552 http fetch GET 200 https://registry.npmjs.org/jest-environment-node-debug/-/jest-environment-node-debug-2.0.0.tgz 5334ms (cache revalidated)
553 http fetch GET 200 https://registry.npmjs.org/jest-changed-files/-/jest-changed-files-29.7.0.tgz 5350ms (cache revalidated)
554 http fetch GET 200 https://registry.npmjs.org/jest/-/jest-29.7.0.tgz 5364ms (cache revalidated)
555 http fetch GET 200 https://registry.npmjs.org/is-stream/-/is-stream-2.0.1.tgz 5362ms (cache revalidated)
556 http fetch GET 200 https://registry.npmjs.org/isarray/-/isarray-0.0.1.tgz 5363ms (cache revalidated)
557 http fetch GET 200 https://registry.npmjs.org/istanbul-lib-coverage/-/istanbul-lib-coverage-3.2.2.tgz 5365ms (cache revalidated)
558 http fetch GET 200 https://registry.npmjs.org/isexe/-/isexe-3.1.1.tgz 5405ms (cache revalidated)
559 http fetch GET 200 https://registry.npmjs.org/is-url-superb/-/is-url-superb-4.0.0.tgz 5405ms (cache revalidated)
560 http fetch GET 200 https://registry.npmjs.org/is-obj/-/is-obj-1.0.1.tgz 5405ms (cache revalidated)
561 http fetch GET 200 https://registry.npmjs.org/is-relative-path/-/is-relative-path-1.0.2.tgz 5407ms (cache revalidated)
562 http fetch GET 200 https://registry.npmjs.org/is-lambda/-/is-lambda-1.0.1.tgz 5406ms (cache revalidated)
563 http fetch GET 200 https://registry.npmjs.org/is-number/-/is-number-7.0.0.tgz 5407ms (cache revalidated)
564 http fetch GET 200 https://registry.npmjs.org/is-unicode-supported/-/is-unicode-supported-0.1.0.tgz 5409ms (cache revalidated)
565 http fetch GET 200 https://registry.npmjs.org/is-path-inside/-/is-path-inside-3.0.3.tgz 5409ms (cache revalidated)
566 http fetch GET 200 https://registry.npmjs.org/is-url/-/is-url-1.2.4.tgz 5422ms (cache revalidated)
567 http fetch GET 200 https://registry.npmjs.org/istanbul-reports/-/istanbul-reports-3.1.7.tgz 5444ms (cache revalidated)
568 http fetch GET 200 https://registry.npmjs.org/jackspeak/-/jackspeak-3.4.3.tgz 5445ms (cache revalidated)
569 http fetch GET 200 https://registry.npmjs.org/is-regexp/-/is-regexp-1.0.0.tgz 5444ms (cache revalidated)
570 http fetch GET 200 https://registry.npmjs.org/is-glob/-/is-glob-4.0.3.tgz 5443ms (cache revalidated)
571 http fetch GET 200 https://registry.npmjs.org/is-interactive/-/is-interactive-1.0.0.tgz 5445ms (cache revalidated)
572 http fetch GET 200 https://registry.npmjs.org/is-arrayish/-/is-arrayish-0.2.1.tgz 5463ms (cache revalidated)
573 http fetch GET 200 https://registry.npmjs.org/inherits/-/inherits-2.0.4.tgz 5464ms (cache revalidated)
574 http fetch GET 200 https://registry.npmjs.org/indexes-of/-/indexes-of-1.0.1.tgz 5464ms (cache revalidated)
575 http fetch GET 200 https://registry.npmjs.org/is-extglob/-/is-extglob-2.1.1.tgz 5467ms (cache revalidated)
576 http fetch GET 200 https://registry.npmjs.org/is-core-module/-/is-core-module-2.15.1.tgz 5468ms (cache revalidated)
577 http fetch GET 200 https://registry.npmjs.org/ip-address/-/ip-address-9.0.5.tgz 5471ms (cache revalidated)
578 http fetch GET 200 https://registry.npmjs.org/is-generator-fn/-/is-generator-fn-2.1.0.tgz 5473ms (cache revalidated)
579 http fetch GET 200 https://registry.npmjs.org/import-fresh/-/import-fresh-3.3.0.tgz 5471ms (cache revalidated)
580 http fetch GET 200 https://registry.npmjs.org/ignore-walk/-/ignore-walk-6.0.5.tgz 5472ms (cache revalidated)
581 http fetch GET 200 https://registry.npmjs.org/ini/-/ini-4.1.3.tgz 5474ms (cache revalidated)
582 http fetch GET 200 https://registry.npmjs.org/is-fullwidth-code-point/-/is-fullwidth-code-point-3.0.0.tgz 5513ms (cache revalidated)
583 http fetch GET 200 https://registry.npmjs.org/imurmurhash/-/imurmurhash-0.1.4.tgz 5513ms (cache revalidated)
584 http fetch GET 200 https://registry.npmjs.org/import-local/-/import-local-3.2.0.tgz 5514ms (cache revalidated)
585 http fetch GET 200 https://registry.npmjs.org/indent-string/-/indent-string-4.0.0.tgz 5516ms (cache revalidated)
586 http fetch GET 200 https://registry.npmjs.org/ignore/-/ignore-5.3.2.tgz 5515ms (cache revalidated)
587 http fetch GET 200 https://registry.npmjs.org/html-escaper/-/html-escaper-2.0.2.tgz 5546ms (cache revalidated)
588 http fetch GET 200 https://registry.npmjs.org/https-proxy-agent/-/https-proxy-agent-7.0.4.tgz 5548ms (cache revalidated)
589 http fetch GET 200 https://registry.npmjs.org/holderjs/-/holderjs-2.9.9.tgz 5551ms (cache revalidated)
590 http fetch GET 200 https://registry.npmjs.org/human-signals/-/human-signals-2.1.0.tgz 5553ms (cache revalidated)
591 http fetch GET 200 https://registry.npmjs.org/has-flag/-/has-flag-4.0.0.tgz 5553ms (cache revalidated)
592 http fetch GET 200 https://registry.npmjs.org/http-cache-semantics/-/http-cache-semantics-4.1.1.tgz 5555ms (cache revalidated)
593 http fetch GET 200 https://registry.npmjs.org/http-proxy-agent/-/http-proxy-agent-7.0.2.tgz 5556ms (cache revalidated)
594 http fetch GET 200 https://registry.npmjs.org/iconv-lite/-/iconv-lite-0.6.3.tgz 5561ms (cache revalidated)
595 http fetch GET 200 https://registry.npmjs.org/inflight/-/inflight-1.0.6.tgz 5565ms (cache revalidated)
596 http fetch GET 200 https://registry.npmjs.org/hosted-git-info/-/hosted-git-info-7.0.2.tgz 5577ms (cache revalidated)
597 http fetch GET 200 https://registry.npmjs.org/has-own-prop/-/has-own-prop-2.0.0.tgz 5595ms (cache revalidated)
598 http fetch GET 200 https://registry.npmjs.org/hasown/-/hasown-2.0.2.tgz 5596ms (cache revalidated)
599 http fetch GET 200 https://registry.npmjs.org/graphemer/-/graphemer-1.4.0.tgz 5602ms (cache revalidated)
600 http fetch GET 200 https://registry.npmjs.org/ieee754/-/ieee754-1.2.1.tgz 5608ms (cache revalidated)
601 http fetch GET 200 https://registry.npmjs.org/globby/-/globby-11.1.0.tgz 5631ms (cache revalidated)
602 http fetch GET 200 https://registry.npmjs.org/get-own-enumerable-property-symbols/-/get-own-enumerable-property-symbols-3.0.2.tgz 5631ms (cache revalidated)
603 http fetch GET 200 https://registry.npmjs.org/hogan.js/-/hogan.js-3.0.2.tgz 5643ms (cache revalidated)
604 http fetch GET 200 https://registry.npmjs.org/globals/-/globals-13.24.0.tgz 5641ms (cache revalidated)
605 http fetch GET 200 https://registry.npmjs.org/gonzales-pe/-/gonzales-pe-4.3.0.tgz 5646ms (cache revalidated)
606 http fetch GET 200 https://registry.npmjs.org/get-caller-file/-/get-caller-file-2.0.5.tgz 5643ms (cache revalidated)
607 http fetch GET 200 https://registry.npmjs.org/get-stream/-/get-stream-6.0.1.tgz 5645ms (cache revalidated)
608 http fetch GET 200 https://registry.npmjs.org/glob-parent/-/glob-parent-6.0.2.tgz 5645ms (cache revalidated)
609 http fetch GET 200 https://registry.npmjs.org/graceful-fs/-/graceful-fs-4.2.11.tgz 5648ms (cache revalidated)
610 http fetch GET 200 https://registry.npmjs.org/highlight.js/-/highlight.js-11.6.0.tgz 5678ms (cache revalidated)
611 http fetch GET 200 https://registry.npmjs.org/glob/-/glob-7.2.3.tgz 5715ms (cache revalidated)
612 http fetch GET 200 https://registry.npmjs.org/gensync/-/gensync-1.0.0-beta.2.tgz 5714ms (cache revalidated)
613 http fetch GET 200 https://registry.npmjs.org/get-package-type/-/get-package-type-0.1.0.tgz 5716ms (cache revalidated)
614 http fetch GET 200 https://registry.npmjs.org/get-amd-module-type/-/get-amd-module-type-4.1.0.tgz 5715ms (cache revalidated)
615 http fetch GET 200 https://registry.npmjs.org/function-bind/-/function-bind-1.1.2.tgz 5716ms (cache revalidated)
616 http fetch GET 200 https://registry.npmjs.org/fb-watchman/-/fb-watchman-2.0.2.tgz 5723ms (cache revalidated)
617 http fetch GET 200 https://registry.npmjs.org/fs-minipass/-/fs-minipass-3.0.3.tgz 5741ms (cache revalidated)
618 http fetch GET 200 https://registry.npmjs.org/flatted/-/flatted-3.3.1.tgz 5728ms (cache revalidated)
619 http fetch GET 200 https://registry.npmjs.org/fs.realpath/-/fs.realpath-1.0.0.tgz 5730ms (cache revalidated)
620 http fetch GET 200 https://registry.npmjs.org/fastq/-/fastq-1.17.1.tgz 5727ms (cache revalidated)
621 http fetch GET 200 https://registry.npmjs.org/ftp4/-/ftp4-0.3.13.tgz 5745ms (cache revalidated)
622 http fetch GET 200 https://registry.npmjs.org/flat-cache/-/flat-cache-3.2.0.tgz 5732ms (cache revalidated)
623 http fetch GET 200 https://registry.npmjs.org/fs-extra/-/fs-extra-11.2.0.tgz 5746ms (cache revalidated)
624 http fetch GET 200 https://registry.npmjs.org/flatten/-/flatten-1.0.3.tgz 5748ms (cache revalidated)
625 http fetch GET 200 https://registry.npmjs.org/file-entry-cache/-/file-entry-cache-6.0.1.tgz 5756ms (cache revalidated)
626 http fetch GET 200 https://registry.npmjs.org/fill-range/-/fill-range-7.1.1.tgz 5759ms (cache revalidated)
627 http fetch GET 200 https://registry.npmjs.org/filelist/-/filelist-1.0.4.tgz 5760ms (cache revalidated)
628 http fetch GET 200 https://registry.npmjs.org/fast-levenshtein/-/fast-levenshtein-2.0.6.tgz 5759ms (cache revalidated)
629 http fetch GET 200 https://registry.npmjs.org/fastest-levenshtein/-/fastest-levenshtein-1.0.16.tgz 5760ms (cache revalidated)
630 http fetch GET 200 https://registry.npmjs.org/find-up/-/find-up-5.0.0.tgz 5763ms (cache revalidated)
631 http fetch GET 200 https://registry.npmjs.org/fast-glob/-/fast-glob-3.3.2.tgz 5784ms (cache revalidated)
632 http fetch GET 200 https://registry.npmjs.org/fast-deep-equal/-/fast-deep-equal-3.1.3.tgz 5784ms (cache revalidated)
633 http fetch GET 200 https://registry.npmjs.org/fast-json-stable-stringify/-/fast-json-stable-stringify-2.1.0.tgz 5787ms (cache revalidated)
634 http fetch GET 200 https://registry.npmjs.org/expect/-/expect-29.7.0.tgz 5787ms (cache revalidated)
635 http fetch GET 200 https://registry.npmjs.org/execa/-/execa-5.1.1.tgz 5788ms (cache revalidated)
636 http fetch GET 200 https://registry.npmjs.org/esquery/-/esquery-1.6.0.tgz 5795ms (cache revalidated)
637 http fetch GET 200 https://registry.npmjs.org/esprima/-/esprima-4.0.1.tgz 5803ms (cache revalidated)
638 http fetch GET 200 https://registry.npmjs.org/esrecurse/-/esrecurse-4.3.0.tgz 5806ms (cache revalidated)
639 http fetch GET 200 https://registry.npmjs.org/filing-cabinet/-/filing-cabinet-3.3.1.tgz 5845ms (cache revalidated)
640 http fetch GET 200 https://registry.npmjs.org/eslint-visitor-keys/-/eslint-visitor-keys-3.4.3.tgz 5843ms (cache revalidated)
641 http fetch GET 200 https://registry.npmjs.org/exit/-/exit-0.1.2.tgz 5847ms (cache revalidated)
642 http fetch GET 200 https://registry.npmjs.org/esutils/-/esutils-2.0.3.tgz 5848ms (cache revalidated)
643 http fetch GET 200 https://registry.npmjs.org/escodegen/-/escodegen-2.1.0.tgz 5850ms (cache revalidated)
644 http fetch GET 200 https://registry.npmjs.org/estraverse/-/estraverse-5.3.0.tgz 5888ms (cache revalidated)
645 http fetch GET 200 https://registry.npmjs.org/escape-string-regexp/-/escape-string-regexp-4.0.0.tgz 5898ms (cache revalidated)
646 http fetch GET 200 https://registry.npmjs.org/espree/-/espree-9.6.1.tgz 5902ms (cache revalidated)
647 http fetch GET 200 https://registry.npmjs.org/eslint-plugin-unused-imports/-/eslint-plugin-unused-imports-3.2.0.tgz 5901ms (cache revalidated)
648 http fetch GET 200 https://registry.npmjs.org/exponential-backoff/-/exponential-backoff-3.1.1.tgz 5906ms (cache revalidated)
649 http fetch GET 200 https://registry.npmjs.org/eslint-scope/-/eslint-scope-7.2.2.tgz 5904ms (cache revalidated)
650 http fetch GET 200 https://registry.npmjs.org/eslint-plugin-jest/-/eslint-plugin-jest-27.9.0.tgz 5909ms (cache revalidated)
651 http fetch GET 200 https://registry.npmjs.org/error-ex/-/error-ex-1.3.2.tgz 5909ms (cache revalidated)
652 http fetch GET 200 https://registry.npmjs.org/env-paths/-/env-paths-2.2.1.tgz 5909ms (cache revalidated)
653 http fetch GET 200 https://registry.npmjs.org/eslint-rule-composer/-/eslint-rule-composer-0.3.0.tgz 5913ms (cache revalidated)
654 http fetch GET 200 https://registry.npmjs.org/err-code/-/err-code-2.0.3.tgz 5939ms (cache revalidated)
655 http fetch GET 200 https://registry.npmjs.org/emoji-regex/-/emoji-regex-8.0.0.tgz 5939ms (cache revalidated)
656 http fetch GET 200 https://registry.npmjs.org/entities/-/entities-4.5.0.tgz 5943ms (cache revalidated)
657 http fetch GET 200 https://registry.npmjs.org/escalade/-/escalade-3.2.0.tgz 5947ms (cache revalidated)
658 http fetch GET 200 https://registry.npmjs.org/eslint/-/eslint-8.57.1.tgz 5968ms (cache revalidated)
659 http fetch GET 200 https://registry.npmjs.org/env-cmd/-/env-cmd-10.1.0.tgz 5980ms (cache revalidated)
660 http fetch GET 200 https://registry.npmjs.org/encoding/-/encoding-0.1.13.tgz 5991ms (cache revalidated)
661 http fetch GET 200 https://registry.npmjs.org/dir-glob/-/dir-glob-3.0.1.tgz 5992ms (cache revalidated)
662 http fetch GET 200 https://registry.npmjs.org/detective-typescript/-/detective-typescript-9.1.1.tgz 5991ms (cache revalidated)
663 http fetch GET 200 https://registry.npmjs.org/eastasianwidth/-/eastasianwidth-0.2.0.tgz 5993ms (cache revalidated)
664 http fetch GET 200 https://registry.npmjs.org/doctrine/-/doctrine-3.0.0.tgz 5994ms (cache revalidated)
665 http fetch GET 200 https://registry.npmjs.org/ejs/-/ejs-3.1.10.tgz 5998ms (cache revalidated)
666 http fetch GET 200 https://registry.npmjs.org/diff-sequences/-/diff-sequences-29.6.3.tgz 5996ms (cache revalidated)
667 http fetch GET 200 https://registry.npmjs.org/diff2html/-/diff2html-3.4.20-usewontache.1.60e7a2e.tgz 6009ms (cache revalidated)
668 http fetch GET 200 https://registry.npmjs.org/electron-to-chromium/-/electron-to-chromium-1.5.27.tgz 6050ms (cache revalidated)
669 http fetch GET 200 https://registry.npmjs.org/detective-stylus/-/detective-stylus-2.0.1.tgz 6050ms (cache revalidated)
670 http fetch GET 200 https://registry.npmjs.org/detective-postcss/-/detective-postcss-6.1.3.tgz 6051ms (cache revalidated)
671 http fetch GET 200 https://registry.npmjs.org/diff/-/diff-5.2.0.tgz 6056ms (cache revalidated)
672 http fetch GET 200 https://registry.npmjs.org/detective-sass/-/detective-sass-4.1.3.tgz 6056ms (cache revalidated)
673 http fetch GET 200 https://registry.npmjs.org/detective-scss/-/detective-scss-3.1.1.tgz 6058ms (cache revalidated)
674 http fetch GET 200 https://registry.npmjs.org/detective-cjs/-/detective-cjs-4.1.0.tgz 6085ms (cache revalidated)
675 http fetch GET 200 https://registry.npmjs.org/defaults/-/defaults-1.0.4.tgz 6094ms (cache revalidated)
676 http fetch GET 200 https://registry.npmjs.org/dedent/-/dedent-1.5.3.tgz 6092ms (cache revalidated)
677 http fetch GET 200 https://registry.npmjs.org/detective-less/-/detective-less-1.0.2.tgz 6101ms (cache revalidated)
678 http fetch GET 200 https://registry.npmjs.org/detective-amd/-/detective-amd-4.2.0.tgz 6103ms (cache revalidated)
679 http fetch GET 200 https://registry.npmjs.org/detect-newline/-/detect-newline-3.1.0.tgz 6103ms (cache revalidated)
680 http fetch GET 200 https://registry.npmjs.org/emittery/-/emittery-0.13.1.tgz 6102ms (cache revalidated)
681 http fetch GET 200 https://registry.npmjs.org/dependency-tree/-/dependency-tree-9.0.0.tgz 6122ms (cache revalidated)
682 http fetch GET 200 https://registry.npmjs.org/deep-is/-/deep-is-0.1.4.tgz 6134ms (cache revalidated)
683 http fetch GET 200 https://registry.npmjs.org/create-jest/-/create-jest-29.7.0.tgz 6131ms (cache revalidated)
684 http fetch GET 200 https://registry.npmjs.org/detective-es6/-/detective-es6-3.0.1.tgz 6139ms (cache revalidated)
685 http fetch GET 200 https://registry.npmjs.org/debug/-/debug-4.3.7.tgz 6135ms (cache revalidated)
686 http fetch GET 200 https://registry.npmjs.org/dateformat/-/dateformat-3.0.2.tgz 6135ms (cache revalidated)
687 http fetch GET 200 https://registry.npmjs.org/deep-extend/-/deep-extend-0.6.0.tgz 6138ms (cache revalidated)
688 http fetch GET 200 https://registry.npmjs.org/foreground-child/-/foreground-child-3.3.0.tgz 6161ms (cache revalidated)
689 http fetch GET 200 https://registry.npmjs.org/core-util-is/-/core-util-is-1.0.3.tgz 6159ms (cache revalidated)
690 http fetch GET 200 https://registry.npmjs.org/date-format/-/date-format-4.0.14.tgz 6162ms (cache revalidated)
691 http fetch GET 200 https://registry.npmjs.org/cross-spawn/-/cross-spawn-7.0.3.tgz 6162ms (cache revalidated)
692 http fetch GET 200 https://registry.npmjs.org/co/-/co-4.6.0.tgz 6160ms (cache revalidated)
693 http fetch GET 200 https://registry.npmjs.org/dataobject-parser/-/dataobject-parser-1.2.25.tgz 6165ms (cache revalidated)
694 http fetch GET 200 https://registry.npmjs.org/commander/-/commander-4.1.1.tgz 6165ms (cache revalidated)
695 http fetch GET 200 https://registry.npmjs.org/enhanced-resolve/-/enhanced-resolve-5.17.1.tgz 6172ms (cache revalidated)
696 http fetch GET 200 https://registry.npmjs.org/convert-source-map/-/convert-source-map-2.0.0.tgz 6180ms (cache revalidated)
697 http fetch GET 200 https://registry.npmjs.org/color-name/-/color-name-1.1.4.tgz 6190ms (cache revalidated)
698 http fetch GET 200 https://registry.npmjs.org/cli-spinners/-/cli-spinners-2.9.2.tgz 6189ms (cache revalidated)
699 http fetch GET 200 https://registry.npmjs.org/colors/-/colors-1.4.0.tgz 6193ms (cache revalidated)
700 http fetch GET 200 https://registry.npmjs.org/comment-json/-/comment-json-4.2.5.tgz 6195ms (cache revalidated)
701 http fetch GET 200 https://registry.npmjs.org/deepmerge/-/deepmerge-4.3.1.tgz 6196ms (cache revalidated)
702 http fetch GET 200 https://registry.npmjs.org/commondir/-/commondir-1.0.1.tgz 6198ms (cache revalidated)
703 http fetch GET 200 https://registry.npmjs.org/cli-cursor/-/cli-cursor-3.1.0.tgz 6193ms (cache revalidated)
704 http fetch GET 200 https://registry.npmjs.org/cliui/-/cliui-8.0.1.tgz 6226ms (cache revalidated)
705 http fetch GET 200 https://registry.npmjs.org/cli-table3/-/cli-table3-0.6.5.tgz 6226ms (cache revalidated)
706 http fetch GET 200 https://registry.npmjs.org/clone/-/clone-1.0.4.tgz 6229ms (cache revalidated)
707 http fetch GET 200 https://registry.npmjs.org/caniuse-lite/-/caniuse-lite-1.0.30001663.tgz 6253ms (cache revalidated)
708 http fetch GET 200 https://registry.npmjs.org/clean-stack/-/clean-stack-2.2.0.tgz 6256ms (cache revalidated)
709 http fetch GET 200 https://registry.npmjs.org/collect-v8-coverage/-/collect-v8-coverage-1.0.2.tgz 6259ms (cache revalidated)
710 http fetch GET 200 https://registry.npmjs.org/ci-info/-/ci-info-3.9.0.tgz 6257ms (cache revalidated)
711 http fetch GET 200 https://registry.npmjs.org/concat-map/-/concat-map-0.0.1.tgz 6272ms (cache revalidated)
712 warn deprecated inflight@1.0.6: This module is not supported, and leaks memory. Do not use it. Check out lru-cache if you want a good and tested way to coalesce async requests by a key value, which is much more comprehensive and powerful.
713 http fetch GET 200 https://registry.npmjs.org/char-regex/-/char-regex-1.0.2.tgz 6286ms (cache revalidated)
714 http fetch GET 200 https://registry.npmjs.org/callsites/-/callsites-3.1.0.tgz 6287ms (cache revalidated)
715 http fetch GET 200 https://registry.npmjs.org/camelcase/-/camelcase-5.3.1.tgz 6288ms (cache revalidated)
716 http fetch GET 200 https://registry.npmjs.org/chownr/-/chownr-2.0.0.tgz 6289ms (cache revalidated)
717 http fetch GET 200 https://registry.npmjs.org/buffer-from/-/buffer-from-1.1.2.tgz 6290ms (cache revalidated)
718 http fetch GET 200 https://registry.npmjs.org/chalk/-/chalk-4.1.2.tgz 6292ms (cache revalidated)
719 http fetch GET 200 https://registry.npmjs.org/bs-logger/-/bs-logger-0.2.6.tgz 6326ms (cache revalidated)
720 http fetch GET 200 https://registry.npmjs.org/brace-expansion/-/brace-expansion-2.0.1.tgz 6327ms (cache revalidated)
721 http fetch GET 200 https://registry.npmjs.org/browserslist/-/browserslist-4.23.3.tgz 6329ms (cache revalidated)
722 http fetch GET 200 https://registry.npmjs.org/cacache/-/cacache-18.0.4.tgz 6332ms (cache revalidated)
723 http fetch GET 200 https://registry.npmjs.org/buffer/-/buffer-5.7.1.tgz 6333ms (cache revalidated)
724 http fetch GET 200 https://registry.npmjs.org/braces/-/braces-3.0.3.tgz 6334ms (cache revalidated)
725 http fetch GET 200 https://registry.npmjs.org/bootstrap/-/bootstrap-5.3.3.tgz 6375ms (cache revalidated)
726 http fetch GET 200 https://registry.npmjs.org/balanced-match/-/balanced-match-1.0.2.tgz 6382ms (cache revalidated)
727 http fetch GET 200 https://registry.npmjs.org/bser/-/bser-2.1.1.tgz 6398ms (cache revalidated)
728 http fetch GET 200 https://registry.npmjs.org/babel-preset-current-node-syntax/-/babel-preset-current-node-syntax-1.1.0.tgz 6399ms (cache revalidated)
729 http fetch GET 200 https://registry.npmjs.org/async/-/async-3.2.6.tgz 6415ms (cache revalidated)
730 http fetch GET 200 https://registry.npmjs.org/babel-preset-jest/-/babel-preset-jest-29.6.3.tgz 6417ms (cache revalidated)
731 http fetch GET 200 https://registry.npmjs.org/chart.js/-/chart.js-4.4.4.tgz 6459ms (cache revalidated)
732 http fetch GET 200 https://registry.npmjs.org/ast-module-types/-/ast-module-types-4.0.0.tgz 6469ms (cache revalidated)
733 http fetch GET 200 https://registry.npmjs.org/bl/-/bl-4.1.0.tgz 6472ms (cache revalidated)
734 http fetch GET 200 https://registry.npmjs.org/babel-jest/-/babel-jest-29.7.0.tgz 6491ms (cache revalidated)
735 http fetch GET 200 https://registry.npmjs.org/babel-plugin-istanbul/-/babel-plugin-istanbul-6.1.1.tgz 6513ms (cache revalidated)
736 http fetch GET 200 https://registry.npmjs.org/array-timsort/-/array-timsort-1.0.3.tgz 6514ms (cache revalidated)
737 http fetch GET 200 https://registry.npmjs.org/ansi-styles/-/ansi-styles-4.3.0.tgz 6514ms (cache revalidated)
738 http fetch GET 200 https://registry.npmjs.org/array-union/-/array-union-2.1.0.tgz 6516ms (cache revalidated)
739 http fetch GET 200 https://registry.npmjs.org/argparse/-/argparse-2.0.1.tgz 6520ms (cache revalidated)
740 http fetch GET 200 https://registry.npmjs.org/app-module-path/-/app-module-path-2.2.0.tgz 6531ms (cache revalidated)
741 http fetch GET 200 https://registry.npmjs.org/ansi-parser/-/ansi-parser-3.2.10.tgz 6532ms (cache revalidated)
742 http fetch GET 200 https://registry.npmjs.org/any-promise/-/any-promise-1.3.0.tgz 6566ms (cache revalidated)
743 http fetch GET 200 https://registry.npmjs.org/anymatch/-/anymatch-3.1.3.tgz 6567ms (cache revalidated)
744 http fetch GET 200 https://registry.npmjs.org/ajv/-/ajv-6.12.6.tgz 6576ms (cache revalidated)
745 http fetch GET 200 https://registry.npmjs.org/ansi-sequence-parser/-/ansi-sequence-parser-1.1.1.tgz 6580ms (cache revalidated)
746 http fetch GET 200 https://registry.npmjs.org/acorn-jsx/-/acorn-jsx-5.3.2.tgz 6579ms (cache revalidated)
747 http fetch GET 200 https://registry.npmjs.org/ansi-regex/-/ansi-regex-5.0.1.tgz 6582ms (cache revalidated)
748 http fetch GET 200 https://registry.npmjs.org/babel-plugin-jest-hoist/-/babel-plugin-jest-hoist-29.6.3.tgz 6616ms (cache revalidated)
749 http fetch GET 200 https://registry.npmjs.org/base64-js/-/base64-js-1.5.1.tgz 6623ms (cache revalidated)
750 http fetch GET 200 https://registry.npmjs.org/agent-base/-/agent-base-7.1.1.tgz 6620ms (cache revalidated)
751 http fetch GET 200 https://registry.npmjs.org/ansi-escapes/-/ansi-escapes-4.3.2.tgz 6621ms (cache revalidated)
752 http fetch GET 200 https://registry.npmjs.org/aggregate-error/-/aggregate-error-3.1.0.tgz 6653ms (cache revalidated)
753 http fetch GET 200 https://registry.npmjs.org/@typescript-eslint/type-utils/-/type-utils-7.18.0.tgz 6652ms (cache revalidated)
754 http fetch GET 200 https://registry.npmjs.org/abbrev/-/abbrev-2.0.0.tgz 6654ms (cache revalidated)
755 http fetch GET 200 https://registry.npmjs.org/@typescript-eslint/types/-/types-7.18.0.tgz 6671ms (cache revalidated)
756 http fetch GET 200 https://registry.npmjs.org/@types/yargs-parser/-/yargs-parser-21.0.3.tgz 6671ms (cache revalidated)
757 http fetch GET 200 https://registry.npmjs.org/@ungap/structured-clone/-/structured-clone-1.2.0.tgz 6679ms (cache revalidated)
758 http fetch GET 200 https://registry.npmjs.org/@typescript-eslint/utils/-/utils-7.18.0.tgz 6684ms (cache revalidated)
759 http fetch GET 200 https://registry.npmjs.org/@typescript-eslint/parser/-/parser-7.18.0.tgz 6687ms (cache revalidated)
760 http fetch GET 200 https://registry.npmjs.org/@typescript-eslint/scope-manager/-/scope-manager-7.18.0.tgz 6713ms (cache revalidated)
761 http fetch GET 200 https://registry.npmjs.org/@types/semver/-/semver-7.5.8.tgz 6739ms (cache revalidated)
762 http fetch GET 200 https://registry.npmjs.org/@typescript-eslint/visitor-keys/-/visitor-keys-7.18.0.tgz 6745ms (cache revalidated)
763 http fetch GET 200 https://registry.npmjs.org/@types/json5/-/json5-0.0.29.tgz 6743ms (cache revalidated)
764 http fetch GET 200 https://registry.npmjs.org/@types/istanbul-reports/-/istanbul-reports-3.0.4.tgz 6743ms (cache revalidated)
765 http fetch GET 200 https://registry.npmjs.org/@types/node/-/node-18.19.50.tgz 6755ms (cache revalidated)
766 http fetch GET 200 https://registry.npmjs.org/@typescript-eslint/eslint-plugin/-/eslint-plugin-7.18.0.tgz 6794ms (cache revalidated)
767 warn deprecated flatten@1.0.3: flatten is deprecated in favor of utility frameworks such as lodash.
768 http fetch GET 200 https://registry.npmjs.org/@types/yargs/-/yargs-17.0.33.tgz 6826ms (cache revalidated)
769 http fetch GET 200 https://registry.npmjs.org/@types/graceful-fs/-/graceful-fs-4.1.9.tgz 6825ms (cache revalidated)
770 http fetch GET 200 https://registry.npmjs.org/@types/stack-utils/-/stack-utils-2.0.3.tgz 6828ms (cache revalidated)
771 http fetch GET 200 https://registry.npmjs.org/@types/istanbul-lib-coverage/-/istanbul-lib-coverage-2.0.6.tgz 6828ms (cache revalidated)
772 http fetch GET 200 https://registry.npmjs.org/@types/jest/-/jest-29.5.13.tgz 6868ms (cache revalidated)
773 http fetch GET 200 https://registry.npmjs.org/@types/babel__traverse/-/babel__traverse-7.20.6.tgz 6867ms (cache revalidated)
774 http fetch GET 200 https://registry.npmjs.org/cjs-module-lexer/-/cjs-module-lexer-1.4.1.tgz 6887ms (cache revalidated)
775 http fetch GET 200 https://registry.npmjs.org/@types/istanbul-lib-report/-/istanbul-lib-report-3.0.3.tgz 6870ms (cache revalidated)
776 http fetch GET 200 https://registry.npmjs.org/@tufjs/models/-/models-2.0.1.tgz 6871ms (cache revalidated)
777 http fetch GET 200 https://registry.npmjs.org/acorn/-/acorn-8.12.1.tgz 6880ms (cache revalidated)
778 http fetch GET 200 https://registry.npmjs.org/@sinonjs/commons/-/commons-3.0.1.tgz 6875ms (cache revalidated)
779 http fetch GET 200 https://registry.npmjs.org/@sinonjs/fake-timers/-/fake-timers-10.3.0.tgz 6877ms (cache revalidated)
780 http fetch GET 200 https://registry.npmjs.org/@types/babel__generator/-/babel__generator-7.6.8.tgz 6897ms (cache revalidated)
781 http fetch GET 200 https://registry.npmjs.org/@sinclair/typebox/-/typebox-0.27.8.tgz 6898ms (cache revalidated)
782 http fetch GET 200 https://registry.npmjs.org/@types/babel__template/-/babel__template-7.4.4.tgz 6903ms (cache revalidated)
783 http fetch GET 200 https://registry.npmjs.org/@sigstore/verify/-/verify-1.2.1.tgz 6903ms (cache revalidated)
784 http fetch GET 200 https://registry.npmjs.org/@types/babel__core/-/babel__core-7.20.5.tgz 6905ms (cache revalidated)
785 http fetch GET 200 https://registry.npmjs.org/@tufjs/canonical-json/-/canonical-json-2.0.0.tgz 6929ms (cache revalidated)
786 http fetch GET 200 https://registry.npmjs.org/@sigstore/tuf/-/tuf-2.3.4.tgz 6929ms (cache revalidated)
787 http fetch GET 200 https://registry.npmjs.org/@types/json-schema/-/json-schema-7.0.15.tgz 6938ms (cache revalidated)
788 http fetch GET 200 https://registry.npmjs.org/@sigstore/sign/-/sign-2.3.2.tgz 6936ms (cache revalidated)
789 http fetch GET 200 https://registry.npmjs.org/@popperjs/core/-/core-2.11.8.tgz 6951ms (cache revalidated)
790 http fetch GET 200 https://registry.npmjs.org/@sigstore/protobuf-specs/-/protobuf-specs-0.3.2.tgz 6954ms (cache revalidated)
791 http fetch GET 200 https://registry.npmjs.org/@npmcli/package-json/-/package-json-5.2.1.tgz 6994ms (cache revalidated)
792 http fetch GET 200 https://registry.npmjs.org/@pkgjs/parseargs/-/parseargs-0.11.0.tgz 6996ms (cache revalidated)
793 http fetch GET 200 https://registry.npmjs.org/@npmcli/agent/-/agent-2.2.2.tgz 6994ms (cache revalidated)
794 http fetch GET 200 https://registry.npmjs.org/@sigstore/bundle/-/bundle-2.3.2.tgz 6997ms (cache revalidated)
795 http fetch GET 200 https://registry.npmjs.org/@sigstore/core/-/core-1.1.0.tgz 6998ms (cache revalidated)
796 warn deprecated glob@7.2.3: Glob versions prior to v9 are no longer supported
797 http fetch GET 200 https://registry.npmjs.org/@nodelib/fs.stat/-/fs.stat-2.0.5.tgz 7014ms (cache revalidated)
798 http fetch GET 200 https://registry.npmjs.org/@npmcli/promise-spawn/-/promise-spawn-7.0.2.tgz 7016ms (cache revalidated)
799 http fetch GET 200 https://registry.npmjs.org/@nodelib/fs.scandir/-/fs.scandir-2.1.5.tgz 7011ms (cache revalidated)
800 http fetch GET 200 https://registry.npmjs.org/@jridgewell/resolve-uri/-/resolve-uri-3.1.2.tgz 7046ms (cache revalidated)
801 http fetch GET 200 https://registry.npmjs.org/color-convert/-/color-convert-2.0.1.tgz 7084ms (cache revalidated)
802 http fetch GET 200 https://registry.npmjs.org/@npmcli/git/-/git-5.0.8.tgz 7085ms (cache revalidated)
803 http fetch GET 200 https://registry.npmjs.org/@jridgewell/sourcemap-codec/-/sourcemap-codec-1.5.0.tgz 7079ms (cache revalidated)
804 http fetch GET 200 https://registry.npmjs.org/@jridgewell/trace-mapping/-/trace-mapping-0.3.25.tgz 7079ms (cache revalidated)
805 http fetch GET 200 https://registry.npmjs.org/@jest/transform/-/transform-29.7.0.tgz 7082ms (cache revalidated)
806 http fetch GET 200 https://registry.npmjs.org/@jest/source-map/-/source-map-29.6.3.tgz 7081ms (cache revalidated)
807 http fetch GET 200 https://registry.npmjs.org/@npmcli/fs/-/fs-3.1.1.tgz 7090ms (cache revalidated)
808 http fetch GET 200 https://registry.npmjs.org/@zowe/imperative/-/imperative-8.0.0.tgz 7146ms (cache revalidated)
809 http fetch GET 200 https://registry.npmjs.org/@jest/test-sequencer/-/test-sequencer-29.7.0.tgz 7152ms (cache revalidated)
810 http fetch GET 200 https://registry.npmjs.org/@npmcli/redact/-/redact-2.0.1.tgz 7163ms (cache revalidated)
811 http fetch GET 200 https://registry.npmjs.org/@jest/reporters/-/reporters-29.7.0.tgz 7179ms (cache revalidated)
812 http fetch GET 200 https://registry.npmjs.org/@jest/schemas/-/schemas-29.6.3.tgz 7180ms (cache revalidated)
813 http fetch GET 200 https://registry.npmjs.org/@isaacs/cliui/-/cliui-8.0.2.tgz 7179ms (cache revalidated)
814 http fetch GET 200 https://registry.npmjs.org/@npmcli/run-script/-/run-script-8.1.0.tgz 7193ms (cache revalidated)
815 http fetch GET 200 https://registry.npmjs.org/@jest/globals/-/globals-29.7.0.tgz 7182ms (cache revalidated)
816 http fetch GET 200 https://registry.npmjs.org/@jest/fake-timers/-/fake-timers-29.7.0.tgz 7184ms (cache revalidated)
817 http fetch GET 200 https://registry.npmjs.org/@npmcli/installed-package-contents/-/installed-package-contents-2.1.0.tgz 7197ms (cache revalidated)
818 http fetch GET 200 https://registry.npmjs.org/@npmcli/node-gyp/-/node-gyp-3.0.0.tgz 7198ms (cache revalidated)
819 http fetch GET 200 https://registry.npmjs.org/@jest/expect/-/expect-29.7.0.tgz 7219ms (cache revalidated)
820 http fetch GET 200 https://registry.npmjs.org/@jest/environment/-/environment-29.7.0.tgz 7252ms (cache revalidated)
821 http fetch GET 200 https://registry.npmjs.org/@istanbuljs/load-nyc-config/-/load-nyc-config-1.1.0.tgz 7254ms (cache revalidated)
822 http fetch GET 200 https://registry.npmjs.org/@humanwhocodes/module-importer/-/module-importer-1.0.1.tgz 7254ms (cache revalidated)
823 http fetch GET 200 https://registry.npmjs.org/@istanbuljs/schema/-/schema-0.1.3.tgz 7257ms (cache revalidated)
824 http fetch GET 200 https://registry.npmjs.org/@jest/console/-/console-29.7.0.tgz 7256ms (cache revalidated)
825 http fetch GET 200 https://registry.npmjs.org/@eslint/eslintrc/-/eslintrc-2.1.4.tgz 7259ms (cache revalidated)
826 http fetch GET 200 https://registry.npmjs.org/@eslint-community/eslint-utils/-/eslint-utils-4.4.0.tgz 7263ms (cache revalidated)
827 http fetch GET 200 https://registry.npmjs.org/@humanwhocodes/object-schema/-/object-schema-2.0.3.tgz 7267ms (cache revalidated)
828 http fetch GET 200 https://registry.npmjs.org/@jest/types/-/types-29.6.3.tgz 7300ms (cache revalidated)
829 http fetch GET 200 https://registry.npmjs.org/@jest/core/-/core-29.7.0.tgz 7296ms (cache revalidated)
830 http fetch GET 200 https://registry.npmjs.org/@jest/expect-utils/-/expect-utils-29.7.0.tgz 7300ms (cache revalidated)
831 http fetch GET 200 https://registry.npmjs.org/@jest/test-result/-/test-result-29.7.0.tgz 7333ms (cache revalidated)
832 http fetch GET 200 https://registry.npmjs.org/@babel/template/-/template-7.25.0.tgz 7328ms (cache revalidated)
833 http fetch GET 200 https://registry.npmjs.org/@eslint-community/regexpp/-/regexpp-4.11.1.tgz 7332ms (cache revalidated)
834 http fetch GET 200 https://registry.npmjs.org/@colors/colors/-/colors-1.5.0.tgz 7377ms (cache revalidated)
835 http fetch GET 200 https://registry.npmjs.org/@bcoe/v8-coverage/-/v8-coverage-0.2.3.tgz 7382ms (cache revalidated)
836 http fetch GET 200 https://registry.npmjs.org/@babel/plugin-syntax-optional-chaining/-/plugin-syntax-optional-chaining-7.8.3.tgz 7381ms (cache revalidated)
837 http fetch GET 200 https://registry.npmjs.org/@eslint/js/-/js-8.57.1.tgz 7385ms (cache revalidated)
838 http fetch GET 200 https://registry.npmjs.org/@babel/plugin-syntax-optional-catch-binding/-/plugin-syntax-optional-catch-binding-7.8.3.tgz 7419ms (cache revalidated)
839 http fetch GET 200 https://registry.npmjs.org/@babel/types/-/types-7.25.6.tgz 7438ms (cache revalidated)
840 http fetch GET 200 https://registry.npmjs.org/@babel/plugin-syntax-private-property-in-object/-/plugin-syntax-private-property-in-object-7.14.5.tgz 7439ms (cache revalidated)
841 http fetch GET 200 https://registry.npmjs.org/@humanwhocodes/config-array/-/config-array-0.13.0.tgz 7443ms (cache revalidated)
842 http fetch GET 200 https://registry.npmjs.org/@babel/plugin-syntax-numeric-separator/-/plugin-syntax-numeric-separator-7.10.4.tgz 7441ms (cache revalidated)
843 http fetch GET 200 https://registry.npmjs.org/@babel/plugin-syntax-object-rest-spread/-/plugin-syntax-object-rest-spread-7.8.3.tgz 7473ms (cache revalidated)
844 http fetch GET 200 https://registry.npmjs.org/@babel/plugin-syntax-top-level-await/-/plugin-syntax-top-level-await-7.14.5.tgz 7476ms (cache revalidated)
845 http fetch GET 200 https://registry.npmjs.org/@babel/plugin-syntax-nullish-coalescing-operator/-/plugin-syntax-nullish-coalescing-operator-7.8.3.tgz 7476ms (cache revalidated)
846 http fetch GET 200 https://registry.npmjs.org/@babel/traverse/-/traverse-7.25.6.tgz 7487ms (cache revalidated)
847 http fetch GET 200 https://registry.npmjs.org/@babel/plugin-syntax-json-strings/-/plugin-syntax-json-strings-7.8.3.tgz 7485ms (cache revalidated)
848 http fetch GET 200 https://registry.npmjs.org/@babel/plugin-syntax-typescript/-/plugin-syntax-typescript-7.25.4.tgz 7489ms (cache revalidated)
849 http fetch GET 200 https://registry.npmjs.org/@babel/plugin-syntax-import-meta/-/plugin-syntax-import-meta-7.10.4.tgz 7551ms (cache revalidated)
850 http fetch GET 200 https://registry.npmjs.org/@babel/plugin-syntax-class-properties/-/plugin-syntax-class-properties-7.12.13.tgz 7566ms (cache revalidated)
851 http fetch GET 200 https://registry.npmjs.org/@babel/plugin-syntax-logical-assignment-operators/-/plugin-syntax-logical-assignment-operators-7.10.4.tgz 7567ms (cache revalidated)
852 http fetch GET 200 https://registry.npmjs.org/@babel/plugin-syntax-jsx/-/plugin-syntax-jsx-7.24.7.tgz 7568ms (cache revalidated)
853 http fetch GET 200 https://registry.npmjs.org/@babel/plugin-syntax-import-attributes/-/plugin-syntax-import-attributes-7.25.6.tgz 7583ms (cache revalidated)
854 http fetch GET 200 https://registry.npmjs.org/@babel/highlight/-/highlight-7.24.7.tgz 7583ms (cache revalidated)
855 http fetch GET 200 https://registry.npmjs.org/@babel/plugin-syntax-class-static-block/-/plugin-syntax-class-static-block-7.14.5.tgz 7585ms (cache revalidated)
856 http fetch GET 200 https://registry.npmjs.org/@babel/plugin-syntax-async-generators/-/plugin-syntax-async-generators-7.8.4.tgz 7586ms (cache revalidated)
857 http fetch GET 200 https://registry.npmjs.org/@babel/helpers/-/helpers-7.25.6.tgz 7621ms (cache revalidated)
858 http fetch GET 200 https://registry.npmjs.org/@babel/plugin-syntax-bigint/-/plugin-syntax-bigint-7.8.3.tgz 7649ms (cache revalidated)
859 http fetch GET 200 https://registry.npmjs.org/@babel/helper-string-parser/-/helper-string-parser-7.24.8.tgz 7651ms (cache revalidated)
860 http fetch GET 200 https://registry.npmjs.org/@babel/parser/-/parser-7.25.6.tgz 7670ms (cache revalidated)
861 http fetch GET 200 https://registry.npmjs.org/@babel/helper-validator-identifier/-/helper-validator-identifier-7.24.7.tgz 7673ms (cache revalidated)
862 http fetch GET 200 https://registry.npmjs.org/@babel/helper-module-transforms/-/helper-module-transforms-7.25.2.tgz 7703ms (cache revalidated)
863 http fetch GET 200 https://registry.npmjs.org/@babel/helper-simple-access/-/helper-simple-access-7.24.7.tgz 7706ms (cache revalidated)
864 http fetch GET 200 https://registry.npmjs.org/@dependents/detective-less/-/detective-less-3.0.2.tgz 7712ms (cache revalidated)
865 http fetch GET 200 https://registry.npmjs.org/strip-bom/-/strip-bom-3.0.0.tgz 7766ms (cache revalidated)
866 http fetch GET 200 https://registry.npmjs.org/@babel/generator/-/generator-7.25.6.tgz 7770ms (cache revalidated)
867 http fetch GET 200 https://registry.npmjs.org/minimatch/-/minimatch-3.1.2.tgz 7770ms (cache revalidated)
868 http fetch GET 200 https://registry.npmjs.org/@ampproject/remapping/-/remapping-2.3.0.tgz 7771ms (cache revalidated)
869 http fetch GET 200 https://registry.npmjs.org/@babel/helper-module-imports/-/helper-module-imports-7.24.7.tgz 7772ms (cache revalidated)
870 http fetch GET 200 https://registry.npmjs.org/@jridgewell/gen-mapping/-/gen-mapping-0.3.5.tgz 7786ms (cache revalidated)
871 http fetch GET 200 https://registry.npmjs.org/fs-minipass/-/fs-minipass-2.1.0.tgz 7778ms (cache revalidated)
872 http fetch GET 200 https://registry.npmjs.org/brace-expansion/-/brace-expansion-1.1.11.tgz 7781ms (cache revalidated)
873 http fetch GET 200 https://registry.npmjs.org/@babel/helper-compilation-targets/-/helper-compilation-targets-7.25.2.tgz 7784ms (cache revalidated)
874 http fetch GET 200 https://registry.npmjs.org/@zowe/cli-test-utils/-/cli-test-utils-8.0.0.tgz 7856ms (cache revalidated)
875 http fetch GET 200 https://registry.npmjs.org/universalify/-/universalify-0.1.2.tgz 7823ms (cache revalidated)
876 http fetch GET 200 https://registry.npmjs.org/@babel/compat-data/-/compat-data-7.25.4.tgz 7825ms (cache revalidated)
877 http fetch GET 200 https://registry.npmjs.org/commander/-/commander-2.20.3.tgz 7829ms (cache revalidated)
878 http fetch GET 200 https://registry.npmjs.org/json5/-/json5-1.0.2.tgz 7831ms (cache revalidated)
879 http fetch GET 200 https://registry.npmjs.org/yallist/-/yallist-4.0.0.tgz 7835ms (cache revalidated)
880 http fetch GET 200 https://registry.npmjs.org/minipass/-/minipass-5.0.0.tgz 7846ms (cache revalidated)
881 http fetch GET 200 https://registry.npmjs.org/escape-string-regexp/-/escape-string-regexp-2.0.0.tgz 7854ms (cache revalidated)
882 http fetch GET 200 https://registry.npmjs.org/@babel/core/-/core-7.25.2.tgz 7861ms (cache revalidated)
883 http fetch GET 200 https://registry.npmjs.org/jsonfile/-/jsonfile-4.0.0.tgz 7860ms (cache revalidated)
884 http fetch GET 200 https://registry.npmjs.org/minipass/-/minipass-3.3.6.tgz 7863ms (cache revalidated)
885 http fetch GET 200 https://registry.npmjs.org/ini/-/ini-1.3.8.tgz 7905ms (cache revalidated)
886 http fetch GET 200 https://registry.npmjs.org/commander/-/commander-2.20.3.tgz 7909ms (cache revalidated)
887 http fetch GET 200 https://registry.npmjs.org/@kurkle/color/-/color-0.3.2.tgz 7935ms (cache revalidated)
888 http fetch GET 200 https://registry.npmjs.org/glob/-/glob-10.4.5.tgz 7911ms (cache revalidated)
889 http fetch GET 200 https://registry.npmjs.org/strip-json-comments/-/strip-json-comments-2.0.1.tgz 7913ms (cache revalidated)
890 http fetch GET 200 https://registry.npmjs.org/ansi-styles/-/ansi-styles-5.2.0.tgz 7913ms (cache revalidated)
891 http fetch GET 200 https://registry.npmjs.org/@babel/code-frame/-/code-frame-7.24.7.tgz 7916ms (cache revalidated)
892 http fetch GET 200 https://registry.npmjs.org/fs-extra/-/fs-extra-8.1.0.tgz 7942ms (cache revalidated)
893 http fetch GET 200 https://registry.npmjs.org/@nodelib/fs.walk/-/fs.walk-1.2.8.tgz 7986ms (cache revalidated)
894 http fetch GET 200 https://registry.npmjs.org/resolve-from/-/resolve-from-5.0.0.tgz 7963ms (cache revalidated)
895 http fetch GET 200 https://registry.npmjs.org/get-amd-module-type/-/get-amd-module-type-3.0.2.tgz 7964ms (cache revalidated)
896 http fetch GET 200 https://registry.npmjs.org/typescript/-/typescript-3.9.10.tgz 8214ms (cache revalidated)
897 http fetch GET 200 https://registry.npmjs.org/detective-es6/-/detective-es6-2.2.2.tgz 8226ms (cache revalidated)
898 http fetch GET 200 https://registry.npmjs.org/postcss-values-parser/-/postcss-values-parser-2.0.1.tgz 8230ms (cache revalidated)
899 http fetch GET 200 https://registry.npmjs.org/detective-typescript/-/detective-typescript-7.0.2.tgz 8230ms (cache revalidated)
900 http fetch GET 200 https://registry.npmjs.org/node-source-walk/-/node-source-walk-4.3.0.tgz 8232ms (cache revalidated)
901 http fetch GET 200 https://registry.npmjs.org/detective-postcss/-/detective-postcss-4.0.0.tgz 8231ms (cache revalidated)
902 http fetch GET 200 https://registry.npmjs.org/ast-module-types/-/ast-module-types-2.7.1.tgz 8235ms (cache revalidated)
903 http fetch GET 200 https://registry.npmjs.org/eslint-visitor-keys/-/eslint-visitor-keys-2.1.0.tgz 8235ms (cache revalidated)
904 http fetch GET 200 https://registry.npmjs.org/detective-cjs/-/detective-cjs-3.1.3.tgz 8236ms (cache revalidated)
905 http fetch GET 200 https://registry.npmjs.org/detective-sass/-/detective-sass-3.0.2.tgz 8258ms (cache revalidated)
906 http fetch GET 200 https://registry.npmjs.org/path-exists/-/path-exists-3.0.0.tgz 8291ms (cache revalidated)
907 http fetch GET 200 https://registry.npmjs.org/detective-scss/-/detective-scss-2.0.2.tgz 8293ms (cache revalidated)
908 http fetch GET 200 https://registry.npmjs.org/detective-stylus/-/detective-stylus-1.0.3.tgz 8295ms (cache revalidated)
909 http fetch GET 200 https://registry.npmjs.org/p-locate/-/p-locate-3.0.0.tgz 8328ms (cache revalidated)
910 http fetch GET 200 https://registry.npmjs.org/find-up/-/find-up-3.0.0.tgz 8328ms (cache revalidated)
911 http fetch GET 200 https://registry.npmjs.org/p-limit/-/p-limit-2.3.0.tgz 8330ms (cache revalidated)
912 http fetch GET 200 https://registry.npmjs.org/p-limit/-/p-limit-2.3.0.tgz 8332ms (cache revalidated)
913 http fetch GET 200 https://registry.npmjs.org/p-locate/-/p-locate-4.1.0.tgz 8332ms (cache revalidated)
914 http fetch GET 200 https://registry.npmjs.org/locate-path/-/locate-path-3.0.0.tgz 8333ms (cache revalidated)
915 http fetch GET 200 https://registry.npmjs.org/@typescript-eslint/typescript-estree/-/typescript-estree-4.33.0.tgz 8337ms (cache revalidated)
916 http fetch GET 200 https://registry.npmjs.org/lru-cache/-/lru-cache-10.4.3.tgz 8341ms (cache revalidated)
917 http fetch GET 200 https://registry.npmjs.org/@typescript-eslint/visitor-keys/-/visitor-keys-4.33.0.tgz 8346ms (cache revalidated)
918 http fetch GET 200 https://registry.npmjs.org/find-up/-/find-up-4.1.0.tgz 8395ms (cache revalidated)
919 http fetch GET 200 https://registry.npmjs.org/@babel/helper-validator-option/-/helper-validator-option-7.24.8.tgz 8410ms (cache revalidated)
920 http fetch GET 200 https://registry.npmjs.org/@typescript-eslint/types/-/types-4.33.0.tgz 8399ms (cache revalidated)
921 http fetch GET 200 https://registry.npmjs.org/ast-module-types/-/ast-module-types-3.0.0.tgz 8398ms (cache revalidated)
922 http fetch GET 200 https://registry.npmjs.org/locate-path/-/locate-path-5.0.0.tgz 8400ms (cache revalidated)
923 http fetch GET 200 https://registry.npmjs.org/detective-amd/-/detective-amd-3.1.2.tgz 8399ms (cache revalidated)
924 http fetch GET 200 https://registry.npmjs.org/glob/-/glob-10.4.5.tgz 8426ms (cache revalidated)
925 http fetch GET 200 https://registry.npmjs.org/commander/-/commander-2.20.3.tgz 8429ms (cache revalidated)
926 http fetch GET 200 https://registry.npmjs.org/json-parse-even-better-errors/-/json-parse-even-better-errors-2.3.1.tgz 8431ms (cache revalidated)
927 http fetch GET 200 https://registry.npmjs.org/commander/-/commander-2.20.3.tgz 8431ms (cache revalidated)
928 http fetch GET 200 https://registry.npmjs.org/camelcase/-/camelcase-6.3.0.tgz 8430ms (cache revalidated)
929 http fetch GET 200 https://registry.npmjs.org/yallist/-/yallist-4.0.0.tgz 8437ms (cache revalidated)
930 http fetch GET 200 https://registry.npmjs.org/node-source-walk/-/node-source-walk-4.3.0.tgz 8467ms (cache revalidated)
931 http fetch GET 200 https://registry.npmjs.org/minipass/-/minipass-3.3.6.tgz 8468ms (cache revalidated)
932 http fetch GET 200 https://registry.npmjs.org/@babel/helper-plugin-utils/-/helper-plugin-utils-7.24.8.tgz 8485ms (cache revalidated)
933 http fetch GET 200 https://registry.npmjs.org/commander/-/commander-7.2.0.tgz 8471ms (cache revalidated)
934 http fetch GET 200 https://registry.npmjs.org/minimatch/-/minimatch-3.1.2.tgz 8472ms (cache revalidated)
935 http fetch GET 200 https://registry.npmjs.org/ast-module-types/-/ast-module-types-3.0.0.tgz 8476ms (cache revalidated)
936 http fetch GET 200 https://registry.npmjs.org/yallist/-/yallist-4.0.0.tgz 8476ms (cache revalidated)
937 http fetch GET 200 https://registry.npmjs.org/supports-color/-/supports-color-8.1.1.tgz 8478ms (cache revalidated)
938 http fetch GET 200 https://registry.npmjs.org/minipass/-/minipass-3.3.6.tgz 8519ms (cache revalidated)
939 http fetch GET 200 https://registry.npmjs.org/yallist/-/yallist-4.0.0.tgz 8519ms (cache revalidated)
940 http fetch GET 200 https://registry.npmjs.org/minipass/-/minipass-3.3.6.tgz 8520ms (cache revalidated)
941 http fetch GET 200 https://registry.npmjs.org/lru-cache/-/lru-cache-10.4.3.tgz 8522ms (cache revalidated)
942 http fetch GET 200 https://registry.npmjs.org/highlight.js/-/highlight.js-11.9.0.tgz 8567ms (cache revalidated)
943 http fetch GET 200 https://registry.npmjs.org/@typescript-eslint/typescript-estree/-/typescript-estree-7.18.0.tgz 8577ms (cache revalidated)
944 http fetch GET 200 https://registry.npmjs.org/brace-expansion/-/brace-expansion-1.1.11.tgz 8600ms (cache revalidated)
945 http fetch GET 200 https://registry.npmjs.org/brace-expansion/-/brace-expansion-1.1.11.tgz 8599ms (cache revalidated)
946 http fetch GET 200 https://registry.npmjs.org/minimatch/-/minimatch-3.1.2.tgz 8601ms (cache revalidated)
947 http fetch GET 200 https://registry.npmjs.org/readable-stream/-/readable-stream-1.1.14.tgz 8600ms (cache revalidated)
948 http fetch GET 200 https://registry.npmjs.org/nopt/-/nopt-1.0.10.tgz 8605ms (cache revalidated)
949 http fetch GET 200 https://registry.npmjs.org/diff/-/diff-5.1.0.tgz 8609ms (cache revalidated)
950 http fetch GET 200 https://registry.npmjs.org/uuid/-/uuid-8.3.2.tgz 8611ms (cache revalidated)
951 http fetch GET 200 https://registry.npmjs.org/signal-exit/-/signal-exit-4.1.0.tgz 8612ms (cache revalidated)
952 warn deprecated @humanwhocodes/config-array@0.13.0: Use @eslint/config-array instead
953 http fetch GET 200 https://registry.npmjs.org/mkdirp/-/mkdirp-0.3.0.tgz 8664ms (cache revalidated)
954 http fetch GET 200 https://registry.npmjs.org/rimraf/-/rimraf-3.0.2.tgz 8663ms (cache revalidated)
955 http fetch GET 200 https://registry.npmjs.org/commander/-/commander-2.20.3.tgz 8664ms (cache revalidated)
956 http fetch GET 200 https://registry.npmjs.org/string_decoder/-/string_decoder-0.10.31.tgz 8665ms (cache revalidated)
957 http fetch GET 200 https://registry.npmjs.org/abbrev/-/abbrev-1.1.1.tgz 8669ms (cache revalidated)
958 http fetch GET 200 https://registry.npmjs.org/typescript/-/typescript-3.9.10.tgz 8916ms (cache revalidated)
959 http fetch GET 200 https://registry.npmjs.org/minimatch/-/minimatch-5.1.6.tgz 8953ms (cache revalidated)
960 http fetch GET 200 https://registry.npmjs.org/glob-parent/-/glob-parent-5.1.2.tgz 8954ms (cache revalidated)
961 http fetch GET 200 https://registry.npmjs.org/estraverse/-/estraverse-4.3.0.tgz 8955ms (cache revalidated)
962 http fetch GET 200 https://registry.npmjs.org/eslint-scope/-/eslint-scope-5.1.1.tgz 8956ms (cache revalidated)
963 http fetch GET 200 https://registry.npmjs.org/diff/-/diff-5.1.0.tgz 8957ms (cache revalidated)
964 http fetch GET 200 https://registry.npmjs.org/brace-expansion/-/brace-expansion-1.1.11.tgz 8961ms (cache revalidated)
965 http fetch GET 200 https://registry.npmjs.org/@typescript-eslint/types/-/types-5.62.0.tgz 8964ms (cache revalidated)
966 http fetch GET 200 https://registry.npmjs.org/@jridgewell/set-array/-/set-array-1.2.1.tgz 9004ms (cache revalidated)
967 http fetch GET 200 https://registry.npmjs.org/@typescript-eslint/visitor-keys/-/visitor-keys-5.62.0.tgz 8968ms (cache revalidated)
968 http fetch GET 200 https://registry.npmjs.org/minimatch/-/minimatch-3.1.2.tgz 9007ms (cache revalidated)
969 http fetch GET 200 https://registry.npmjs.org/@typescript-eslint/utils/-/utils-5.62.0.tgz 9014ms (cache revalidated)
970 http fetch GET 200 https://registry.npmjs.org/node-source-walk/-/node-source-walk-4.3.0.tgz 9012ms (cache revalidated)
971 http fetch GET 200 https://registry.npmjs.org/typescript/-/typescript-4.9.5.tgz 9341ms (cache revalidated)
972 http fetch GET 200 https://registry.npmjs.org/typescript/-/typescript-4.9.5.tgz 9633ms (cache revalidated)
973 http fetch GET 200 https://registry.npmjs.org/which/-/which-2.0.2.tgz 9652ms (cache revalidated)
974 http fetch GET 200 https://registry.npmjs.org/@typescript-eslint/typescript-estree/-/typescript-estree-5.62.0.tgz 9662ms (cache revalidated)
975 http fetch GET 200 https://registry.npmjs.org/@typescript-eslint/typescript-estree/-/typescript-estree-5.62.0.tgz 9672ms (cache revalidated)
976 http fetch GET 200 https://registry.npmjs.org/commander/-/commander-9.5.0.tgz 9671ms (cache revalidated)
977 http fetch GET 200 https://registry.npmjs.org/@typescript-eslint/types/-/types-5.62.0.tgz 9673ms (cache revalidated)
978 http fetch GET 200 https://registry.npmjs.org/@typescript-eslint/visitor-keys/-/visitor-keys-5.62.0.tgz 9674ms (cache revalidated)
979 http fetch GET 200 https://registry.npmjs.org/module-definition/-/module-definition-4.1.0.tgz 9707ms (cache revalidated)
980 http fetch GET 200 https://registry.npmjs.org/commander/-/commander-2.20.3.tgz 9707ms (cache revalidated)
981 http fetch GET 200 https://registry.npmjs.org/lru-cache/-/lru-cache-10.4.3.tgz 9716ms (cache revalidated)
982 http fetch GET 200 https://registry.npmjs.org/semver/-/semver-6.3.1.tgz 9713ms (cache revalidated)
983 http fetch GET 200 https://registry.npmjs.org/istanbul-lib-instrument/-/istanbul-lib-instrument-5.2.1.tgz 9739ms (cache revalidated)
984 http fetch GET 200 https://registry.npmjs.org/glob/-/glob-10.4.5.tgz 9744ms (cache revalidated)
985 http fetch GET 200 https://registry.npmjs.org/yocto-queue 9742ms (cache revalidated)
986 silly packumentCache corgi:https://registry.npmjs.org/yocto-queue set size:8119 disposed:false
987 http fetch GET 200 https://registry.npmjs.org/isexe/-/isexe-2.0.0.tgz 9753ms (cache revalidated)
988 http fetch GET 200 https://registry.npmjs.org/type-fest/-/type-fest-0.21.3.tgz 9752ms (cache revalidated)
989 http fetch GET 200 https://registry.npmjs.org/detective-stylus/-/detective-stylus-3.0.0.tgz 9788ms (cache revalidated)
990 http fetch GET 200 https://registry.npmjs.org/wrap-ansi 9776ms (cache revalidated)
991 silly packumentCache corgi:https://registry.npmjs.org/wrap-ansi set size:24757 disposed:false
992 http fetch GET 200 https://registry.npmjs.org/yargs-parser 9786ms (cache revalidated)
993 silly packumentCache corgi:https://registry.npmjs.org/yargs-parser set size:114022 disposed:false
994 http fetch GET 200 https://registry.npmjs.org/cliui 9781ms (cache revalidated)
995 silly packumentCache corgi:https://registry.npmjs.org/cliui set size:30917 disposed:false
996 http fetch GET 200 https://registry.npmjs.org/y18n 9793ms (cache revalidated)
997 silly packumentCache corgi:https://registry.npmjs.org/y18n set size:28451 disposed:false
998 http fetch GET 200 https://registry.npmjs.org/universalify 9784ms (cache revalidated)
999 silly packumentCache corgi:https://registry.npmjs.org/universalify set size:8781 disposed:false
1000 http fetch GET 200 https://registry.npmjs.org/yargs 9790ms (cache revalidated)
1001 silly packumentCache corgi:https://registry.npmjs.org/yargs set size:342846 disposed:false
1002 http fetch GET 200 https://registry.npmjs.org/diff2html/-/diff2html-3.4.48.tgz 9819ms (cache revalidated)
1003 http fetch GET 200 https://registry.npmjs.org/which/-/which-4.0.0.tgz 9851ms (cache revalidated)
1004 http fetch GET 200 https://registry.npmjs.org/uuid/-/uuid-10.0.0.tgz 9854ms (cache revalidated)
1005 http fetch GET 200 https://registry.npmjs.org/validate-npm-package-license 9854ms (cache revalidated)
1006 silly packumentCache corgi:https://registry.npmjs.org/validate-npm-package-license set size:7773 disposed:false
1007 http fetch GET 200 https://registry.npmjs.org/validate-npm-package-name 9859ms (cache revalidated)
1008 silly packumentCache corgi:https://registry.npmjs.org/validate-npm-package-name set size:15410 disposed:false
1009 http fetch GET 200 https://registry.npmjs.org/underscore 9861ms (cache revalidated)
1010 silly packumentCache corgi:https://registry.npmjs.org/underscore set size:53727 disposed:false
1011 http fetch GET 200 https://registry.npmjs.org/wrap-ansi/-/wrap-ansi-7.0.0.tgz 9901ms (cache revalidated)
1012 http fetch GET 200 https://registry.npmjs.org/wontache 9905ms (cache revalidated)
1013 silly packumentCache corgi:https://registry.npmjs.org/wontache set size:5714 disposed:false
1014 http fetch GET 200 https://registry.npmjs.org/ssri 9901ms (cache revalidated)
1015 silly packumentCache corgi:https://registry.npmjs.org/ssri set size:42808 disposed:false
1016 http fetch GET 200 https://registry.npmjs.org/minipass-fetch 9905ms (cache revalidated)
1017 silly packumentCache corgi:https://registry.npmjs.org/minipass-fetch set size:55769 disposed:false
1018 http fetch GET 200 https://registry.npmjs.org/minipass-collect 9906ms (cache revalidated)
1019 silly packumentCache corgi:https://registry.npmjs.org/minipass-collect set size:5951 disposed:false
1020 http fetch GET 200 https://registry.npmjs.org/unique-filename 9912ms (cache revalidated)
1021 silly packumentCache corgi:https://registry.npmjs.org/unique-filename set size:9609 disposed:false
1022 http fetch GET 200 https://registry.npmjs.org/make-fetch-happen 9910ms (cache revalidated)
1023 silly packumentCache corgi:https://registry.npmjs.org/make-fetch-happen set size:181868 disposed:false
1024 http fetch GET 200 https://registry.npmjs.org/undici-types/-/undici-types-6.19.8.tgz 9922ms (cache revalidated)
1025 http fetch GET 200 https://registry.npmjs.org/tuf-js 9943ms (cache revalidated)
1026 silly packumentCache corgi:https://registry.npmjs.org/tuf-js set size:37326 disposed:false
1027 http fetch GET 200 https://registry.npmjs.org/minipass 9949ms (cache revalidated)
1028 silly packumentCache corgi:https://registry.npmjs.org/minipass set size:115719 disposed:false
1029 http fetch GET 200 https://registry.npmjs.org/unique-slug 9963ms (cache revalidated)
1030 silly packumentCache corgi:https://registry.npmjs.org/unique-slug set size:9304 disposed:false
1031 http fetch GET 200 https://registry.npmjs.org/fs-minipass 9959ms (cache revalidated)
1032 silly packumentCache corgi:https://registry.npmjs.org/fs-minipass set size:19625 disposed:false
1033 http fetch GET 200 https://registry.npmjs.org/cacache 9963ms (cache revalidated)
1034 silly packumentCache corgi:https://registry.npmjs.org/cacache set size:155668 disposed:false
1035 http fetch GET 200 https://registry.npmjs.org/yallist 9995ms (cache revalidated)
1036 silly packumentCache corgi:https://registry.npmjs.org/yallist set size:13036 disposed:false
1037 http fetch GET 200 https://registry.npmjs.org/chownr 9997ms (cache revalidated)
1038 silly packumentCache corgi:https://registry.npmjs.org/chownr set size:11768 disposed:false
1039 http fetch GET 200 https://registry.npmjs.org/tar 10003ms (cache revalidated)
1040 silly packumentCache corgi:https://registry.npmjs.org/tar set size:160112 disposed:false
1041 http fetch GET 200 https://registry.npmjs.org/strip-ansi/-/strip-ansi-6.0.1.tgz 10009ms (cache revalidated)
1042 http fetch GET 200 https://registry.npmjs.org/string-width/-/string-width-4.2.3.tgz 10011ms (cache revalidated)
1043 http fetch GET 200 https://registry.npmjs.org/uc.micro 10012ms (cache revalidated)
1044 silly packumentCache corgi:https://registry.npmjs.org/uc.micro set size:6536 disposed:false
1045 http fetch GET 200 https://registry.npmjs.org/@npmcli%2ffs 10016ms (cache revalidated)
1046 silly packumentCache corgi:https://registry.npmjs.org/@npmcli%2ffs set size:18922 disposed:false
1047 http fetch GET 200 https://registry.npmjs.org/tweetnacl 10017ms (cache revalidated)
1048 silly packumentCache corgi:https://registry.npmjs.org/tweetnacl set size:19726 disposed:false
1049 http fetch GET 200 https://registry.npmjs.org/precinct/-/precinct-9.2.1.tgz 10045ms (cache revalidated)
1050 http fetch GET 200 https://registry.npmjs.org/jsonfile 10022ms (cache revalidated)
1051 silly packumentCache corgi:https://registry.npmjs.org/jsonfile set size:18853 disposed:false
1052 http fetch GET 200 https://registry.npmjs.org/to-regex-range 10025ms (cache revalidated)
1053 silly packumentCache corgi:https://registry.npmjs.org/to-regex-range set size:17851 disposed:false
1054 http fetch GET 200 https://registry.npmjs.org/strip-ansi 10026ms (cache revalidated)
1055 silly packumentCache corgi:https://registry.npmjs.org/strip-ansi set size:18603 disposed:false
1056 http fetch GET 200 https://registry.npmjs.org/@typescript-eslint/scope-manager/-/scope-manager-5.62.0.tgz 10069ms (cache revalidated)
1057 http fetch GET 200 https://registry.npmjs.org/streamroller 10037ms (cache revalidated)
1058 silly packumentCache corgi:https://registry.npmjs.org/streamroller set size:76870 disposed:false
1059 http fetch GET 200 https://registry.npmjs.org/string-width 10041ms (cache revalidated)
1060 silly packumentCache corgi:https://registry.npmjs.org/string-width set size:29561 disposed:false
1061 http fetch GET 200 https://registry.npmjs.org/fs-extra 10046ms (cache revalidated)
1062 silly packumentCache corgi:https://registry.npmjs.org/fs-extra set size:87307 disposed:false
1063 http fetch GET 200 https://registry.npmjs.org/socks 10060ms (cache revalidated)
1064 silly packumentCache corgi:https://registry.npmjs.org/socks set size:65181 disposed:false
1065 http fetch GET 200 https://registry.npmjs.org/universalify 10066ms (cache revalidated)
1066 silly packumentCache corgi:https://registry.npmjs.org/universalify set size:8781 disposed:false
1067 silly packumentCache corgi:https://registry.npmjs.org/universalify dispose
1068 warn deprecated @humanwhocodes/object-schema@2.0.3: Use @eslint/object-schema instead
1069 http fetch GET 200 https://registry.npmjs.org/supports-color 10075ms (cache revalidated)
1070 silly packumentCache corgi:https://registry.npmjs.org/supports-color set size:54084 disposed:false
1071 http fetch GET 200 https://registry.npmjs.org/spdx-license-ids 10075ms (cache revalidated)
1072 silly packumentCache corgi:https://registry.npmjs.org/spdx-license-ids set size:36421 disposed:false
1073 http fetch GET 200 https://registry.npmjs.org/spdx-expression-parse 10077ms (cache revalidated)
1074 silly packumentCache corgi:https://registry.npmjs.org/spdx-expression-parse set size:8640 disposed:false
1075 http fetch GET 200 https://registry.npmjs.org/stack-trace 10078ms (cache revalidated)
1076 silly packumentCache corgi:https://registry.npmjs.org/stack-trace set size:8817 disposed:false
1077 http fetch GET 200 https://registry.npmjs.org/shebang-regex 10081ms (cache revalidated)
1078 silly packumentCache corgi:https://registry.npmjs.org/shebang-regex set size:4332 disposed:false
1079 http fetch GET 200 https://registry.npmjs.org/shebang-command 10120ms (cache revalidated)
1080 silly packumentCache corgi:https://registry.npmjs.org/shebang-command set size:3464 disposed:false
1081 http fetch GET 200 https://registry.npmjs.org/semver 10122ms (cache revalidated)
1082 silly packumentCache corgi:https://registry.npmjs.org/semver set size:95618 disposed:false
1083 http fetch GET 200 https://registry.npmjs.org/smart-buffer 10127ms (cache revalidated)
1084 silly packumentCache corgi:https://registry.npmjs.org/smart-buffer set size:25136 disposed:false
1085 http fetch GET 200 https://registry.npmjs.org/spdx-correct 10129ms (cache revalidated)
1086 silly packumentCache corgi:https://registry.npmjs.org/spdx-correct set size:17118 disposed:false
1087 http fetch GET 200 https://registry.npmjs.org/spdx-exceptions 10130ms (cache revalidated)
1088 silly packumentCache corgi:https://registry.npmjs.org/spdx-exceptions set size:8077 disposed:false
1089 http fetch GET 200 https://registry.npmjs.org/sigstore 10132ms (cache revalidated)
1090 silly packumentCache corgi:https://registry.npmjs.org/sigstore set size:61429 disposed:false
1091 http fetch GET 200 https://registry.npmjs.org/ssh2 10136ms (cache revalidated)
1092 silly packumentCache corgi:https://registry.npmjs.org/ssh2 set size:87448 disposed:false
1093 http fetch GET 200 https://registry.npmjs.org/react-is 10144ms (cache revalidated)
1094 silly packumentCache corgi:https://registry.npmjs.org/react-is set size:2450121 disposed:false
1095 http fetch GET 200 https://registry.npmjs.org/rimraf/-/rimraf-5.0.10.tgz 10202ms (cache revalidated)
1096 http fetch GET 200 https://registry.npmjs.org/require-directory 10201ms (cache revalidated)
1097 silly packumentCache corgi:https://registry.npmjs.org/require-directory set size:6877 disposed:false
1098 http fetch GET 200 https://registry.npmjs.org/safer-buffer 10204ms (cache revalidated)
1099 silly packumentCache corgi:https://registry.npmjs.org/safer-buffer set size:3543 disposed:false
1100 http fetch GET 200 https://registry.npmjs.org/run-parallel 10207ms (cache revalidated)
1101 silly packumentCache corgi:https://registry.npmjs.org/run-parallel set size:12723 disposed:false
1102 http fetch GET 200 https://registry.npmjs.org/progress 10206ms (cache revalidated)
1103 silly packumentCache corgi:https://registry.npmjs.org/progress set size:12986 disposed:false
1104 http fetch GET 200 https://registry.npmjs.org/rfdc 10210ms (cache revalidated)
1105 silly packumentCache corgi:https://registry.npmjs.org/rfdc set size:19974 disposed:false
1106 http fetch GET 200 https://registry.npmjs.org/ansi-styles 10211ms (cache revalidated)
1107 silly packumentCache corgi:https://registry.npmjs.org/ansi-styles set size:29858 disposed:false
1108 http fetch GET 200 https://registry.npmjs.org/repeat-string 10244ms (cache revalidated)
1109 silly packumentCache corgi:https://registry.npmjs.org/repeat-string set size:10503 disposed:false
1110 http fetch GET 200 https://registry.npmjs.org/punycode.js 10245ms (cache revalidated)
1111 silly packumentCache corgi:https://registry.npmjs.org/punycode.js set size:2914 disposed:false
1112 http fetch GET 200 https://registry.npmjs.org/queue-microtask 10247ms (cache revalidated)
1113 silly packumentCache corgi:https://registry.npmjs.org/queue-microtask set size:17535 disposed:false
1114 http fetch GET 200 https://registry.npmjs.org/prettyjson 10248ms (cache revalidated)
1115 silly packumentCache corgi:https://registry.npmjs.org/prettyjson set size:28333 disposed:false
1116 http fetch GET 200 https://registry.npmjs.org/retry 10252ms (cache revalidated)
1117 silly packumentCache corgi:https://registry.npmjs.org/retry set size:9526 disposed:false
1118 http fetch GET 200 https://registry.npmjs.org/read 10252ms (cache revalidated)
1119 silly packumentCache corgi:https://registry.npmjs.org/read set size:17311 disposed:false
1120 http fetch GET 200 https://registry.npmjs.org/reusify 10260ms (cache revalidated)
1121 silly packumentCache corgi:https://registry.npmjs.org/reusify set size:3975 disposed:false
1122 http fetch GET 200 https://registry.npmjs.org/unique-slug 10286ms (cache revalidated)
1123 silly packumentCache corgi:https://registry.npmjs.org/unique-slug set size:9304 disposed:false
1124 silly packumentCache corgi:https://registry.npmjs.org/unique-slug dispose
1125 http fetch GET 200 https://registry.npmjs.org/unique-filename 10288ms (cache revalidated)
1126 silly packumentCache corgi:https://registry.npmjs.org/unique-filename set size:9609 disposed:false
1127 silly packumentCache corgi:https://registry.npmjs.org/unique-filename dispose
1128 http fetch GET 200 https://registry.npmjs.org/minipass 10291ms (cache revalidated)
1129 silly packumentCache corgi:https://registry.npmjs.org/minipass set size:115719 disposed:false
1130 silly packumentCache corgi:https://registry.npmjs.org/minipass dispose
1131 http fetch GET 200 https://registry.npmjs.org/promise-inflight 10294ms (cache revalidated)
1132 silly packumentCache corgi:https://registry.npmjs.org/promise-inflight set size:1132 disposed:false
1133 http fetch GET 200 https://registry.npmjs.org/path-key 10293ms (cache revalidated)
1134 silly packumentCache corgi:https://registry.npmjs.org/path-key set size:7889 disposed:false
1135 http fetch GET 200 https://registry.npmjs.org/pretty-format 10298ms (cache revalidated)
1136 silly packumentCache corgi:https://registry.npmjs.org/pretty-format set size:306974 disposed:false
1137 http fetch GET 200 https://registry.npmjs.org/promise-retry 10336ms (cache revalidated)
1138 silly packumentCache corgi:https://registry.npmjs.org/promise-retry set size:12745 disposed:false
1139 http fetch GET 200 https://registry.npmjs.org/ssri 10367ms (cache revalidated)
1140 silly packumentCache corgi:https://registry.npmjs.org/ssri set size:42808 disposed:false
1141 silly packumentCache corgi:https://registry.npmjs.org/ssri dispose
1142 http fetch GET 200 https://registry.npmjs.org/npm-pick-manifest 10370ms (cache revalidated)
1143 silly packumentCache corgi:https://registry.npmjs.org/npm-pick-manifest set size:42277 disposed:false
1144 http fetch GET 200 https://registry.npmjs.org/path-scurry 10382ms (cache revalidated)
1145 silly packumentCache corgi:https://registry.npmjs.org/path-scurry set size:41644 disposed:false
1146 http fetch GET 200 https://registry.npmjs.org/npm-packlist 10386ms (cache revalidated)
1147 silly packumentCache corgi:https://registry.npmjs.org/npm-packlist set size:95528 disposed:false
1148 http fetch GET 200 https://registry.npmjs.org/pacote 10392ms (cache revalidated)
1149 silly packumentCache corgi:https://registry.npmjs.org/pacote set size:388737 disposed:false
1150 http fetch GET 200 https://registry.npmjs.org/proc-log 10416ms (cache revalidated)
1151 silly packumentCache corgi:https://registry.npmjs.org/proc-log set size:11325 disposed:false
1152 http fetch GET 200 https://registry.npmjs.org/minipass-fetch 10420ms (cache revalidated)
1153 silly packumentCache corgi:https://registry.npmjs.org/minipass-fetch set size:55769 disposed:false
1154 silly packumentCache corgi:https://registry.npmjs.org/minipass-fetch dispose
1155 http fetch GET 200 https://registry.npmjs.org/picomatch 10425ms (cache revalidated)
1156 silly packumentCache corgi:https://registry.npmjs.org/picomatch set size:42189 disposed:false
1157 http fetch GET 200 https://registry.npmjs.org/proc-log 10459ms (cache revalidated)
1158 silly packumentCache corgi:https://registry.npmjs.org/proc-log set size:11325 disposed:false
1159 silly packumentCache corgi:https://registry.npmjs.org/proc-log dispose
1160 http fetch GET 200 https://registry.npmjs.org/node-gyp 10461ms (cache revalidated)
1161 silly packumentCache corgi:https://registry.npmjs.org/node-gyp set size:156213 disposed:false
1162 http fetch GET 200 https://registry.npmjs.org/path-exists 10468ms (cache revalidated)
1163 silly packumentCache corgi:https://registry.npmjs.org/path-exists set size:5428 disposed:false
1164 http fetch GET 200 https://registry.npmjs.org/minipass 10467ms (cache revalidated)
1165 silly packumentCache corgi:https://registry.npmjs.org/minipass set size:115719 disposed:true
1166 silly packumentCache corgi:https://registry.npmjs.org/minipass dispose
1167 http fetch GET 200 https://registry.npmjs.org/nopt 10473ms (cache revalidated)
1168 silly packumentCache corgi:https://registry.npmjs.org/nopt set size:28082 disposed:false
1169 http fetch GET 200 https://registry.npmjs.org/npm-bundled 10475ms (cache revalidated)
1170 silly packumentCache corgi:https://registry.npmjs.org/npm-bundled set size:19516 disposed:false
1171 http fetch GET 200 https://registry.npmjs.org/minipass-collect 10477ms (cache revalidated)
1172 silly packumentCache corgi:https://registry.npmjs.org/minipass-collect set size:5951 disposed:false
1173 silly packumentCache corgi:https://registry.npmjs.org/minipass-collect dispose
1174 http fetch GET 200 https://registry.npmjs.org/cacache 10506ms (cache revalidated)
1175 silly packumentCache corgi:https://registry.npmjs.org/cacache set size:155668 disposed:false
1176 silly packumentCache corgi:https://registry.npmjs.org/cacache dispose
1177 http fetch GET 200 https://registry.npmjs.org/json-parse-even-better-errors 10511ms (cache revalidated)
1178 silly packumentCache corgi:https://registry.npmjs.org/json-parse-even-better-errors set size:14454 disposed:false
1179 http fetch GET 200 https://registry.npmjs.org/package-json-from-dist 10512ms (cache revalidated)
1180 silly packumentCache corgi:https://registry.npmjs.org/package-json-from-dist set size:1491 disposed:false
1181 http fetch GET 200 https://registry.npmjs.org/fs-minipass 10514ms (cache revalidated)
1182 silly packumentCache corgi:https://registry.npmjs.org/fs-minipass set size:19625 disposed:false
1183 silly packumentCache corgi:https://registry.npmjs.org/fs-minipass dispose
1184 http fetch GET 200 https://registry.npmjs.org/abbrev 10516ms (cache revalidated)
1185 silly packumentCache corgi:https://registry.npmjs.org/abbrev set size:7942 disposed:false
1186 http fetch GET 200 https://registry.npmjs.org/make-fetch-happen 10520ms (cache revalidated)
1187 silly packumentCache corgi:https://registry.npmjs.org/make-fetch-happen set size:181868 disposed:false
1188 silly packumentCache corgi:https://registry.npmjs.org/make-fetch-happen dispose
1189 http fetch GET 200 https://registry.npmjs.org/@npmcli%2frun-script 10525ms (cache revalidated)
1190 silly packumentCache corgi:https://registry.npmjs.org/@npmcli%2frun-script set size:98912 disposed:false
1191 http fetch GET 200 https://registry.npmjs.org/@npmcli%2fnode-gyp 10528ms (cache revalidated)
1192 silly packumentCache corgi:https://registry.npmjs.org/@npmcli%2fnode-gyp set size:10118 disposed:false
1193 http fetch GET 200 https://registry.npmjs.org/proc-log 10559ms (cache revalidated)
1194 silly packumentCache corgi:https://registry.npmjs.org/proc-log set size:11325 disposed:true
1195 silly packumentCache corgi:https://registry.npmjs.org/proc-log dispose
1196 http fetch GET 200 https://registry.npmjs.org/ssri 10563ms (cache revalidated)
1197 silly packumentCache corgi:https://registry.npmjs.org/ssri set size:42808 disposed:true
1198 silly packumentCache corgi:https://registry.npmjs.org/ssri dispose
1199 http fetch GET 200 https://registry.npmjs.org/p-map 10566ms (cache revalidated)
1200 silly packumentCache corgi:https://registry.npmjs.org/p-map set size:23596 disposed:false
1201 http fetch GET 200 https://registry.npmjs.org/npm-registry-fetch 10567ms (cache revalidated)
1202 silly packumentCache corgi:https://registry.npmjs.org/npm-registry-fetch set size:133668 disposed:false
1203 http fetch GET 200 https://registry.npmjs.org/opener 10572ms (cache revalidated)
1204 silly packumentCache corgi:https://registry.npmjs.org/opener set size:9332 disposed:false
1205 http fetch GET 200 https://registry.npmjs.org/unique-slug 10573ms (cache revalidated)
1206 silly packumentCache corgi:https://registry.npmjs.org/unique-slug set size:9304 disposed:true
1207 silly packumentCache corgi:https://registry.npmjs.org/unique-slug dispose
1208 http fetch GET 200 https://registry.npmjs.org/p-limit 10577ms (cache revalidated)
1209 silly packumentCache corgi:https://registry.npmjs.org/p-limit set size:27841 disposed:false
1210 http fetch GET 200 https://registry.npmjs.org/minipass 10612ms (cache revalidated)
1211 silly packumentCache corgi:https://registry.npmjs.org/minipass set size:115719 disposed:true
1212 silly packumentCache corgi:https://registry.npmjs.org/minipass dispose
1213 http fetch GET 200 https://registry.npmjs.org/unique-filename 10615ms (cache revalidated)
1214 silly packumentCache corgi:https://registry.npmjs.org/unique-filename set size:9609 disposed:true
1215 silly packumentCache corgi:https://registry.npmjs.org/unique-filename dispose
1216 http fetch GET 200 https://registry.npmjs.org/npm-normalize-package-bin 10615ms (cache revalidated)
1217 silly packumentCache corgi:https://registry.npmjs.org/npm-normalize-package-bin set size:10071 disposed:false
1218 http fetch GET 200 https://registry.npmjs.org/make-fetch-happen 10619ms (cache revalidated)
1219 silly packumentCache corgi:https://registry.npmjs.org/make-fetch-happen set size:181868 disposed:true
1220 silly packumentCache corgi:https://registry.npmjs.org/make-fetch-happen dispose
1221 http fetch GET 200 https://registry.npmjs.org/minipass-collect 10624ms (cache revalidated)
1222 silly packumentCache corgi:https://registry.npmjs.org/minipass-collect set size:5951 disposed:true
1223 silly packumentCache corgi:https://registry.npmjs.org/minipass-collect dispose
1224 http fetch GET 200 https://registry.npmjs.org/p-locate 10628ms (cache revalidated)
1225 silly packumentCache corgi:https://registry.npmjs.org/p-locate set size:9468 disposed:false
1226 http fetch GET 200 https://registry.npmjs.org/@npmcli%2fpackage-json 10628ms (cache revalidated)
1227 silly packumentCache corgi:https://registry.npmjs.org/@npmcli%2fpackage-json set size:30570 disposed:false
1228 http fetch GET 200 https://registry.npmjs.org/@npmcli%2finstalled-package-contents 10631ms (cache revalidated)
1229 silly packumentCache corgi:https://registry.npmjs.org/@npmcli%2finstalled-package-contents set size:22621 disposed:false
1230 http fetch GET 200 https://registry.npmjs.org/cacache 10669ms (cache revalidated)
1231 silly packumentCache corgi:https://registry.npmjs.org/cacache set size:155668 disposed:true
1232 silly packumentCache corgi:https://registry.npmjs.org/cacache dispose
1233 http fetch GET 200 https://registry.npmjs.org/nan 10672ms (cache revalidated)
1234 silly packumentCache corgi:https://registry.npmjs.org/nan set size:65346 disposed:false
1235 http fetch GET 200 https://registry.npmjs.org/negotiator 10678ms (cache revalidated)
1236 silly packumentCache corgi:https://registry.npmjs.org/negotiator set size:17698 disposed:false
1237 http fetch GET 200 https://registry.npmjs.org/proc-log 10679ms (cache revalidated)
1238 silly packumentCache corgi:https://registry.npmjs.org/proc-log set size:11325 disposed:true
1239 silly packumentCache corgi:https://registry.npmjs.org/proc-log dispose
1240 http fetch GET 200 https://registry.npmjs.org/npm-install-checks 10682ms (cache revalidated)
1241 silly packumentCache corgi:https://registry.npmjs.org/npm-install-checks set size:25347 disposed:false
1242 http fetch GET 200 https://registry.npmjs.org/@npmcli%2ffs 10684ms (cache revalidated)
1243 silly packumentCache corgi:https://registry.npmjs.org/@npmcli%2ffs set size:18922 disposed:false
1244 silly packumentCache corgi:https://registry.npmjs.org/@npmcli%2ffs dispose
1245 http fetch GET 200 https://registry.npmjs.org/@npmcli%2ffs 10685ms (cache revalidated)
1246 silly packumentCache corgi:https://registry.npmjs.org/@npmcli%2ffs set size:18922 disposed:true
1247 silly packumentCache corgi:https://registry.npmjs.org/@npmcli%2ffs dispose
1248 http fetch GET 200 https://registry.npmjs.org/mute-stream 10722ms (cache revalidated)
1249 silly packumentCache corgi:https://registry.npmjs.org/mute-stream set size:8654 disposed:false
1250 http fetch GET 200 https://registry.npmjs.org/fs-minipass 10724ms (cache revalidated)
1251 silly packumentCache corgi:https://registry.npmjs.org/fs-minipass set size:19625 disposed:true
1252 silly packumentCache corgi:https://registry.npmjs.org/fs-minipass dispose
1253 http fetch GET 200 https://registry.npmjs.org/mustache 10725ms (cache revalidated)
1254 silly packumentCache corgi:https://registry.npmjs.org/mustache set size:39854 disposed:false
1255 http fetch GET 200 https://registry.npmjs.org/minizlib 10727ms (cache revalidated)
1256 silly packumentCache corgi:https://registry.npmjs.org/minizlib set size:26328 disposed:false
1257 http fetch GET 200 https://registry.npmjs.org/yallist 10729ms (cache revalidated)
1258 silly packumentCache corgi:https://registry.npmjs.org/yallist set size:13036 disposed:false
1259 silly packumentCache corgi:https://registry.npmjs.org/yallist dispose
1260 http fetch GET 200 https://registry.npmjs.org/yallist 10732ms (cache revalidated)
1261 silly packumentCache corgi:https://registry.npmjs.org/yallist set size:13036 disposed:true
1262 silly packumentCache corgi:https://registry.npmjs.org/yallist dispose
1263 http fetch GET 200 https://registry.npmjs.org/ms 10735ms (cache revalidated)
1264 silly packumentCache corgi:https://registry.npmjs.org/ms set size:29397 disposed:false
1265 http fetch GET 200 https://registry.npmjs.org/minipass-pipeline 10735ms (cache revalidated)
1266 silly packumentCache corgi:https://registry.npmjs.org/minipass-pipeline set size:16852 disposed:false
1267 http fetch GET 200 https://registry.npmjs.org/minipass 10776ms (cache revalidated)
1268 silly packumentCache corgi:https://registry.npmjs.org/minipass set size:115719 disposed:true
1269 silly packumentCache corgi:https://registry.npmjs.org/minipass dispose
1270 http fetch GET 200 https://registry.npmjs.org/minipass-sized 10783ms (cache revalidated)
1271 silly packumentCache corgi:https://registry.npmjs.org/minipass-sized set size:6284 disposed:false
1272 http fetch GET 200 https://registry.npmjs.org/micromatch/-/micromatch-4.0.8.tgz 10786ms (cache revalidated)
1273 http fetch GET 200 https://registry.npmjs.org/mdurl 10786ms (cache revalidated)
1274 silly packumentCache corgi:https://registry.npmjs.org/mdurl set size:2388 disposed:false
1275 http fetch GET 200 https://registry.npmjs.org/brace-expansion/-/brace-expansion-2.0.1.tgz 10792ms (cache revalidated)
1276 http fetch GET 200 https://registry.npmjs.org/npm-package-arg 10792ms (cache revalidated)
1277 silly packumentCache corgi:https://registry.npmjs.org/npm-package-arg set size:58404 disposed:false
1278 http fetch GET 200 https://registry.npmjs.org/minimist 10825ms (cache revalidated)
1279 silly packumentCache corgi:https://registry.npmjs.org/minimist set size:29263 disposed:false
1280 http fetch GET 200 https://registry.npmjs.org/normalize-package-data 10829ms (cache revalidated)
1281 silly packumentCache corgi:https://registry.npmjs.org/normalize-package-data set size:54452 disposed:false
1282 http fetch GET 200 https://registry.npmjs.org/minipass-flush 10831ms (cache revalidated)
1283 silly packumentCache corgi:https://registry.npmjs.org/minipass-flush set size:9169 disposed:false
1284 http fetch GET 200 https://registry.npmjs.org/jsonschema 10830ms (cache revalidated)
1285 silly packumentCache corgi:https://registry.npmjs.org/jsonschema set size:32348 disposed:false
1286 http fetch GET 200 https://registry.npmjs.org/lodash 10834ms (cache revalidated)
1287 silly packumentCache corgi:https://registry.npmjs.org/lodash set size:67972 disposed:false
1288 http fetch GET 200 https://registry.npmjs.org/lodash-deep 10837ms (cache revalidated)
1289 silly packumentCache corgi:https://registry.npmjs.org/lodash-deep set size:7803 disposed:false
1290 http fetch GET 200 https://registry.npmjs.org/js-yaml 10838ms (cache revalidated)
1291 silly packumentCache corgi:https://registry.npmjs.org/js-yaml set size:58533 disposed:false
1292 http fetch GET 200 https://registry.npmjs.org/lru-cache 10843ms (cache revalidated)
1293 silly packumentCache corgi:https://registry.npmjs.org/lru-cache set size:183359 disposed:false
1294 http fetch GET 200 https://registry.npmjs.org/minimatch/-/minimatch-9.0.5.tgz 10852ms (cache revalidated)
1295 http fetch GET 200 https://registry.npmjs.org/jsbn 10892ms (cache revalidated)
1296 silly packumentCache corgi:https://registry.npmjs.org/jsbn set size:1925 disposed:false
1297 http fetch GET 200 https://registry.npmjs.org/merge2 10895ms (cache revalidated)
1298 silly packumentCache corgi:https://registry.npmjs.org/merge2 set size:20236 disposed:false
1299 http fetch GET 200 https://registry.npmjs.org/jsonfile 10897ms (cache revalidated)
1300 silly packumentCache corgi:https://registry.npmjs.org/jsonfile set size:18853 disposed:false
1301 silly packumentCache corgi:https://registry.npmjs.org/jsonfile dispose
1302 http fetch GET 200 https://registry.npmjs.org/markdown-it 10900ms (cache revalidated)
1303 silly packumentCache corgi:https://registry.npmjs.org/markdown-it set size:122025 disposed:false
1304 http fetch GET 200 https://registry.npmjs.org/jest-get-type 10913ms (cache revalidated)
1305 silly packumentCache corgi:https://registry.npmjs.org/jest-get-type set size:98765 disposed:false
1306 http fetch GET 200 https://registry.npmjs.org/log4js 10918ms (cache revalidated)
1307 silly packumentCache corgi:https://registry.npmjs.org/log4js set size:205336 disposed:false
1308 http fetch GET 200 https://registry.npmjs.org/indent-string 10955ms (cache revalidated)
1309 silly packumentCache corgi:https://registry.npmjs.org/indent-string set size:11999 disposed:false
1310 http fetch GET 200 https://registry.npmjs.org/is-lambda 10960ms (cache revalidated)
1311 silly packumentCache corgi:https://registry.npmjs.org/is-lambda set size:1177 disposed:false
1312 http fetch GET 200 https://registry.npmjs.org/is-extglob 10961ms (cache revalidated)
1313 silly packumentCache corgi:https://registry.npmjs.org/is-extglob set size:2360 disposed:false
1314 http fetch GET 200 https://registry.npmjs.org/mkdirp 10965ms (cache revalidated)
1315 silly packumentCache corgi:https://registry.npmjs.org/mkdirp set size:49417 disposed:false
1316 http fetch GET 200 https://registry.npmjs.org/http-cache-semantics 10964ms (cache revalidated)
1317 silly packumentCache corgi:https://registry.npmjs.org/http-cache-semantics set size:23293 disposed:false
1318 http fetch GET 200 https://registry.npmjs.org/isexe/-/isexe-3.1.1.tgz 10969ms (cache revalidated)
1319 http fetch GET 200 https://registry.npmjs.org/jest-diff 10973ms (cache revalidated)
1320 silly packumentCache corgi:https://registry.npmjs.org/jest-diff set size:291019 disposed:false
1321 http fetch GET 200 https://registry.npmjs.org/locate-path 10979ms (cache revalidated)
1322 silly packumentCache corgi:https://registry.npmjs.org/locate-path set size:15540 disposed:false
1323 warn deprecated rimraf@3.0.2: Rimraf versions prior to v4 are no longer supported
1324 http fetch GET 200 https://registry.npmjs.org/linkify-it 11020ms (cache revalidated)
1325 silly packumentCache corgi:https://registry.npmjs.org/linkify-it set size:29870 disposed:false
1326 http fetch GET 200 https://registry.npmjs.org/jackspeak/-/jackspeak-3.4.3.tgz 11024ms (cache revalidated)
1327 http fetch GET 200 https://registry.npmjs.org/ignore-walk 11021ms (cache revalidated)
1328 silly packumentCache corgi:https://registry.npmjs.org/ignore-walk set size:29370 disposed:false
1329 http fetch GET 200 https://registry.npmjs.org/minipass-fetch 11035ms (cache revalidated)
1330 silly packumentCache corgi:https://registry.npmjs.org/minipass-fetch set size:55769 disposed:true
1331 silly packumentCache corgi:https://registry.npmjs.org/minipass-fetch dispose
1332 http fetch GET 200 https://registry.npmjs.org/is-glob 11029ms (cache revalidated)
1333 silly packumentCache corgi:https://registry.npmjs.org/is-glob set size:11060 disposed:false
1334 http fetch GET 200 https://registry.npmjs.org/ip-address 11029ms (cache revalidated)
1335 silly packumentCache corgi:https://registry.npmjs.org/ip-address set size:67464 disposed:false
1336 http fetch GET 200 https://registry.npmjs.org/imurmurhash 11034ms (cache revalidated)
1337 silly packumentCache corgi:https://registry.npmjs.org/imurmurhash set size:2644 disposed:false
1338 http fetch GET 200 https://registry.npmjs.org/minipass/-/minipass-7.1.2.tgz 11082ms (cache revalidated)
1339 http fetch GET 200 https://registry.npmjs.org/signal-exit 11082ms (cache revalidated)
1340 silly packumentCache corgi:https://registry.npmjs.org/signal-exit set size:21300 disposed:false
1341 http fetch GET 200 https://registry.npmjs.org/hosted-git-info 11086ms (cache revalidated)
1342 silly packumentCache corgi:https://registry.npmjs.org/hosted-git-info set size:77606 disposed:false
1343 http fetch GET 200 https://registry.npmjs.org/graceful-fs 11088ms (cache revalidated)
1344 silly packumentCache corgi:https://registry.npmjs.org/graceful-fs set size:59199 disposed:false
1345 http fetch GET 200 https://registry.npmjs.org/glob-parent 11090ms (cache revalidated)
1346 silly packumentCache corgi:https://registry.npmjs.org/glob-parent set size:17983 disposed:false
1347 http fetch GET 200 https://registry.npmjs.org/has-own-prop 11091ms (cache revalidated)
1348 silly packumentCache corgi:https://registry.npmjs.org/has-own-prop set size:5950 disposed:false
1349 http fetch GET 200 https://registry.npmjs.org/get-caller-file 11091ms (cache revalidated)
1350 silly packumentCache corgi:https://registry.npmjs.org/get-caller-file set size:13601 disposed:false
1351 http fetch GET 200 https://registry.npmjs.org/jsonparse 11096ms (cache revalidated)
1352 silly packumentCache corgi:https://registry.npmjs.org/jsonparse set size:6010 disposed:false
1353 http fetch GET 200 https://registry.npmjs.org/fs-minipass 11121ms (cache revalidated)
1354 silly packumentCache corgi:https://registry.npmjs.org/fs-minipass set size:19625 disposed:true
1355 silly packumentCache corgi:https://registry.npmjs.org/fs-minipass dispose
1356 http fetch GET 200 https://registry.npmjs.org/fs-extra 11124ms (cache revalidated)
1357 silly packumentCache corgi:https://registry.npmjs.org/fs-extra set size:87307 disposed:false
1358 silly packumentCache corgi:https://registry.npmjs.org/fs-extra dispose
1359 http fetch GET 200 https://registry.npmjs.org/glob/-/glob-10.4.5.tgz 11131ms (cache revalidated)
1360 http fetch GET 200 https://registry.npmjs.org/has-flag 11131ms (cache revalidated)
1361 silly packumentCache corgi:https://registry.npmjs.org/has-flag set size:6334 disposed:false
1362 http fetch GET 200 https://registry.npmjs.org/flatted 11131ms (cache revalidated)
1363 silly packumentCache corgi:https://registry.npmjs.org/flatted set size:54478 disposed:false
1364 http fetch GET 200 https://registry.npmjs.org/find-up 11134ms (cache revalidated)
1365 silly packumentCache corgi:https://registry.npmjs.org/find-up set size:17489 disposed:false
1366 http fetch GET 200 https://registry.npmjs.org/esprima 11168ms (cache revalidated)
1367 silly packumentCache corgi:https://registry.npmjs.org/esprima set size:37137 disposed:false
1368 http fetch GET 200 https://registry.npmjs.org/fastest-levenshtein 11172ms (cache revalidated)
1369 silly packumentCache corgi:https://registry.npmjs.org/fastest-levenshtein set size:35398 disposed:false
1370 http fetch GET 200 https://registry.npmjs.org/fill-range 11174ms (cache revalidated)
1371 silly packumentCache corgi:https://registry.npmjs.org/fill-range set size:26495 disposed:false
1372 http fetch GET 200 https://registry.npmjs.org/is-number 11184ms (cache revalidated)
1373 silly packumentCache corgi:https://registry.npmjs.org/is-number set size:9995 disposed:false
1374 http fetch GET 200 https://registry.npmjs.org/is-fullwidth-code-point 11183ms (cache revalidated)
1375 silly packumentCache corgi:https://registry.npmjs.org/is-fullwidth-code-point set size:5986 disposed:false
1376 http fetch GET 200 https://registry.npmjs.org/fastq 11180ms (cache revalidated)
1377 silly packumentCache corgi:https://registry.npmjs.org/fastq set size:30940 disposed:false
1378 http fetch GET 200 https://registry.npmjs.org/iconv-lite 11180ms (cache revalidated)
1379 silly packumentCache corgi:https://registry.npmjs.org/iconv-lite set size:41921 disposed:false
1380 http fetch GET 200 https://registry.npmjs.org/fast-glob 11184ms (cache revalidated)
1381 silly packumentCache corgi:https://registry.npmjs.org/fast-glob set size:86036 disposed:false
1382 http fetch GET 200 https://registry.npmjs.org/sprintf-js 11193ms (cache revalidated)
1383 silly packumentCache corgi:https://registry.npmjs.org/sprintf-js set size:6246 disposed:false
1384 http fetch GET 200 https://registry.npmjs.org/escalade 11227ms (cache revalidated)
1385 silly packumentCache corgi:https://registry.npmjs.org/escalade set size:13344 disposed:false
1386 http fetch GET 200 https://registry.npmjs.org/exponential-backoff 11230ms (cache revalidated)
1387 silly packumentCache corgi:https://registry.npmjs.org/exponential-backoff set size:28268 disposed:false
1388 http fetch GET 200 https://registry.npmjs.org/eastasianwidth/-/eastasianwidth-0.2.0.tgz 11232ms (cache revalidated)
1389 http fetch GET 200 https://registry.npmjs.org/emoji-regex 11232ms (cache revalidated)
1390 silly packumentCache corgi:https://registry.npmjs.org/emoji-regex set size:40047 disposed:false
1391 http fetch GET 200 https://registry.npmjs.org/err-code 11236ms (cache revalidated)
1392 silly packumentCache corgi:https://registry.npmjs.org/err-code set size:13424 disposed:false
1393 http fetch GET 200 https://registry.npmjs.org/env-paths 11238ms (cache revalidated)
1394 silly packumentCache corgi:https://registry.npmjs.org/env-paths set size:10401 disposed:false
1395 http fetch GET 200 https://registry.npmjs.org/entities 11273ms (cache revalidated)
1396 silly packumentCache corgi:https://registry.npmjs.org/entities set size:41739 disposed:false
1397 http fetch GET 200 https://registry.npmjs.org/encoding 11275ms (cache revalidated)
1398 silly packumentCache corgi:https://registry.npmjs.org/encoding set size:8309 disposed:false
1399 http fetch GET 200 https://registry.npmjs.org/diff-sequences 11277ms (cache revalidated)
1400 silly packumentCache corgi:https://registry.npmjs.org/diff-sequences set size:95911 disposed:false
1401 http fetch GET 200 https://registry.npmjs.org/date-format 11279ms (cache revalidated)
1402 silly packumentCache corgi:https://registry.npmjs.org/date-format set size:31703 disposed:false
1403 http fetch GET 200 https://registry.npmjs.org/isexe/-/isexe-2.0.0.tgz 11282ms (cache revalidated)
1404 http fetch GET 200 https://registry.npmjs.org/deepmerge 11283ms (cache revalidated)
1405 silly packumentCache corgi:https://registry.npmjs.org/deepmerge set size:46846 disposed:false
1406 http fetch GET 200 https://registry.npmjs.org/foreground-child 11288ms (cache revalidated)
1407 silly packumentCache corgi:https://registry.npmjs.org/foreground-child set size:21249 disposed:false
1408 http fetch GET 200 https://registry.npmjs.org/which/-/which-2.0.2.tgz 11287ms (cache revalidated)
1409 http fetch GET 200 https://registry.npmjs.org/debug 11296ms (cache revalidated)
1410 silly packumentCache corgi:https://registry.npmjs.org/debug set size:75577 disposed:false
1411 http fetch GET 200 https://registry.npmjs.org/colors 11333ms (cache revalidated)
1412 silly packumentCache corgi:https://registry.npmjs.org/colors set size:22146 disposed:false
1413 http fetch GET 200 https://registry.npmjs.org/find-process 11336ms (cache revalidated)
1414 silly packumentCache corgi:https://registry.npmjs.org/find-process set size:34240 disposed:false
1415 http fetch GET 200 https://registry.npmjs.org/dataobject-parser 11350ms (cache revalidated)
1416 silly packumentCache corgi:https://registry.npmjs.org/dataobject-parser set size:11595 disposed:false
1417 http fetch GET 200 https://registry.npmjs.org/core-util-is 11353ms (cache revalidated)
1418 silly packumentCache corgi:https://registry.npmjs.org/core-util-is set size:3047 disposed:false
1419 http fetch GET 200 https://registry.npmjs.org/color-name 11356ms (cache revalidated)
1420 silly packumentCache corgi:https://registry.npmjs.org/color-name set size:7908 disposed:false
1421 http fetch GET 200 https://registry.npmjs.org/clean-stack 11397ms (cache revalidated)
1422 silly packumentCache corgi:https://registry.npmjs.org/clean-stack set size:26321 disposed:false
1423 http fetch GET 200 https://registry.npmjs.org/commander 11400ms (cache revalidated)
1424 silly packumentCache corgi:https://registry.npmjs.org/commander set size:134950 disposed:false
1425 http fetch GET 200 https://registry.npmjs.org/argparse 11406ms (cache revalidated)
1426 silly packumentCache corgi:https://registry.npmjs.org/argparse set size:19850 disposed:false
1427 http fetch GET 200 https://registry.npmjs.org/asn1 11403ms (cache revalidated)
1428 silly packumentCache corgi:https://registry.npmjs.org/asn1 set size:11450 disposed:false
1429 http fetch GET 200 https://registry.npmjs.org/cross-spawn 11412ms (cache revalidated)
1430 silly packumentCache corgi:https://registry.npmjs.org/cross-spawn set size:44626 disposed:false
1431 http fetch GET 200 https://registry.npmjs.org/chalk 11415ms (cache revalidated)
1432 silly packumentCache corgi:https://registry.npmjs.org/chalk set size:47870 disposed:false
1433 http fetch GET 200 https://registry.npmjs.org/color-convert 11417ms (cache revalidated)
1434 silly packumentCache corgi:https://registry.npmjs.org/color-convert set size:26557 disposed:false
1435 http fetch GET 200 https://registry.npmjs.org/comment-json 11429ms (cache revalidated)
1436 silly packumentCache corgi:https://registry.npmjs.org/comment-json set size:75783 disposed:false
1437 http fetch GET 200 https://registry.npmjs.org/cli-table3 11451ms (cache revalidated)
1438 silly packumentCache corgi:https://registry.npmjs.org/cli-table3 set size:14793 disposed:false
1439 http fetch GET 200 https://registry.npmjs.org/bcrypt-pbkdf 11445ms (cache revalidated)
1440 silly packumentCache corgi:https://registry.npmjs.org/bcrypt-pbkdf set size:1700 disposed:false
1441 http fetch GET 200 https://registry.npmjs.org/braces 11455ms (cache revalidated)
1442 silly packumentCache corgi:https://registry.npmjs.org/braces set size:35919 disposed:false
1443 http fetch GET 200 https://registry.npmjs.org/array-timsort 11453ms (cache revalidated)
1444 silly packumentCache corgi:https://registry.npmjs.org/array-timsort set size:6578 disposed:false
1445 http fetch GET 200 https://registry.npmjs.org/balanced-match 11455ms (cache revalidated)
1446 silly packumentCache corgi:https://registry.npmjs.org/balanced-match set size:11300 disposed:false
1447 http fetch GET 200 https://registry.npmjs.org/aggregate-error 11499ms (cache revalidated)
1448 silly packumentCache corgi:https://registry.npmjs.org/aggregate-error set size:14955 disposed:false
1449 http fetch GET 200 https://registry.npmjs.org/http-proxy-agent/-/http-proxy-agent-7.0.2.tgz 11500ms (cache revalidated)
1450 http fetch GET 200 https://registry.npmjs.org/ansi-styles 11502ms (cache revalidated)
1451 silly packumentCache corgi:https://registry.npmjs.org/ansi-styles set size:29858 disposed:false
1452 silly packumentCache corgi:https://registry.npmjs.org/ansi-styles dispose
1453 http fetch GET 200 https://registry.npmjs.org/ansi-regex/-/ansi-regex-5.0.1.tgz 11506ms (cache revalidated)
1454 http fetch GET 200 https://registry.npmjs.org/https-proxy-agent/-/https-proxy-agent-7.0.4.tgz 11506ms (cache revalidated)
1455 http fetch GET 200 https://registry.npmjs.org/@zowe/cli-test-utils/-/cli-test-utils-8.0.0.tgz 11505ms (cache revalidated)
1456 http fetch GET 200 https://registry.npmjs.org/diff2html/-/diff2html-3.4.20-usewontache.1.60e7a2e.tgz 11520ms (cache revalidated)
1457 http fetch GET 200 https://registry.npmjs.org/highlight.js/-/highlight.js-11.6.0.tgz 11565ms (cache revalidated)
1458 http fetch GET 200 https://registry.npmjs.org/diff/-/diff-5.2.0.tgz 11590ms (cache revalidated)
1459 http fetch GET 200 https://registry.npmjs.org/diff/-/diff-5.1.0.tgz 11595ms (cache revalidated)
1460 http fetch GET 200 https://registry.npmjs.org/agent-base/-/agent-base-7.1.1.tgz 11596ms (cache revalidated)
1461 http fetch GET 200 https://registry.npmjs.org/@types%2fyargs-parser 11595ms (cache revalidated)
1462 silly packumentCache corgi:https://registry.npmjs.org/@types%2fyargs-parser set size:23083 disposed:false
1463 http fetch GET 200 https://registry.npmjs.org/@types/tar/-/tar-6.1.13.tgz 11603ms (cache revalidated)
1464 http fetch GET 200 https://registry.npmjs.org/ssri 11644ms (cache revalidated)
1465 silly packumentCache corgi:https://registry.npmjs.org/ssri set size:42808 disposed:true
1466 silly packumentCache corgi:https://registry.npmjs.org/ssri dispose
1467 http fetch GET 200 https://registry.npmjs.org/unique-slug 11650ms (cache revalidated)
1468 silly packumentCache corgi:https://registry.npmjs.org/unique-slug set size:9304 disposed:true
1469 silly packumentCache corgi:https://registry.npmjs.org/unique-slug dispose
1470 http fetch GET 200 https://registry.npmjs.org/minipass/-/minipass-4.2.8.tgz 11655ms (cache revalidated)
1471 http fetch GET 200 https://registry.npmjs.org/@sinclair%2ftypebox 11655ms (cache revalidated)
1472 silly packumentCache corgi:https://registry.npmjs.org/@sinclair%2ftypebox set size:433266 disposed:false
1473 http fetch GET 200 https://registry.npmjs.org/@sigstore%2fverify 11664ms (cache revalidated)
1474 silly packumentCache corgi:https://registry.npmjs.org/@sigstore%2fverify set size:8421 disposed:false
1475 http fetch GET 200 https://registry.npmjs.org/@types%2fyargs 11670ms (cache revalidated)
1476 silly packumentCache corgi:https://registry.npmjs.org/@types%2fyargs set size:172458 disposed:false
1477 http fetch GET 200 https://registry.npmjs.org/@types/node/-/node-22.5.5.tgz 11698ms (cache revalidated)
1478 http fetch GET 200 https://registry.npmjs.org/@sigstore%2fsign 11722ms (cache revalidated)
1479 silly packumentCache corgi:https://registry.npmjs.org/@sigstore%2fsign set size:14412 disposed:false
1480 http fetch GET 200 https://registry.npmjs.org/fs-minipass 11723ms (cache revalidated)
1481 silly packumentCache corgi:https://registry.npmjs.org/fs-minipass set size:19625 disposed:true
1482 silly packumentCache corgi:https://registry.npmjs.org/fs-minipass dispose
1483 http fetch GET 200 https://registry.npmjs.org/unique-filename 11728ms (cache revalidated)
1484 silly packumentCache corgi:https://registry.npmjs.org/unique-filename set size:9609 disposed:true
1485 silly packumentCache corgi:https://registry.npmjs.org/unique-filename dispose
1486 http fetch GET 200 https://registry.npmjs.org/@tufjs%2fmodels 11730ms (cache revalidated)
1487 silly packumentCache corgi:https://registry.npmjs.org/@tufjs%2fmodels set size:15086 disposed:false
1488 http fetch GET 200 https://registry.npmjs.org/@tufjs%2fcanonical-json 11731ms (cache revalidated)
1489 silly packumentCache corgi:https://registry.npmjs.org/@tufjs%2fcanonical-json set size:2655 disposed:false
1490 http fetch GET 200 https://registry.npmjs.org/@types/lodash/-/lodash-4.17.7.tgz 11753ms (cache revalidated)
1491 http fetch GET 200 https://registry.npmjs.org/minipass-collect 11796ms (cache revalidated)
1492 silly packumentCache corgi:https://registry.npmjs.org/minipass-collect set size:5951 disposed:true
1493 silly packumentCache corgi:https://registry.npmjs.org/minipass-collect dispose
1494 http fetch GET 200 https://registry.npmjs.org/make-fetch-happen 11798ms (cache revalidated)
1495 silly packumentCache corgi:https://registry.npmjs.org/make-fetch-happen set size:181868 disposed:true
1496 silly packumentCache corgi:https://registry.npmjs.org/make-fetch-happen dispose
1497 http fetch GET 200 https://registry.npmjs.org/cacache 11805ms (cache revalidated)
1498 silly packumentCache corgi:https://registry.npmjs.org/cacache set size:155668 disposed:true
1499 silly packumentCache corgi:https://registry.npmjs.org/cacache dispose
1500 http fetch GET 200 https://registry.npmjs.org/minipass-fetch 11809ms (cache revalidated)
1501 silly packumentCache corgi:https://registry.npmjs.org/minipass-fetch set size:55769 disposed:true
1502 silly packumentCache corgi:https://registry.npmjs.org/minipass-fetch dispose
1503 http fetch GET 200 https://registry.npmjs.org/@npmcli%2fpromise-spawn 11822ms (cache revalidated)
1504 silly packumentCache corgi:https://registry.npmjs.org/@npmcli%2fpromise-spawn set size:31072 disposed:false
1505 http fetch GET 200 https://registry.npmjs.org/@pkgjs/parseargs/-/parseargs-0.11.0.tgz 11864ms (cache revalidated)
1506 http fetch GET 200 https://registry.npmjs.org/@sigstore%2fprotobuf-specs 11864ms (cache revalidated)
1507 silly packumentCache corgi:https://registry.npmjs.org/@sigstore%2fprotobuf-specs set size:13056 disposed:false
1508 http fetch GET 200 https://registry.npmjs.org/@sigstore%2fcore 11866ms (cache revalidated)
1509 silly packumentCache corgi:https://registry.npmjs.org/@sigstore%2fcore set size:4405 disposed:false
1510 http fetch GET 200 https://registry.npmjs.org/@sigstore%2ftuf 11870ms (cache revalidated)
1511 silly packumentCache corgi:https://registry.npmjs.org/@sigstore%2ftuf set size:14547 disposed:false
1512 http fetch GET 200 https://registry.npmjs.org/@npmcli%2ffs 11872ms (cache revalidated)
1513 silly packumentCache corgi:https://registry.npmjs.org/@npmcli%2ffs set size:18922 disposed:true
1514 silly packumentCache corgi:https://registry.npmjs.org/@npmcli%2ffs dispose
1515 http fetch GET 200 https://registry.npmjs.org/@npmcli%2fredact 11873ms (cache revalidated)
1516 silly packumentCache corgi:https://registry.npmjs.org/@npmcli%2fredact set size:9717 disposed:false
1517 http fetch GET 200 https://registry.npmjs.org/@npmcli%2fgit 11875ms (cache revalidated)
1518 silly packumentCache corgi:https://registry.npmjs.org/@npmcli%2fgit set size:53220 disposed:false
1519 http fetch GET 200 https://registry.npmjs.org/proc-log 11928ms (cache revalidated)
1520 silly packumentCache corgi:https://registry.npmjs.org/proc-log set size:11325 disposed:true
1521 silly packumentCache corgi:https://registry.npmjs.org/proc-log dispose
1522 http fetch GET 200 https://registry.npmjs.org/@sigstore%2fbundle 11931ms (cache revalidated)
1523 silly packumentCache corgi:https://registry.npmjs.org/@sigstore%2fbundle set size:9457 disposed:false
1524 http fetch GET 200 https://registry.npmjs.org/npm-normalize-package-bin 11931ms (cache revalidated)
1525 silly packumentCache corgi:https://registry.npmjs.org/npm-normalize-package-bin set size:10071 disposed:false
1526 silly packumentCache corgi:https://registry.npmjs.org/npm-normalize-package-bin dispose
1527 http fetch GET 200 https://registry.npmjs.org/socks-proxy-agent 11934ms (cache revalidated)
1528 silly packumentCache corgi:https://registry.npmjs.org/socks-proxy-agent set size:40447 disposed:false
1529 http fetch GET 200 https://registry.npmjs.org/@npmcli%2fagent 11937ms (cache revalidated)
1530 silly packumentCache corgi:https://registry.npmjs.org/@npmcli%2fagent set size:10844 disposed:false
1531 http fetch GET 200 https://registry.npmjs.org/cpu-features 11974ms (cache revalidated)
1532 silly packumentCache corgi:https://registry.npmjs.org/cpu-features set size:13580 disposed:false
1533 http fetch GET 200 https://registry.npmjs.org/strip-ansi/-/strip-ansi-7.1.0.tgz 11983ms (cache revalidated)
1534 http fetch GET 200 https://registry.npmjs.org/http-proxy-agent 11985ms (cache revalidated)
1535 silly packumentCache corgi:https://registry.npmjs.org/http-proxy-agent set size:22735 disposed:false
1536 http fetch GET 200 https://registry.npmjs.org/@isaacs/cliui/-/cliui-8.0.2.tgz 11989ms (cache revalidated)
1537 http fetch GET 200 https://registry.npmjs.org/wrap-ansi/-/wrap-ansi-8.1.0.tgz 11991ms (cache revalidated)
1538 http fetch GET 200 https://registry.npmjs.org/@nodelib%2ffs.stat 11991ms (cache revalidated)
1539 silly packumentCache corgi:https://registry.npmjs.org/@nodelib%2ffs.stat set size:20318 disposed:false
1540 http fetch GET 200 https://registry.npmjs.org/buildcheck 12013ms (cache revalidated)
1541 silly packumentCache corgi:https://registry.npmjs.org/buildcheck set size:9122 disposed:false
1542 http fetch GET 200 https://registry.npmjs.org/agent-base 11998ms (cache revalidated)
1543 silly packumentCache corgi:https://registry.npmjs.org/agent-base set size:31363 disposed:false
1544 http fetch GET 200 https://registry.npmjs.org/minipass 12039ms (cache revalidated)
1545 silly packumentCache corgi:https://registry.npmjs.org/minipass set size:115719 disposed:true
1546 silly packumentCache corgi:https://registry.npmjs.org/minipass dispose
1547 http fetch GET 200 https://registry.npmjs.org/p-limit/-/p-limit-2.3.0.tgz 12045ms (cache revalidated)
1548 http fetch GET 200 https://registry.npmjs.org/npm-pick-manifest 12051ms (cache revalidated)
1549 silly packumentCache corgi:https://registry.npmjs.org/npm-pick-manifest set size:42277 disposed:false
1550 silly packumentCache corgi:https://registry.npmjs.org/npm-pick-manifest dispose
1551 http fetch GET 200 https://registry.npmjs.org/@colors%2fcolors 12050ms (cache revalidated)
1552 silly packumentCache corgi:https://registry.npmjs.org/@colors%2fcolors set size:3781 disposed:false
1553 http fetch GET 200 https://registry.npmjs.org/@nodelib%2ffs.walk 12065ms (cache revalidated)
1554 silly packumentCache corgi:https://registry.npmjs.org/@nodelib%2ffs.walk set size:22168 disposed:false
1555 http fetch GET 200 https://registry.npmjs.org/@jest%2fschemas 12103ms (cache revalidated)
1556 silly packumentCache corgi:https://registry.npmjs.org/@jest%2fschemas set size:31013 disposed:false
1557 http fetch GET 200 https://registry.npmjs.org/emoji-regex/-/emoji-regex-9.2.2.tgz 12105ms (cache revalidated)
1558 http fetch GET 200 https://registry.npmjs.org/p-locate/-/p-locate-4.1.0.tgz 12103ms (cache revalidated)
1559 http fetch GET 200 https://registry.npmjs.org/glob/-/glob-10.4.5.tgz 12106ms (cache revalidated)
1560 http fetch GET 200 https://registry.npmjs.org/sprintf-js/-/sprintf-js-1.0.3.tgz 12106ms (cache revalidated)
1561 http fetch GET 200 https://registry.npmjs.org/ansi-regex/-/ansi-regex-6.1.0.tgz 12107ms (cache revalidated)
1562 http fetch GET 200 https://registry.npmjs.org/lru-cache/-/lru-cache-10.4.3.tgz 12113ms (cache revalidated)
1563 http fetch GET 200 https://registry.npmjs.org/lru-cache/-/lru-cache-10.4.3.tgz 12118ms (cache revalidated)
1564 http fetch GET 200 https://registry.npmjs.org/emoji-regex/-/emoji-regex-9.2.2.tgz 12168ms (cache revalidated)
1565 http fetch GET 200 https://registry.npmjs.org/wrap-ansi/-/wrap-ansi-8.1.0.tgz 12170ms (cache revalidated)
1566 http fetch GET 200 https://registry.npmjs.org/locate-path/-/locate-path-5.0.0.tgz 12172ms (cache revalidated)
1567 http fetch GET 200 https://registry.npmjs.org/ansi-styles/-/ansi-styles-6.2.1.tgz 12175ms (cache revalidated)
1568 http fetch GET 200 https://registry.npmjs.org/js-yaml/-/js-yaml-3.14.1.tgz 12191ms (cache revalidated)
1569 http fetch GET 200 https://registry.npmjs.org/@nodelib%2ffs.scandir 12221ms (cache revalidated)
1570 silly packumentCache corgi:https://registry.npmjs.org/@nodelib%2ffs.scandir set size:26977 disposed:false
1571 http fetch GET 200 https://registry.npmjs.org/argparse/-/argparse-1.0.10.tgz 12217ms (cache revalidated)
1572 http fetch GET 200 https://registry.npmjs.org/ansi-regex/-/ansi-regex-6.1.0.tgz 12218ms (cache revalidated)
1573 http fetch GET 200 https://registry.npmjs.org/resolve-from/-/resolve-from-5.0.0.tgz 12222ms (cache revalidated)
1574 http fetch GET 200 https://registry.npmjs.org/minimatch/-/minimatch-3.1.2.tgz 12221ms (cache revalidated)
1575 http fetch GET 200 https://registry.npmjs.org/find-up/-/find-up-4.1.0.tgz 12222ms (cache revalidated)
1576 http fetch GET 200 https://registry.npmjs.org/strip-ansi/-/strip-ansi-7.1.0.tgz 12224ms (cache revalidated)
1577 http fetch GET 200 https://registry.npmjs.org/string-width/-/string-width-5.1.2.tgz 12224ms (cache revalidated)
1578 http fetch GET 200 https://registry.npmjs.org/supports-color/-/supports-color-5.5.0.tgz 12223ms (cache revalidated)
1579 http fetch GET 200 https://registry.npmjs.org/ansi-styles/-/ansi-styles-6.2.1.tgz 12283ms (cache revalidated)
1580 http fetch GET 200 https://registry.npmjs.org/minimatch/-/minimatch-3.1.2.tgz 12282ms (cache revalidated)
1581 http fetch GET 200 https://registry.npmjs.org/globals/-/globals-11.12.0.tgz 12284ms (cache revalidated)
1582 http fetch GET 200 https://registry.npmjs.org/https-proxy-agent 12295ms (cache revalidated)
1583 silly packumentCache corgi:https://registry.npmjs.org/https-proxy-agent set size:34633 disposed:false
1584 http fetch GET 200 https://registry.npmjs.org/brace-expansion/-/brace-expansion-1.1.11.tgz 12306ms (cache revalidated)
1585 http fetch GET 200 https://registry.npmjs.org/@types/diff/-/diff-5.2.2.tgz 12346ms (cache revalidated)
1586 http fetch GET 200 https://registry.npmjs.org/brace-expansion/-/brace-expansion-1.1.11.tgz 12330ms (cache revalidated)
1587 http fetch GET 200 https://registry.npmjs.org/color-name/-/color-name-1.1.3.tgz 12334ms (cache revalidated)
1588 http fetch GET 200 https://registry.npmjs.org/semver/-/semver-6.3.1.tgz 12335ms (cache revalidated)
1589 http fetch GET 200 https://registry.npmjs.org/color-convert/-/color-convert-1.9.3.tgz 12336ms (cache revalidated)
1590 http fetch GET 200 https://registry.npmjs.org/escape-string-regexp/-/escape-string-regexp-1.0.5.tgz 12337ms (cache revalidated)
1591 http fetch GET 200 https://registry.npmjs.org/string-width/-/string-width-5.1.2.tgz 12341ms (cache revalidated)
1592 http fetch GET 200 https://registry.npmjs.org/chalk/-/chalk-2.4.2.tgz 12333ms (cache revalidated)
1593 http fetch GET 200 https://registry.npmjs.org/has-flag/-/has-flag-3.0.0.tgz 12337ms (cache revalidated)
1594 http fetch GET 200 https://registry.npmjs.org/semver/-/semver-6.3.1.tgz 12339ms (cache revalidated)
1595 http fetch GET 200 https://registry.npmjs.org/ansi-styles/-/ansi-styles-3.2.1.tgz 12383ms (cache revalidated)
1596 http fetch GET 200 https://registry.npmjs.org/strip-ansi/-/strip-ansi-6.0.1.tgz 12693ms (cache revalidated)
1597 http fetch GET 200 https://registry.npmjs.org/yallist/-/yallist-4.0.0.tgz 12501ms (cache revalidated)
1598 http fetch GET 200 https://registry.npmjs.org/minipass/-/minipass-3.3.6.tgz 12503ms (cache revalidated)
1599 http fetch GET 200 https://registry.npmjs.org/minipass 12471ms (cache revalidated)
1600 silly packumentCache corgi:https://registry.npmjs.org/minipass set size:115719 disposed:true
1601 silly packumentCache corgi:https://registry.npmjs.org/minipass dispose
1602 http fetch GET 200 https://registry.npmjs.org/cliui/-/cliui-8.0.1.tgz 2812ms (cache revalidated)
1603 http fetch GET 200 https://registry.npmjs.org/universalify/-/universalify-2.0.0.tgz 2810ms (cache revalidated)
1604 http fetch GET 200 https://registry.npmjs.org/validate-npm-package-license/-/validate-npm-package-license-3.0.4.tgz 2740ms (cache revalidated)
1605 http fetch GET 200 https://registry.npmjs.org/wrap-ansi/-/wrap-ansi-7.0.0.tgz 2823ms (cache revalidated)
1606 http fetch GET 200 https://registry.npmjs.org/y18n/-/y18n-5.0.8.tgz 2816ms (cache revalidated)
1607 http fetch GET 200 https://registry.npmjs.org/validate-npm-package-name/-/validate-npm-package-name-5.0.1.tgz 2738ms (cache revalidated)
1608 http fetch GET 200 https://registry.npmjs.org/yargs/-/yargs-17.7.2.tgz 2803ms (cache revalidated)
1609 http fetch GET 200 https://registry.npmjs.org/yargs-parser/-/yargs-parser-21.1.1.tgz 2823ms (cache revalidated)
1610 http fetch GET 200 https://registry.npmjs.org/yocto-queue/-/yocto-queue-0.1.0.tgz 2868ms (cache revalidated)
1611 http fetch GET 200 https://registry.npmjs.org/underscore/-/underscore-1.13.6.tgz 2737ms (cache revalidated)
1612 http fetch GET 200 https://registry.npmjs.org/minipass-fetch/-/minipass-fetch-3.0.4.tgz 2734ms (cache revalidated)
1613 http fetch GET 200 https://registry.npmjs.org/wontache/-/wontache-0.1.0.tgz 2741ms (cache revalidated)
1614 http fetch GET 200 https://registry.npmjs.org/ssri/-/ssri-10.0.5.tgz 2739ms (cache revalidated)
1615 http fetch GET 200 https://registry.npmjs.org/minipass/-/minipass-7.0.4.tgz 2729ms (cache revalidated)
1616 http fetch GET 200 https://registry.npmjs.org/chownr/-/chownr-2.0.0.tgz 2713ms (cache revalidated)
1617 http fetch GET 200 https://registry.npmjs.org/unique-slug/-/unique-slug-4.0.0.tgz 2753ms (cache revalidated)
1618 http fetch GET 200 https://registry.npmjs.org/tuf-js/-/tuf-js-2.2.0.tgz 2768ms (cache revalidated)
1619 http fetch GET 200 https://registry.npmjs.org/streamroller/-/streamroller-3.1.5.tgz 2673ms (cache revalidated)
1620 http fetch GET 200 https://registry.npmjs.org/make-fetch-happen/-/make-fetch-happen-13.0.0.tgz 2804ms (cache revalidated)
1621 http fetch GET 200 https://registry.npmjs.org/cacache/-/cacache-18.0.2.tgz 2751ms (cache revalidated)
1622 http fetch GET 200 https://registry.npmjs.org/tar/-/tar-6.2.1.tgz 2708ms (cache revalidated)
1623 http fetch GET 200 https://registry.npmjs.org/tweetnacl/-/tweetnacl-0.14.5.tgz 2699ms (cache revalidated)
1624 http fetch GET 200 https://registry.npmjs.org/jsonfile/-/jsonfile-4.0.0.tgz 2692ms (cache revalidated)
1625 http fetch GET 200 https://registry.npmjs.org/uc.micro/-/uc.micro-2.1.0.tgz 2704ms (cache revalidated)
1626 http fetch GET 200 https://registry.npmjs.org/@npmcli/fs/-/fs-3.1.0.tgz 2702ms (cache revalidated)
1627 http fetch GET 200 https://registry.npmjs.org/string-width/-/string-width-4.2.3.tgz 2756ms (cache revalidated)
1628 http fetch GET 200 https://registry.npmjs.org/strip-ansi/-/strip-ansi-6.0.1.tgz 2772ms (cache revalidated)
1629 http fetch GET 200 https://registry.npmjs.org/fs-extra/-/fs-extra-8.1.0.tgz 2754ms (cache revalidated)
1630 http fetch GET 200 https://registry.npmjs.org/to-regex-range/-/to-regex-range-5.0.1.tgz 2795ms (cache revalidated)
1631 http fetch GET 200 https://registry.npmjs.org/spdx-expression-parse/-/spdx-expression-parse-3.0.1.tgz 2775ms (cache revalidated)
1632 http fetch GET 200 https://registry.npmjs.org/stack-trace/-/stack-trace-0.0.10.tgz 2773ms (cache revalidated)
1633 http fetch GET 200 https://registry.npmjs.org/supports-color/-/supports-color-7.2.0.tgz 2780ms (cache revalidated)
1634 http fetch GET 200 https://registry.npmjs.org/unique-filename/-/unique-filename-3.0.0.tgz 2950ms (cache revalidated)
1635 http fetch GET 200 https://registry.npmjs.org/minipass-collect/-/minipass-collect-2.0.1.tgz 2953ms (cache revalidated)
1636 http fetch GET 200 https://registry.npmjs.org/spdx-license-ids/-/spdx-license-ids-3.0.11.tgz 2779ms (cache revalidated)
1637 http fetch GET 200 https://registry.npmjs.org/socks/-/socks-2.7.3.tgz 2793ms (cache revalidated)
1638 http fetch GET 200 https://registry.npmjs.org/universalify/-/universalify-0.1.2.tgz 2790ms (cache revalidated)
1639 http fetch GET 200 https://registry.npmjs.org/shebang-regex/-/shebang-regex-3.0.0.tgz 2772ms (cache revalidated)
1640 http fetch GET 200 https://registry.npmjs.org/smart-buffer/-/smart-buffer-4.2.0.tgz 2728ms (cache revalidated)
1641 http fetch GET 200 https://registry.npmjs.org/semver/-/semver-7.6.2.tgz 2730ms (cache revalidated)
1642 http fetch GET 200 https://registry.npmjs.org/sigstore/-/sigstore-2.2.2.tgz 2797ms (cache revalidated)
1643 http fetch GET 200 https://registry.npmjs.org/shebang-command/-/shebang-command-2.0.0.tgz 2810ms (cache revalidated)
1644 http fetch GET 200 https://registry.npmjs.org/spdx-correct/-/spdx-correct-3.1.1.tgz 2805ms (cache revalidated)
1645 http fetch GET 200 https://registry.npmjs.org/spdx-exceptions/-/spdx-exceptions-2.3.0.tgz 2820ms (cache revalidated)
1646 http fetch GET 200 https://registry.npmjs.org/fs-minipass/-/fs-minipass-3.0.3.tgz 3026ms (cache revalidated)
1647 http fetch GET 200 https://registry.npmjs.org/react-is/-/react-is-18.3.1.tgz 2821ms (cache revalidated)
1648 http fetch GET 200 https://registry.npmjs.org/require-directory/-/require-directory-2.1.1.tgz 2780ms (cache revalidated)
1649 http fetch GET 200 https://registry.npmjs.org/rfdc/-/rfdc-1.3.0.tgz 2771ms (cache revalidated)
1650 http fetch GET 200 https://registry.npmjs.org/punycode.js/-/punycode.js-2.3.1.tgz 2736ms (cache revalidated)
1651 http fetch GET 200 https://registry.npmjs.org/ssh2/-/ssh2-1.15.0.tgz 2850ms (cache revalidated)
1652 http fetch GET 200 https://registry.npmjs.org/ansi-styles/-/ansi-styles-5.2.0.tgz 2772ms (cache revalidated)
1653 http fetch GET 200 https://registry.npmjs.org/safer-buffer/-/safer-buffer-2.1.2.tgz 2781ms (cache revalidated)
1654 http fetch GET 200 https://registry.npmjs.org/progress/-/progress-2.0.3.tgz 2778ms (cache revalidated)
1655 http fetch GET 200 https://registry.npmjs.org/run-parallel/-/run-parallel-1.2.0.tgz 2780ms (cache revalidated)
1656 http fetch GET 200 https://registry.npmjs.org/yallist/-/yallist-4.0.0.tgz 3003ms (cache revalidated)
1657 http fetch GET 200 https://registry.npmjs.org/queue-microtask/-/queue-microtask-1.2.3.tgz 2785ms (cache revalidated)
1658 http fetch GET 200 https://registry.npmjs.org/repeat-string/-/repeat-string-1.6.1.tgz 2791ms (cache revalidated)
1659 http fetch GET 200 https://registry.npmjs.org/retry/-/retry-0.12.0.tgz 2787ms (cache revalidated)
1660 http fetch GET 200 https://registry.npmjs.org/prettyjson/-/prettyjson-1.2.5.tgz 2808ms (cache revalidated)
1661 http fetch GET 200 https://registry.npmjs.org/unique-filename/-/unique-filename-3.0.0.tgz 2795ms (cache revalidated)
1662 http fetch GET 200 https://registry.npmjs.org/minipass/-/minipass-7.0.4.tgz 2794ms (cache revalidated)
1663 http fetch GET 200 https://registry.npmjs.org/unique-slug/-/unique-slug-4.0.0.tgz 2801ms (cache revalidated)
1664 http fetch GET 200 https://registry.npmjs.org/promise-retry/-/promise-retry-2.0.1.tgz 2754ms (cache revalidated)
1665 http fetch GET 200 https://registry.npmjs.org/pretty-format/-/pretty-format-29.7.0.tgz 2789ms (cache revalidated)
1666 http fetch GET 200 https://registry.npmjs.org/reusify/-/reusify-1.0.4.tgz 2832ms (cache revalidated)
1667 http fetch GET 200 https://registry.npmjs.org/promise-inflight/-/promise-inflight-1.0.1.tgz 2799ms (cache revalidated)
1668 http fetch GET 200 https://registry.npmjs.org/ssri/-/ssri-10.0.6.tgz 2724ms (cache revalidated)
1669 http fetch GET 200 https://registry.npmjs.org/path-key/-/path-key-3.1.1.tgz 2798ms (cache revalidated)
1670 http fetch GET 200 https://registry.npmjs.org/npm-pick-manifest/-/npm-pick-manifest-9.0.0.tgz 2721ms (cache revalidated)
1671 http fetch GET 200 https://registry.npmjs.org/read/-/read-3.0.1.tgz 2843ms (cache revalidated)
1672 http fetch GET 200 https://registry.npmjs.org/npm-packlist/-/npm-packlist-8.0.2.tgz 2761ms (cache revalidated)
1673 http fetch GET 200 https://registry.npmjs.org/path-scurry/-/path-scurry-1.11.1.tgz 2767ms (cache revalidated)
1674 http fetch GET 200 https://registry.npmjs.org/pacote/-/pacote-18.0.6.tgz 2749ms (cache revalidated)
1675 http fetch GET 200 https://registry.npmjs.org/proc-log/-/proc-log-3.0.0.tgz 2760ms (cache revalidated)
1676 http fetch GET 200 https://registry.npmjs.org/minipass-collect/-/minipass-collect-2.0.1.tgz 2728ms (cache revalidated)
1677 http fetch GET 200 https://registry.npmjs.org/path-exists/-/path-exists-4.0.0.tgz 2740ms (cache revalidated)
1678 http fetch GET 200 https://registry.npmjs.org/fs-minipass/-/fs-minipass-3.0.3.tgz 2691ms (cache revalidated)
1679 http fetch GET 200 https://registry.npmjs.org/proc-log/-/proc-log-4.2.0.tgz 2749ms (cache revalidated)
1680 http fetch GET 200 https://registry.npmjs.org/picomatch/-/picomatch-2.3.1.tgz 2785ms (cache revalidated)
1681 http fetch GET 200 https://registry.npmjs.org/json-parse-even-better-errors/-/json-parse-even-better-errors-3.0.2.tgz 2696ms (cache revalidated)
1682 http fetch GET 200 https://registry.npmjs.org/node-gyp/-/node-gyp-10.1.0.tgz 2747ms (cache revalidated)
1683 http fetch GET 200 https://registry.npmjs.org/npm-bundled/-/npm-bundled-3.0.0.tgz 2737ms (cache revalidated)
1684 http fetch GET 200 https://registry.npmjs.org/nopt/-/nopt-7.2.1.tgz 2740ms (cache revalidated)
1685 http fetch GET 200 https://registry.npmjs.org/minipass/-/minipass-7.1.2.tgz 2788ms (cache revalidated)
1686 http fetch GET 200 https://registry.npmjs.org/make-fetch-happen/-/make-fetch-happen-13.0.1.tgz 2736ms (cache revalidated)
1687 http fetch GET 200 https://registry.npmjs.org/cacache/-/cacache-18.0.3.tgz 2750ms (cache revalidated)
1688 http fetch GET 200 https://registry.npmjs.org/package-json-from-dist/-/package-json-from-dist-1.0.0.tgz 2746ms (cache revalidated)
1689 http fetch GET 200 https://registry.npmjs.org/abbrev/-/abbrev-2.0.0.tgz 2744ms (cache revalidated)
1690 http fetch GET 200 https://registry.npmjs.org/@npmcli/run-script/-/run-script-8.1.0.tgz 2755ms (cache revalidated)
1691 http fetch GET 200 https://registry.npmjs.org/p-map/-/p-map-4.0.0.tgz 2746ms (cache revalidated)
1692 http fetch GET 200 https://registry.npmjs.org/ssri/-/ssri-10.0.6.tgz 2749ms (cache revalidated)
1693 http fetch GET 200 https://registry.npmjs.org/unique-slug/-/unique-slug-4.0.0.tgz 2740ms (cache revalidated)
1694 http fetch GET 200 https://registry.npmjs.org/opener/-/opener-1.5.2.tgz 2742ms (cache revalidated)
1695 http fetch GET 200 https://registry.npmjs.org/p-limit/-/p-limit-3.1.0.tgz 2738ms (cache revalidated)
1696 http fetch GET 200 https://registry.npmjs.org/proc-log/-/proc-log-4.2.0.tgz 2753ms (cache revalidated)
1697 http fetch GET 200 https://registry.npmjs.org/minipass-fetch/-/minipass-fetch-3.0.5.tgz 2899ms (cache revalidated)
1698 http fetch GET 200 https://registry.npmjs.org/@npmcli/node-gyp/-/node-gyp-3.0.0.tgz 2790ms (cache revalidated)
1699 http fetch GET 200 https://registry.npmjs.org/npm-registry-fetch/-/npm-registry-fetch-17.1.0.tgz 2746ms (cache revalidated)
1700 http fetch GET 200 https://registry.npmjs.org/unique-filename/-/unique-filename-3.0.0.tgz 2758ms (cache revalidated)
1701 http fetch GET 200 https://registry.npmjs.org/make-fetch-happen/-/make-fetch-happen-13.0.1.tgz 2751ms (cache revalidated)
1702 http fetch GET 200 https://registry.npmjs.org/npm-normalize-package-bin/-/npm-normalize-package-bin-3.0.1.tgz 2758ms (cache revalidated)
1703 http fetch GET 200 https://registry.npmjs.org/p-locate/-/p-locate-5.0.0.tgz 2748ms (cache revalidated)
1704 http fetch GET 200 https://registry.npmjs.org/minipass/-/minipass-7.1.2.tgz 2763ms (cache revalidated)
1705 http fetch GET 200 https://registry.npmjs.org/minipass-collect/-/minipass-collect-2.0.1.tgz 2752ms (cache revalidated)
1706 http fetch GET 200 https://registry.npmjs.org/negotiator/-/negotiator-0.6.3.tgz 2759ms (cache revalidated)
1707 http fetch GET 200 https://registry.npmjs.org/proc-log/-/proc-log-4.2.0.tgz 2758ms (cache revalidated)
1708 http fetch GET 200 https://registry.npmjs.org/cacache/-/cacache-18.0.3.tgz 2768ms (cache revalidated)
1709 http fetch GET 200 https://registry.npmjs.org/npm-install-checks/-/npm-install-checks-6.3.0.tgz 2758ms (cache revalidated)
1710 http fetch GET 200 https://registry.npmjs.org/nan/-/nan-2.18.0.tgz 2765ms (cache revalidated)
1711 http fetch GET 200 https://registry.npmjs.org/@npmcli/installed-package-contents/-/installed-package-contents-2.0.2.tgz 2812ms (cache revalidated)
1712 http fetch GET 200 https://registry.npmjs.org/@npmcli/package-json/-/package-json-5.2.0.tgz 2815ms (cache revalidated)
1713 http fetch GET 200 https://registry.npmjs.org/mute-stream/-/mute-stream-1.0.0.tgz 2720ms (cache revalidated)
1714 http fetch GET 200 https://registry.npmjs.org/@npmcli/fs/-/fs-3.1.1.tgz 2761ms (cache revalidated)
1715 http fetch GET 200 https://registry.npmjs.org/yallist/-/yallist-4.0.0.tgz 2779ms (cache revalidated)
1716 http fetch GET 200 https://registry.npmjs.org/minizlib/-/minizlib-2.1.2.tgz 2784ms (cache revalidated)
1717 http fetch GET 200 https://registry.npmjs.org/fs-minipass/-/fs-minipass-3.0.3.tgz 2789ms (cache revalidated)
1718 http fetch GET 200 https://registry.npmjs.org/mustache/-/mustache-4.2.0.tgz 2788ms (cache revalidated)
1719 http fetch GET 200 https://registry.npmjs.org/minipass-pipeline/-/minipass-pipeline-1.2.4.tgz 2778ms (cache revalidated)
1720 http fetch GET 200 https://registry.npmjs.org/yallist/-/yallist-4.0.0.tgz 2833ms (cache revalidated)
1721 http fetch GET 200 https://registry.npmjs.org/normalize-package-data/-/normalize-package-data-6.0.2.tgz 2752ms (cache revalidated)
1722 http fetch GET 200 https://registry.npmjs.org/mdurl/-/mdurl-2.0.0.tgz 2793ms (cache revalidated)
1723 http fetch GET 200 https://registry.npmjs.org/minipass-flush/-/minipass-flush-1.0.5.tgz 2750ms (cache revalidated)
1724 http fetch GET 200 https://registry.npmjs.org/minipass-sized/-/minipass-sized-1.0.3.tgz 2799ms (cache revalidated)
1725 http fetch GET 200 https://registry.npmjs.org/minipass/-/minipass-3.3.5.tgz 2802ms (cache revalidated)
1726 http fetch GET 200 https://registry.npmjs.org/npm-package-arg/-/npm-package-arg-11.0.2.tgz 2790ms (cache revalidated)
1727 http fetch GET 200 https://registry.npmjs.org/minimist/-/minimist-1.2.6.tgz 2758ms (cache revalidated)
1728 http fetch GET 200 https://registry.npmjs.org/lodash/-/lodash-4.17.21.tgz 2749ms (cache revalidated)
1729 http fetch GET 200 https://registry.npmjs.org/ms/-/ms-2.1.2.tgz 2853ms (cache revalidated)
1730 http fetch GET 200 https://registry.npmjs.org/lodash-deep/-/lodash-deep-2.0.0.tgz 2910ms (cache revalidated)
1731 http fetch GET 200 https://registry.npmjs.org/jsonschema/-/jsonschema-1.4.1.tgz 2916ms (cache revalidated)
1732 http fetch GET 200 https://registry.npmjs.org/js-yaml/-/js-yaml-4.1.0.tgz 2910ms (cache revalidated)
1733 http fetch GET 200 https://registry.npmjs.org/jsbn/-/jsbn-1.1.0.tgz 2858ms (cache revalidated)
1734 http fetch GET 200 https://registry.npmjs.org/lru-cache/-/lru-cache-10.2.0.tgz 2907ms (cache revalidated)
1735 http fetch GET 200 https://registry.npmjs.org/@npmcli/fs/-/fs-3.1.1.tgz 3082ms (cache revalidated)
1736 http fetch GET 200 https://registry.npmjs.org/jsonfile/-/jsonfile-6.1.0.tgz 2916ms (cache revalidated)
1737 http fetch GET 200 https://registry.npmjs.org/mkdirp/-/mkdirp-1.0.4.tgz 2848ms (cache revalidated)
1738 http fetch GET 200 https://registry.npmjs.org/jest-get-type/-/jest-get-type-29.6.3.tgz 2900ms (cache revalidated)
1739 http fetch GET 200 https://registry.npmjs.org/indent-string/-/indent-string-4.0.0.tgz 2856ms (cache revalidated)
1740 http fetch GET 200 https://registry.npmjs.org/markdown-it/-/markdown-it-14.1.0.tgz 2906ms (cache revalidated)
1741 http fetch GET 200 https://registry.npmjs.org/merge2/-/merge2-1.4.1.tgz 2924ms (cache revalidated)
1742 http fetch GET 200 https://registry.npmjs.org/is-lambda/-/is-lambda-1.0.1.tgz 2856ms (cache revalidated)
1743 http fetch GET 200 https://registry.npmjs.org/is-extglob/-/is-extglob-2.1.1.tgz 2855ms (cache revalidated)
1744 http fetch GET 200 https://registry.npmjs.org/log4js/-/log4js-6.9.1.tgz 2898ms (cache revalidated)
1745 http fetch GET 200 https://registry.npmjs.org/jest-diff/-/jest-diff-29.7.0.tgz 2892ms (cache revalidated)
1746 http fetch GET 200 https://registry.npmjs.org/http-cache-semantics/-/http-cache-semantics-4.1.1.tgz 2901ms (cache revalidated)
1747 http fetch GET 200 https://registry.npmjs.org/locate-path/-/locate-path-6.0.0.tgz 2890ms (cache revalidated)
1748 http fetch GET 200 https://registry.npmjs.org/linkify-it/-/linkify-it-5.0.0.tgz 2850ms (cache revalidated)
1749 http fetch GET 200 https://registry.npmjs.org/ignore-walk/-/ignore-walk-6.0.4.tgz 2845ms (cache revalidated)
1750 http fetch GET 200 https://registry.npmjs.org/minipass-fetch/-/minipass-fetch-3.0.5.tgz 2852ms (cache revalidated)
1751 http fetch GET 200 https://registry.npmjs.org/is-glob/-/is-glob-4.0.3.tgz 2876ms (cache revalidated)
1752 http fetch GET 200 https://registry.npmjs.org/glob-parent/-/glob-parent-5.1.2.tgz 2812ms (cache revalidated)
1753 http fetch GET 200 https://registry.npmjs.org/ip-address/-/ip-address-9.0.5.tgz 2874ms (cache revalidated)
1754 http fetch GET 200 https://registry.npmjs.org/get-caller-file/-/get-caller-file-2.0.5.tgz 2811ms (cache revalidated)
1755 http fetch GET 200 https://registry.npmjs.org/graceful-fs/-/graceful-fs-4.2.11.tgz 2815ms (cache revalidated)
1756 http fetch GET 200 https://registry.npmjs.org/hosted-git-info/-/hosted-git-info-7.0.2.tgz 2818ms (cache revalidated)
1757 http fetch GET 200 https://registry.npmjs.org/has-own-prop/-/has-own-prop-2.0.0.tgz 2814ms (cache revalidated)
1758 http fetch GET 200 https://registry.npmjs.org/signal-exit/-/signal-exit-4.1.0.tgz 2823ms (cache revalidated)
1759 http fetch GET 200 https://registry.npmjs.org/imurmurhash/-/imurmurhash-0.1.4.tgz 2877ms (cache revalidated)
1760 http fetch GET 200 https://registry.npmjs.org/fs-extra/-/fs-extra-11.2.0.tgz 2827ms (cache revalidated)
1761 http fetch GET 200 https://registry.npmjs.org/jsonparse/-/jsonparse-1.3.1.tgz 2860ms (cache revalidated)
1762 http fetch GET 200 https://registry.npmjs.org/fs-minipass/-/fs-minipass-2.1.0.tgz 2831ms (cache revalidated)
1763 http fetch GET 200 https://registry.npmjs.org/flatted/-/flatted-3.3.1.tgz 2822ms (cache revalidated)
1764 http fetch GET 200 https://registry.npmjs.org/has-flag/-/has-flag-4.0.0.tgz 2824ms (cache revalidated)
1765 http fetch GET 200 https://registry.npmjs.org/find-up/-/find-up-5.0.0.tgz 2830ms (cache revalidated)
1766 http fetch GET 200 https://registry.npmjs.org/fast-glob/-/fast-glob-3.3.2.tgz 2818ms (cache revalidated)
1767 http fetch GET 200 https://registry.npmjs.org/esprima/-/esprima-4.0.1.tgz 2835ms (cache revalidated)
1768 http fetch GET 200 https://registry.npmjs.org/fill-range/-/fill-range-7.1.1.tgz 2830ms (cache revalidated)
1769 http fetch GET 200 https://registry.npmjs.org/is-number/-/is-number-7.0.0.tgz 2829ms (cache revalidated)
1770 http fetch GET 200 https://registry.npmjs.org/is-fullwidth-code-point/-/is-fullwidth-code-point-3.0.0.tgz 2829ms (cache revalidated)
1771 http fetch GET 200 https://registry.npmjs.org/iconv-lite/-/iconv-lite-0.6.3.tgz 2827ms (cache revalidated)
1772 http fetch GET 200 https://registry.npmjs.org/fastest-levenshtein/-/fastest-levenshtein-1.0.16.tgz 2837ms (cache revalidated)
1773 http fetch GET 200 https://registry.npmjs.org/fastq/-/fastq-1.13.0.tgz 2829ms (cache revalidated)
1774 http fetch GET 200 https://registry.npmjs.org/sprintf-js/-/sprintf-js-1.1.3.tgz 2866ms (cache revalidated)
1775 http fetch GET 200 https://registry.npmjs.org/exponential-backoff/-/exponential-backoff-3.1.1.tgz 2823ms (cache revalidated)
1776 http fetch GET 200 https://registry.npmjs.org/encoding/-/encoding-0.1.13.tgz 2780ms (cache revalidated)
1777 http fetch GET 200 https://registry.npmjs.org/escalade/-/escalade-3.1.1.tgz 2829ms (cache revalidated)
1778 http fetch GET 200 https://registry.npmjs.org/env-paths/-/env-paths-2.2.1.tgz 2820ms (cache revalidated)
1779 http fetch GET 200 https://registry.npmjs.org/err-code/-/err-code-2.0.3.tgz 2822ms (cache revalidated)
1780 http fetch GET 200 https://registry.npmjs.org/emoji-regex/-/emoji-regex-8.0.0.tgz 2833ms (cache revalidated)
1781 http fetch GET 200 https://registry.npmjs.org/diff-sequences/-/diff-sequences-29.6.3.tgz 2826ms (cache revalidated)
1782 http fetch GET 200 https://registry.npmjs.org/entities/-/entities-4.5.0.tgz 2833ms (cache revalidated)
1783 http fetch GET 200 https://registry.npmjs.org/deepmerge/-/deepmerge-4.3.1.tgz 2823ms (cache revalidated)
1784 http fetch GET 200 https://registry.npmjs.org/colors/-/colors-1.4.0.tgz 2771ms (cache revalidated)
1785 http fetch GET 200 https://registry.npmjs.org/date-format/-/date-format-4.0.14.tgz 2828ms (cache revalidated)
1786 http fetch GET 200 https://registry.npmjs.org/foreground-child/-/foreground-child-3.1.1.tgz 2825ms (cache revalidated)
1787 http fetch GET 200 https://registry.npmjs.org/find-process/-/find-process-1.4.7.tgz 2762ms (cache revalidated)
1788 http fetch GET 200 https://registry.npmjs.org/debug/-/debug-4.3.4.tgz 2813ms (cache revalidated)
1789 http fetch GET 200 https://registry.npmjs.org/color-name/-/color-name-1.1.4.tgz 2838ms (cache revalidated)
1790 http fetch GET 200 https://registry.npmjs.org/dataobject-parser/-/dataobject-parser-1.2.25.tgz 2845ms (cache revalidated)
1791 http fetch GET 200 https://registry.npmjs.org/argparse/-/argparse-2.0.1.tgz 2788ms (cache revalidated)
1792 http fetch GET 200 https://registry.npmjs.org/core-util-is/-/core-util-is-1.0.3.tgz 2844ms (cache revalidated)
1793 http fetch GET 200 https://registry.npmjs.org/commander/-/commander-5.1.0.tgz 2793ms (cache revalidated)
1794 http fetch GET 200 https://registry.npmjs.org/clean-stack/-/clean-stack-2.2.0.tgz 2800ms (cache revalidated)
1795 http fetch GET 200 https://registry.npmjs.org/cross-spawn/-/cross-spawn-7.0.3.tgz 2786ms (cache revalidated)
1796 http fetch GET 200 https://registry.npmjs.org/color-convert/-/color-convert-2.0.1.tgz 2808ms (cache revalidated)
1797 http fetch GET 200 https://registry.npmjs.org/asn1/-/asn1-0.2.6.tgz 2817ms (cache revalidated)
1798 http fetch GET 200 https://registry.npmjs.org/comment-json/-/comment-json-4.2.3.tgz 2798ms (cache revalidated)
1799 http fetch GET 200 https://registry.npmjs.org/array-timsort/-/array-timsort-1.0.3.tgz 2768ms (cache revalidated)
1800 http fetch GET 200 https://registry.npmjs.org/cli-table3/-/cli-table3-0.6.5.tgz 2778ms (cache revalidated)
1801 http fetch GET 200 https://registry.npmjs.org/chalk/-/chalk-4.1.2.tgz 2815ms (cache revalidated)
1802 http fetch GET 200 https://registry.npmjs.org/braces/-/braces-3.0.3.tgz 2774ms (cache revalidated)
1803 http fetch GET 200 https://registry.npmjs.org/balanced-match/-/balanced-match-1.0.2.tgz 2768ms (cache revalidated)
1804 http fetch GET 200 https://registry.npmjs.org/bcrypt-pbkdf/-/bcrypt-pbkdf-1.0.2.tgz 2778ms (cache revalidated)
1805 http fetch GET 200 https://registry.npmjs.org/aggregate-error/-/aggregate-error-3.1.0.tgz 2726ms (cache revalidated)
1806 http fetch GET 200 https://registry.npmjs.org/unique-slug/-/unique-slug-4.0.0.tgz 2572ms (cache revalidated)
1807 http fetch GET 200 https://registry.npmjs.org/ansi-styles/-/ansi-styles-4.3.0.tgz 2726ms (cache revalidated)
1808 http fetch GET 200 https://registry.npmjs.org/ssri/-/ssri-10.0.5.tgz 2576ms (cache revalidated)
1809 http fetch GET 200 https://registry.npmjs.org/minipass-collect/-/minipass-collect-2.0.1.tgz 2427ms (cache revalidated)
1810 http fetch GET 200 https://registry.npmjs.org/@sinclair/typebox/-/typebox-0.27.8.tgz 2561ms (cache revalidated)
1811 http fetch GET 200 https://registry.npmjs.org/cacache/-/cacache-18.0.2.tgz 2416ms (cache revalidated)
1812 http fetch GET 200 https://registry.npmjs.org/unique-filename/-/unique-filename-3.0.0.tgz 2498ms (cache revalidated)
1813 http fetch GET 200 https://registry.npmjs.org/minipass-fetch/-/minipass-fetch-3.0.4.tgz 2414ms (cache revalidated)
1814 http fetch GET 200 https://registry.npmjs.org/make-fetch-happen/-/make-fetch-happen-13.0.0.tgz 2422ms (cache revalidated)
1815 http fetch GET 200 https://registry.npmjs.org/@sigstore/sign/-/sign-2.2.3.tgz 2504ms (cache revalidated)
1816 http fetch GET 200 https://registry.npmjs.org/@tufjs/canonical-json/-/canonical-json-2.0.0.tgz 2495ms (cache revalidated)
1817 http fetch GET 200 https://registry.npmjs.org/@sigstore/core/-/core-1.0.0.tgz 2358ms (cache revalidated)
1818 http fetch GET 200 https://registry.npmjs.org/@types/yargs-parser/-/yargs-parser-20.2.1.tgz 2628ms (cache revalidated)
1819 http fetch GET 200 https://registry.npmjs.org/@npmcli/promise-spawn/-/promise-spawn-7.0.1.tgz 2404ms (cache revalidated)
1820 http fetch GET 200 https://registry.npmjs.org/@types/yargs/-/yargs-17.0.32.tgz 2558ms (cache revalidated)
1821 http fetch GET 200 https://registry.npmjs.org/@tufjs/models/-/models-2.0.0.tgz 2500ms (cache revalidated)
1822 http fetch GET 200 https://registry.npmjs.org/@npmcli/git/-/git-5.0.4.tgz 2351ms (cache revalidated)
1823 http fetch GET 200 https://registry.npmjs.org/@sigstore/verify/-/verify-1.1.0.tgz 2565ms (cache revalidated)
1824 http fetch GET 200 https://registry.npmjs.org/fs-minipass/-/fs-minipass-3.0.3.tgz 2505ms (cache revalidated)
1825 http fetch GET 200 https://registry.npmjs.org/@sigstore/tuf/-/tuf-2.3.1.tgz 2360ms (cache revalidated)
1826 http fetch GET 200 https://registry.npmjs.org/npm-normalize-package-bin/-/npm-normalize-package-bin-3.0.1.tgz 2298ms (cache revalidated)
1827 http fetch GET 200 https://registry.npmjs.org/@npmcli/redact/-/redact-2.0.1.tgz 2358ms (cache revalidated)
1828 http fetch GET 200 https://registry.npmjs.org/@sigstore/bundle/-/bundle-2.2.0.tgz 2302ms (cache revalidated)
1829 http fetch GET 200 https://registry.npmjs.org/@sigstore/protobuf-specs/-/protobuf-specs-0.3.0.tgz 2372ms (cache revalidated)
1830 http fetch GET 200 https://registry.npmjs.org/socks-proxy-agent/-/socks-proxy-agent-8.0.2.tgz 2302ms (cache revalidated)
1831 http fetch GET 200 https://registry.npmjs.org/agent-base/-/agent-base-7.1.0.tgz 2238ms (cache revalidated)
1832 http fetch GET 200 https://registry.npmjs.org/@npmcli/agent/-/agent-2.2.1.tgz 2302ms (cache revalidated)
1833 http fetch GET 200 https://registry.npmjs.org/cpu-features/-/cpu-features-0.0.9.tgz 2285ms (cache revalidated)
1834 http fetch GET 200 https://registry.npmjs.org/buildcheck/-/buildcheck-0.0.6.tgz 2245ms (cache revalidated)
1835 http fetch GET 200 https://registry.npmjs.org/npm-pick-manifest/-/npm-pick-manifest-9.0.0.tgz 2191ms (cache revalidated)
1836 http fetch GET 200 https://registry.npmjs.org/proc-log/-/proc-log-3.0.0.tgz 2315ms (cache revalidated)
1837 http fetch GET 200 https://registry.npmjs.org/@nodelib/fs.stat/-/fs.stat-2.0.5.tgz 2250ms (cache revalidated)
1838 http fetch GET 200 https://registry.npmjs.org/@colors/colors/-/colors-1.5.0.tgz 2192ms (cache revalidated)
1839 http fetch GET 200 https://registry.npmjs.org/http-proxy-agent/-/http-proxy-agent-7.0.2.tgz 2257ms (cache revalidated)
1840 http fetch GET 200 https://registry.npmjs.org/https-proxy-agent/-/https-proxy-agent-7.0.4.tgz 1949ms (cache revalidated)
1841 http fetch GET 200 https://registry.npmjs.org/minipass/-/minipass-5.0.0.tgz 1834ms (cache revalidated)
1842 http fetch GET 200 https://registry.npmjs.org/@npmcli/fs/-/fs-3.1.0.tgz 2382ms (cache revalidated)
1843 http fetch GET 200 https://registry.npmjs.org/@nodelib/fs.scandir/-/fs.scandir-2.1.5.tgz 2031ms (cache revalidated)
1844 http fetch GET 200 https://registry.npmjs.org/@jest/schemas/-/schemas-29.6.3.tgz 2162ms (cache revalidated)
1845 http fetch GET 200 https://registry.npmjs.org/@nodelib/fs.walk/-/fs.walk-1.2.8.tgz 2201ms (cache revalidated)
1846 http fetch GET 200 https://registry.npmjs.org/minipass/-/minipass-7.0.4.tgz 2232ms (cache revalidated)
1847 warn deprecated mkdirp@0.3.0: Legacy versions of mkdirp are no longer supported. Please update to mkdirp 1.x. (Note that the API surface has changed to use Promises in 1.x.)
1848 warn deprecated popper.js@1.16.1: You can find the new Popper v2 at @popperjs/core, this package is dedicated to the legacy v1
1849 http fetch GET 200 https://storage.googleapis.com/art-zowe-filestore-1565011176/filestore/f4/f4ade80fc930deafd31aa7a56a70c579238ac249?X-Artifactory-artifactPath=%40zowe%2Fsecrets-for-zowe-sdk%2F-%2F%40zowe%2Fsecrets-for-zowe-sdk-8.0.0.tgz&X-Artifactory-originPackageType=npm&X-Artifactory-originProjectKey=default&X-Artifactory-originRepoType=local&X-Artifactory-originRepositoryKey=npm-local-release&X-Artifactory-packageType=npm&X-Artifactory-projectKey=default&X-Artifactory-repoType=local&X-Artifactory-repositoryKey=npm-local-release&X-Artifactory-username=anonymous&X-Goog-Algorithm=GOOG4-RSA-SHA256&X-Goog-Credential=zow5779160690273782%40aol-prod.iam.gserviceaccount.com%2F20251128%2Fauto%2Fstorage%2Fgoog4_request&X-Goog-Date=20251128T071812Z&X-Goog-Expires=600&X-Goog-SignedHeaders=host&response-content-disposition=attachment%3Bfilename%3D%22secrets-for-zowe-sdk-8.0.0.tgz%22&response-content-type=application%2Fx-gzip&x-jf-traceId=1ae19c47533b03200e760bda49f56a68&X-Goog-Signature=53fa882a14ee7fbb4036bbe59dfb516075f76af07da60fdbc88fe24853ec8526f5a04720a6972ab2dca9db1fc6d019c52eab5be6c66d5ea7f3f8b1ce135e6abaa3d6c648902675730dea907779c2f7868a7ee881677628ca7fef6aac3a2d1ba68a6ae2287cda36c8c48864c57dd204e22893dcb27d4be10cc5827ecfbb6db1e30363900d4c7bee9421c041f9332be6cbbea25e8078781c1814af1f4e14693ab5d986a2ef9d115c95f05fb7f6c274b2dec120a0554f346cdc9d96cdf9a99d044736fe38ef49873c4a60c659739bf4a627081e01980da0a046fe367bd1f8345a3d69f548ce133448b0017aa6b730e998773e9b66c22ff19cde7b4ea0af7d65b5e7 20660ms (cache miss)
1850 http fetch GET 200 https://storage.googleapis.com/art-zowe-filestore-1565011176/filestore/6b/6b8fe058d583396efd7382bddfc6eebf3fbb5176?X-Artifactory-artifactPath=%40zowe%2Fimperative%2F-%2F%40zowe%2Fimperative-8.0.0.tgz&X-Artifactory-originPackageType=npm&X-Artifactory-originProjectKey=default&X-Artifactory-originRepoType=local&X-Artifactory-originRepositoryKey=npm-local-release&X-Artifactory-packageType=npm&X-Artifactory-projectKey=default&X-Artifactory-repoType=local&X-Artifactory-repositoryKey=npm-local-release&X-Artifactory-username=anonymous&X-Goog-Algorithm=GOOG4-RSA-SHA256&X-Goog-Credential=zow5779160690273782%40aol-prod.iam.gserviceaccount.com%2F20251128%2Fauto%2Fstorage%2Fgoog4_request&X-Goog-Date=20251128T071812Z&X-Goog-Expires=600&X-Goog-SignedHeaders=host&response-content-disposition=attachment%3Bfilename%3D%22imperative-8.0.0.tgz%22&response-content-type=application%2Fx-gzip&x-jf-traceId=3450f57bee780b382631156fb9d5fe1c&X-Goog-Signature=29b9381f02e92ac8c0bd3342934a81734ba3ee4694b9b0f1a21d6a8c06fdc9f6368cdea909bd3bb9f5bc7ea1ca152106e96692eaaad9af63436b47cda6a176b9815c622a037017f774ab6bb2082c43c34fb634f9a13b94f3523a90b1dc4640ddd5b08d8b9feb4af9abd823b440c9e306fa4da1abb67892d0f9e1d538d2342cff671e733042cab92355e157822b5e21936c80b66e070a3aac92433180f2de3f440ea49401e6083683fad8fbc643041e6ac1296b87db3f38919331ee0281e6bbcb83982cf3b2d875c9333aa173bc8fe80291f8ea811eb6227eb375b2265999057a6433ed86cef56f158cab9e26fdcaffcf7d0a3122293794c4f89ca654b539a170 27916ms (cache miss)
1851 info run @zowe/secrets-for-zowe-sdk@8.0.0 install node_modules/@zowe/zos-ftp-for-zowe-cli/node_modules/@zowe/cli/node_modules/@zowe/secrets-for-zowe-sdk node scripts/prebuildCheck.js || npm run rebuild
1852 info run cpu-features@0.0.9 install node_modules/@zowe/zos-ftp-for-zowe-cli/node_modules/@zowe/cli/node_modules/cpu-features node buildcheck.js > buildcheck.gypi && node-gyp rebuild
1853 info run ssh2@1.15.0 install node_modules/@zowe/zos-ftp-for-zowe-cli/node_modules/@zowe/cli/node_modules/ssh2 node install.js
1854 info run @zowe/secrets-for-zowe-sdk@8.0.0 install { code: 0, signal: null }
1855 info run cpu-features@0.0.9 install { code: 1, signal: null }
1856 verbose reify failed optional dependency C:\Users\NicholasChien\Documents\VSCode4z-InstantPack-work\npm-cache\npm-tmp\node_modules\@zowe\zos-ftp-for-zowe-cli\node_modules\@zowe\cli\node_modules\cpu-features
1857 silly reify mark deleted [
1857 silly reify   'C:\\Users\\NicholasChien\\Documents\\VSCode4z-InstantPack-work\\npm-cache\\npm-tmp\\node_modules\\@zowe\\zos-ftp-for-zowe-cli\\node_modules\\@zowe\\cli\\node_modules\\cpu-features'
1857 silly reify ]
1858 verbose reify failed optional dependency C:\Users\NicholasChien\Documents\VSCode4z-InstantPack-work\npm-cache\npm-tmp\node_modules\@zowe\zos-ftp-for-zowe-cli\node_modules\@zowe\cli\node_modules\buildcheck
1859 silly reify mark deleted [
1859 silly reify   'C:\\Users\\NicholasChien\\Documents\\VSCode4z-InstantPack-work\\npm-cache\\npm-tmp\\node_modules\\@zowe\\zos-ftp-for-zowe-cli\\node_modules\\@zowe\\cli\\node_modules\\buildcheck'
1859 silly reify ]
1860 verbose reify failed optional dependency C:\Users\NicholasChien\Documents\VSCode4z-InstantPack-work\npm-cache\npm-tmp\node_modules\@zowe\zos-ftp-for-zowe-cli\node_modules\@zowe\cli\node_modules\nan
1861 silly reify mark deleted [
1861 silly reify   'C:\\Users\\NicholasChien\\Documents\\VSCode4z-InstantPack-work\\npm-cache\\npm-tmp\\node_modules\\@zowe\\zos-ftp-for-zowe-cli\\node_modules\\@zowe\\cli\\node_modules\\nan'
1861 silly reify ]
1862 info run ssh2@1.15.0 install { code: 0, signal: null }
1863 info run @zowe/cli@8.0.0 postinstall node_modules/@zowe/zos-ftp-for-zowe-cli/node_modules/@zowe/cli node ./scripts/validatePlugins && node ./scripts/printSuccessMessage
1864 info run @zowe/cli@8.0.0 postinstall { code: 0, signal: null }
1865 silly ADD node_modules/@zowe/zos-ftp-for-zowe-cli
1866 silly ADD node_modules/@zowe/zos-ftp-for-zowe-cli/node_modules/zos-node-accessor
1867 silly ADD node_modules/@zowe/zos-ftp-for-zowe-cli/node_modules/yocto-queue
1868 silly ADD node_modules/@zowe/zos-ftp-for-zowe-cli/node_modules/yargs-parser
1869 silly ADD node_modules/@zowe/zos-ftp-for-zowe-cli/node_modules/yargs
1870 silly ADD node_modules/@zowe/zos-ftp-for-zowe-cli/node_modules/yallist
1871 silly ADD node_modules/@zowe/zos-ftp-for-zowe-cli/node_modules/y18n
1872 silly ADD node_modules/@zowe/zos-ftp-for-zowe-cli/node_modules/xregexp
1873 silly ADD node_modules/@zowe/zos-ftp-for-zowe-cli/node_modules/xmlbuilder
1874 silly ADD node_modules/@zowe/zos-ftp-for-zowe-cli/node_modules/xml
1875 silly ADD node_modules/@zowe/zos-ftp-for-zowe-cli/node_modules/write-file-atomic
1876 silly ADD node_modules/@zowe/zos-ftp-for-zowe-cli/node_modules/wrappy
1877 silly ADD node_modules/@zowe/zos-ftp-for-zowe-cli/node_modules/wrap-ansi-cjs
1878 silly ADD node_modules/@zowe/zos-ftp-for-zowe-cli/node_modules/wrap-ansi
1879 silly ADD node_modules/@zowe/zos-ftp-for-zowe-cli/node_modules/word-wrap
1880 silly ADD node_modules/@zowe/zos-ftp-for-zowe-cli/node_modules/wontache
1881 silly ADD node_modules/@zowe/zos-ftp-for-zowe-cli/node_modules/which
1882 silly ADD node_modules/@zowe/zos-ftp-for-zowe-cli/node_modules/wcwidth
1883 silly ADD node_modules/@zowe/zos-ftp-for-zowe-cli/node_modules/walker
1884 silly ADD node_modules/@zowe/zos-ftp-for-zowe-cli/node_modules/walkdir
1885 silly ADD node_modules/@zowe/zos-ftp-for-zowe-cli/node_modules/vscode-textmate
1886 silly ADD node_modules/@zowe/zos-ftp-for-zowe-cli/node_modules/vscode-oniguruma
1887 silly ADD node_modules/@zowe/zos-ftp-for-zowe-cli/node_modules/validate-npm-package-name
1888 silly ADD node_modules/@zowe/zos-ftp-for-zowe-cli/node_modules/validate-npm-package-license
1889 silly ADD node_modules/@zowe/zos-ftp-for-zowe-cli/node_modules/v8-to-istanbul
1890 silly ADD node_modules/@zowe/zos-ftp-for-zowe-cli/node_modules/uuid
1891 silly ADD node_modules/@zowe/zos-ftp-for-zowe-cli/node_modules/util-deprecate
1892 silly ADD node_modules/@zowe/zos-ftp-for-zowe-cli/node_modules/uri-js
1893 silly ADD node_modules/@zowe/zos-ftp-for-zowe-cli/node_modules/update-browserslist-db
1894 silly ADD node_modules/@zowe/zos-ftp-for-zowe-cli/node_modules/universalify
1895 silly ADD node_modules/@zowe/zos-ftp-for-zowe-cli/node_modules/unique-slug
1896 silly ADD node_modules/@zowe/zos-ftp-for-zowe-cli/node_modules/unique-filename
1897 silly ADD node_modules/@zowe/zos-ftp-for-zowe-cli/node_modules/uniq
1898 silly ADD node_modules/@zowe/zos-ftp-for-zowe-cli/node_modules/undici-types
1899 silly ADD node_modules/@zowe/zos-ftp-for-zowe-cli/node_modules/underscore
1900 silly ADD node_modules/@zowe/zos-ftp-for-zowe-cli/node_modules/uc.micro
1901 silly ADD node_modules/@zowe/zos-ftp-for-zowe-cli/node_modules/typescript
1902 silly ADD node_modules/@zowe/zos-ftp-for-zowe-cli/node_modules/typedoc
1903 silly ADD node_modules/@zowe/zos-ftp-for-zowe-cli/node_modules/type-fest
1904 silly ADD node_modules/@zowe/zos-ftp-for-zowe-cli/node_modules/type-detect
1905 silly ADD node_modules/@zowe/zos-ftp-for-zowe-cli/node_modules/type-check
1906 silly ADD node_modules/@zowe/zos-ftp-for-zowe-cli/node_modules/tuf-js
1907 silly ADD node_modules/@zowe/zos-ftp-for-zowe-cli/node_modules/tsutils
1908 silly ADD node_modules/@zowe/zos-ftp-for-zowe-cli/node_modules/tslib
1909 silly ADD node_modules/@zowe/zos-ftp-for-zowe-cli/node_modules/tsconfig-paths
1910 silly ADD node_modules/@zowe/zos-ftp-for-zowe-cli/node_modules/tsconfig-paths/node_modules/strip-bom
1911 silly ADD node_modules/@zowe/zos-ftp-for-zowe-cli/node_modules/tsconfig-paths/node_modules/json5
1912 silly ADD node_modules/@zowe/zos-ftp-for-zowe-cli/node_modules/ts-jest
1913 silly ADD node_modules/@zowe/zos-ftp-for-zowe-cli/node_modules/ts-graphviz
1914 silly ADD node_modules/@zowe/zos-ftp-for-zowe-cli/node_modules/ts-api-utils
1915 silly ADD node_modules/@zowe/zos-ftp-for-zowe-cli/node_modules/to-regex-range
1916 silly ADD node_modules/@zowe/zos-ftp-for-zowe-cli/node_modules/to-fast-properties
1917 silly ADD node_modules/@zowe/zos-ftp-for-zowe-cli/node_modules/tmpl
1918 silly ADD node_modules/@zowe/zos-ftp-for-zowe-cli/node_modules/text-table
1919 silly ADD node_modules/@zowe/zos-ftp-for-zowe-cli/node_modules/test-exclude
1920 silly ADD node_modules/@zowe/zos-ftp-for-zowe-cli/node_modules/test-exclude/node_modules/minimatch
1921 silly ADD node_modules/@zowe/zos-ftp-for-zowe-cli/node_modules/test-exclude/node_modules/brace-expansion
1922 silly ADD node_modules/@zowe/zos-ftp-for-zowe-cli/node_modules/tar
1923 silly ADD node_modules/@zowe/zos-ftp-for-zowe-cli/node_modules/tar/node_modules/yallist
1924 silly ADD node_modules/@zowe/zos-ftp-for-zowe-cli/node_modules/tar/node_modules/minipass
1925 silly ADD node_modules/@zowe/zos-ftp-for-zowe-cli/node_modules/tar/node_modules/fs-minipass
1926 silly ADD node_modules/@zowe/zos-ftp-for-zowe-cli/node_modules/tar/node_modules/fs-minipass/node_modules/minipass
1927 silly ADD node_modules/@zowe/zos-ftp-for-zowe-cli/node_modules/tapable
1928 silly ADD node_modules/@zowe/zos-ftp-for-zowe-cli/node_modules/supports-preserve-symlinks-flag
1929 silly ADD node_modules/@zowe/zos-ftp-for-zowe-cli/node_modules/supports-color
1930 silly ADD node_modules/@zowe/zos-ftp-for-zowe-cli/node_modules/stylus-lookup
1931 silly ADD node_modules/@zowe/zos-ftp-for-zowe-cli/node_modules/stylus-lookup/node_modules/commander
1932 silly ADD node_modules/@zowe/zos-ftp-for-zowe-cli/node_modules/strip-json-comments
1933 silly ADD node_modules/@zowe/zos-ftp-for-zowe-cli/node_modules/strip-final-newline
1934 silly ADD node_modules/@zowe/zos-ftp-for-zowe-cli/node_modules/strip-bom
1935 silly ADD node_modules/@zowe/zos-ftp-for-zowe-cli/node_modules/strip-ansi-cjs
1936 silly ADD node_modules/@zowe/zos-ftp-for-zowe-cli/node_modules/strip-ansi
1937 silly ADD node_modules/@zowe/zos-ftp-for-zowe-cli/node_modules/stringify-object
1938 silly ADD node_modules/@zowe/zos-ftp-for-zowe-cli/node_modules/string-width-cjs
1939 silly ADD node_modules/@zowe/zos-ftp-for-zowe-cli/node_modules/string-width
1940 silly ADD node_modules/@zowe/zos-ftp-for-zowe-cli/node_modules/string-length
1941 silly ADD node_modules/@zowe/zos-ftp-for-zowe-cli/node_modules/string_decoder
1942 silly ADD node_modules/@zowe/zos-ftp-for-zowe-cli/node_modules/streamroller
1943 silly ADD node_modules/@zowe/zos-ftp-for-zowe-cli/node_modules/streamroller/node_modules/universalify
1944 silly ADD node_modules/@zowe/zos-ftp-for-zowe-cli/node_modules/streamroller/node_modules/jsonfile
1945 silly ADD node_modules/@zowe/zos-ftp-for-zowe-cli/node_modules/streamroller/node_modules/fs-extra
1946 silly ADD node_modules/@zowe/zos-ftp-for-zowe-cli/node_modules/stream-to-array
1947 silly ADD node_modules/@zowe/zos-ftp-for-zowe-cli/node_modules/stack-utils
1948 silly ADD node_modules/@zowe/zos-ftp-for-zowe-cli/node_modules/stack-utils/node_modules/escape-string-regexp
1949 silly ADD node_modules/@zowe/zos-ftp-for-zowe-cli/node_modules/stack-trace
1950 silly ADD node_modules/@zowe/zos-ftp-for-zowe-cli/node_modules/ssri
1951 silly ADD node_modules/@zowe/zos-ftp-for-zowe-cli/node_modules/sprintf-js
1952 silly ADD node_modules/@zowe/zos-ftp-for-zowe-cli/node_modules/spdx-license-ids
1953 silly ADD node_modules/@zowe/zos-ftp-for-zowe-cli/node_modules/spdx-expression-parse
1954 silly ADD node_modules/@zowe/zos-ftp-for-zowe-cli/node_modules/spdx-exceptions
1955 silly ADD node_modules/@zowe/zos-ftp-for-zowe-cli/node_modules/spdx-correct
1956 silly ADD node_modules/@zowe/zos-ftp-for-zowe-cli/node_modules/source-map-support
1957 silly ADD node_modules/@zowe/zos-ftp-for-zowe-cli/node_modules/source-map-js
1958 silly ADD node_modules/@zowe/zos-ftp-for-zowe-cli/node_modules/source-map
1959 silly ADD node_modules/@zowe/zos-ftp-for-zowe-cli/node_modules/socks-proxy-agent
1960 silly ADD node_modules/@zowe/zos-ftp-for-zowe-cli/node_modules/socks
1961 silly ADD node_modules/@zowe/zos-ftp-for-zowe-cli/node_modules/smart-buffer
1962 silly ADD node_modules/@zowe/zos-ftp-for-zowe-cli/node_modules/slash
1963 silly ADD node_modules/@zowe/zos-ftp-for-zowe-cli/node_modules/sisteransi
1964 silly ADD node_modules/@zowe/zos-ftp-for-zowe-cli/node_modules/sigstore
1965 silly ADD node_modules/@zowe/zos-ftp-for-zowe-cli/node_modules/signal-exit
1966 silly ADD node_modules/@zowe/zos-ftp-for-zowe-cli/node_modules/shiki
1967 silly ADD node_modules/@zowe/zos-ftp-for-zowe-cli/node_modules/shebang-regex
1968 silly ADD node_modules/@zowe/zos-ftp-for-zowe-cli/node_modules/shebang-command
1969 silly ADD node_modules/@zowe/zos-ftp-for-zowe-cli/node_modules/semver
1970 silly ADD node_modules/@zowe/zos-ftp-for-zowe-cli/node_modules/sass-lookup
1971 silly ADD node_modules/@zowe/zos-ftp-for-zowe-cli/node_modules/sass-lookup/node_modules/commander
1972 silly ADD node_modules/@zowe/zos-ftp-for-zowe-cli/node_modules/safer-buffer
1973 silly ADD node_modules/@zowe/zos-ftp-for-zowe-cli/node_modules/safe-buffer
1974 silly ADD node_modules/@zowe/zos-ftp-for-zowe-cli/node_modules/run-parallel
1975 silly ADD node_modules/@zowe/zos-ftp-for-zowe-cli/node_modules/rimraf
1976 silly ADD node_modules/@zowe/zos-ftp-for-zowe-cli/node_modules/rimraf/node_modules/glob
1977 silly ADD node_modules/@zowe/zos-ftp-for-zowe-cli/node_modules/rfdc
1978 silly ADD node_modules/@zowe/zos-ftp-for-zowe-cli/node_modules/reusify
1979 silly ADD node_modules/@zowe/zos-ftp-for-zowe-cli/node_modules/retry
1980 silly ADD node_modules/@zowe/zos-ftp-for-zowe-cli/node_modules/restore-cursor
1981 silly ADD node_modules/@zowe/zos-ftp-for-zowe-cli/node_modules/resolve.exports
1982 silly ADD node_modules/@zowe/zos-ftp-for-zowe-cli/node_modules/resolve-from
1983 silly ADD node_modules/@zowe/zos-ftp-for-zowe-cli/node_modules/resolve-dependency-path
1984 silly ADD node_modules/@zowe/zos-ftp-for-zowe-cli/node_modules/resolve-cwd
1985 silly ADD node_modules/@zowe/zos-ftp-for-zowe-cli/node_modules/resolve-cwd/node_modules/resolve-from
1986 silly ADD node_modules/@zowe/zos-ftp-for-zowe-cli/node_modules/resolve
1987 silly ADD node_modules/@zowe/zos-ftp-for-zowe-cli/node_modules/requirejs-config-file
1988 silly ADD node_modules/@zowe/zos-ftp-for-zowe-cli/node_modules/requirejs
1989 silly ADD node_modules/@zowe/zos-ftp-for-zowe-cli/node_modules/require-directory
1990 silly ADD node_modules/@zowe/zos-ftp-for-zowe-cli/node_modules/repeat-string
1991 silly ADD node_modules/@zowe/zos-ftp-for-zowe-cli/node_modules/readable-stream
1992 silly ADD node_modules/@zowe/zos-ftp-for-zowe-cli/node_modules/read
1993 silly ADD node_modules/@zowe/zos-ftp-for-zowe-cli/node_modules/react-is
1994 silly ADD node_modules/@zowe/zos-ftp-for-zowe-cli/node_modules/rc
1995 silly ADD node_modules/@zowe/zos-ftp-for-zowe-cli/node_modules/rc/node_modules/strip-json-comments
1996 silly ADD node_modules/@zowe/zos-ftp-for-zowe-cli/node_modules/rc/node_modules/ini
1997 silly ADD node_modules/@zowe/zos-ftp-for-zowe-cli/node_modules/quote-unquote
1998 silly ADD node_modules/@zowe/zos-ftp-for-zowe-cli/node_modules/queue-microtask
1999 silly ADD node_modules/@zowe/zos-ftp-for-zowe-cli/node_modules/q
2000 silly ADD node_modules/@zowe/zos-ftp-for-zowe-cli/node_modules/pure-rand
2001 silly ADD node_modules/@zowe/zos-ftp-for-zowe-cli/node_modules/punycode.js
2002 silly ADD node_modules/@zowe/zos-ftp-for-zowe-cli/node_modules/punycode
2003 silly ADD node_modules/@zowe/zos-ftp-for-zowe-cli/node_modules/prompts
2004 silly ADD node_modules/@zowe/zos-ftp-for-zowe-cli/node_modules/promise-retry
2005 silly ADD node_modules/@zowe/zos-ftp-for-zowe-cli/node_modules/promise-inflight
2006 silly ADD node_modules/@zowe/zos-ftp-for-zowe-cli/node_modules/progress
2007 silly ADD node_modules/@zowe/zos-ftp-for-zowe-cli/node_modules/proc-log
2008 silly ADD node_modules/@zowe/zos-ftp-for-zowe-cli/node_modules/prettyjson
2009 silly ADD node_modules/@zowe/zos-ftp-for-zowe-cli/node_modules/pretty-ms
2010 silly ADD node_modules/@zowe/zos-ftp-for-zowe-cli/node_modules/pretty-format
2011 silly ADD node_modules/@zowe/zos-ftp-for-zowe-cli/node_modules/pretty-format/node_modules/ansi-styles
2012 silly ADD node_modules/@zowe/zos-ftp-for-zowe-cli/node_modules/prelude-ls
2013 silly ADD node_modules/@zowe/zos-ftp-for-zowe-cli/node_modules/precinct
2014 silly ADD node_modules/@zowe/zos-ftp-for-zowe-cli/node_modules/precinct/node_modules/typescript
2015 silly ADD node_modules/@zowe/zos-ftp-for-zowe-cli/node_modules/precinct/node_modules/postcss-values-parser
2016 silly ADD node_modules/@zowe/zos-ftp-for-zowe-cli/node_modules/precinct/node_modules/node-source-walk
2017 silly ADD node_modules/@zowe/zos-ftp-for-zowe-cli/node_modules/precinct/node_modules/get-amd-module-type
2018 silly ADD node_modules/@zowe/zos-ftp-for-zowe-cli/node_modules/precinct/node_modules/eslint-visitor-keys
2019 silly ADD node_modules/@zowe/zos-ftp-for-zowe-cli/node_modules/precinct/node_modules/detective-typescript
2020 silly ADD node_modules/@zowe/zos-ftp-for-zowe-cli/node_modules/precinct/node_modules/detective-typescript/node_modules/ast-module-types
2021 silly ADD node_modules/@zowe/zos-ftp-for-zowe-cli/node_modules/precinct/node_modules/detective-stylus
2022 silly ADD node_modules/@zowe/zos-ftp-for-zowe-cli/node_modules/precinct/node_modules/detective-scss
2023 silly ADD node_modules/@zowe/zos-ftp-for-zowe-cli/node_modules/precinct/node_modules/detective-sass
2024 silly ADD node_modules/@zowe/zos-ftp-for-zowe-cli/node_modules/precinct/node_modules/detective-postcss
2025 silly ADD node_modules/@zowe/zos-ftp-for-zowe-cli/node_modules/precinct/node_modules/detective-es6
2026 silly ADD node_modules/@zowe/zos-ftp-for-zowe-cli/node_modules/precinct/node_modules/detective-cjs
2027 silly ADD node_modules/@zowe/zos-ftp-for-zowe-cli/node_modules/precinct/node_modules/detective-amd
2028 silly ADD node_modules/@zowe/zos-ftp-for-zowe-cli/node_modules/precinct/node_modules/commander
2029 silly ADD node_modules/@zowe/zos-ftp-for-zowe-cli/node_modules/precinct/node_modules/ast-module-types
2030 silly ADD node_modules/@zowe/zos-ftp-for-zowe-cli/node_modules/precinct/node_modules/@typescript-eslint/visitor-keys
2031 silly ADD node_modules/@zowe/zos-ftp-for-zowe-cli/node_modules/precinct/node_modules/@typescript-eslint/typescript-estree
2032 silly ADD node_modules/@zowe/zos-ftp-for-zowe-cli/node_modules/precinct/node_modules/@typescript-eslint/types
2033 silly ADD node_modules/@zowe/zos-ftp-for-zowe-cli/node_modules/postcss-values-parser
2034 silly ADD node_modules/@zowe/zos-ftp-for-zowe-cli/node_modules/postcss
2035 silly ADD node_modules/@zowe/zos-ftp-for-zowe-cli/node_modules/popper.js
2036 silly ADD node_modules/@zowe/zos-ftp-for-zowe-cli/node_modules/pluralize
2037 silly ADD node_modules/@zowe/zos-ftp-for-zowe-cli/node_modules/pkg-up
2038 silly ADD node_modules/@zowe/zos-ftp-for-zowe-cli/node_modules/pkg-up/node_modules/path-exists
2039 silly ADD node_modules/@zowe/zos-ftp-for-zowe-cli/node_modules/pkg-up/node_modules/p-locate
2040 silly ADD node_modules/@zowe/zos-ftp-for-zowe-cli/node_modules/pkg-up/node_modules/p-limit
2041 silly ADD node_modules/@zowe/zos-ftp-for-zowe-cli/node_modules/pkg-up/node_modules/locate-path
2042 silly ADD node_modules/@zowe/zos-ftp-for-zowe-cli/node_modules/pkg-up/node_modules/find-up
2043 silly ADD node_modules/@zowe/zos-ftp-for-zowe-cli/node_modules/pkg-dir
2044 silly ADD node_modules/@zowe/zos-ftp-for-zowe-cli/node_modules/pkg-dir/node_modules/p-locate
2045 silly ADD node_modules/@zowe/zos-ftp-for-zowe-cli/node_modules/pkg-dir/node_modules/p-limit
2046 silly ADD node_modules/@zowe/zos-ftp-for-zowe-cli/node_modules/pkg-dir/node_modules/locate-path
2047 silly ADD node_modules/@zowe/zos-ftp-for-zowe-cli/node_modules/pkg-dir/node_modules/find-up
2048 silly ADD node_modules/@zowe/zos-ftp-for-zowe-cli/node_modules/pirates
2049 silly ADD node_modules/@zowe/zos-ftp-for-zowe-cli/node_modules/picomatch
2050 silly ADD node_modules/@zowe/zos-ftp-for-zowe-cli/node_modules/picocolors
2051 silly ADD node_modules/@zowe/zos-ftp-for-zowe-cli/node_modules/path-type
2052 silly ADD node_modules/@zowe/zos-ftp-for-zowe-cli/node_modules/path-scurry
2053 silly ADD node_modules/@zowe/zos-ftp-for-zowe-cli/node_modules/path-scurry/node_modules/lru-cache
2054 silly ADD node_modules/@zowe/zos-ftp-for-zowe-cli/node_modules/path-parse
2055 silly ADD node_modules/@zowe/zos-ftp-for-zowe-cli/node_modules/path-key
2056 silly ADD node_modules/@zowe/zos-ftp-for-zowe-cli/node_modules/path-is-absolute
2057 silly ADD node_modules/@zowe/zos-ftp-for-zowe-cli/node_modules/path-exists
2058 silly ADD node_modules/@zowe/zos-ftp-for-zowe-cli/node_modules/parse-ms
2059 silly ADD node_modules/@zowe/zos-ftp-for-zowe-cli/node_modules/parse-json
2060 silly ADD node_modules/@zowe/zos-ftp-for-zowe-cli/node_modules/parse-json/node_modules/json-parse-even-better-errors
2061 silly ADD node_modules/@zowe/zos-ftp-for-zowe-cli/node_modules/parent-module
2062 silly ADD node_modules/@zowe/zos-ftp-for-zowe-cli/node_modules/pacote
2063 silly ADD node_modules/@zowe/zos-ftp-for-zowe-cli/node_modules/package-json-from-dist
2064 silly ADD node_modules/@zowe/zos-ftp-for-zowe-cli/node_modules/p-try
2065 silly ADD node_modules/@zowe/zos-ftp-for-zowe-cli/node_modules/p-map
2066 silly ADD node_modules/@zowe/zos-ftp-for-zowe-cli/node_modules/p-locate
2067 silly ADD node_modules/@zowe/zos-ftp-for-zowe-cli/node_modules/p-limit
2068 silly ADD node_modules/@zowe/zos-ftp-for-zowe-cli/node_modules/ora
2069 silly ADD node_modules/@zowe/zos-ftp-for-zowe-cli/node_modules/optionator
2070 silly ADD node_modules/@zowe/zos-ftp-for-zowe-cli/node_modules/opener
2071 silly ADD node_modules/@zowe/zos-ftp-for-zowe-cli/node_modules/onetime
2072 silly ADD node_modules/@zowe/zos-ftp-for-zowe-cli/node_modules/once
2073 silly ADD node_modules/@zowe/zos-ftp-for-zowe-cli/node_modules/npm-run-path
2074 silly ADD node_modules/@zowe/zos-ftp-for-zowe-cli/node_modules/npm-registry-fetch
2075 silly ADD node_modules/@zowe/zos-ftp-for-zowe-cli/node_modules/npm-pick-manifest
2076 silly ADD node_modules/@zowe/zos-ftp-for-zowe-cli/node_modules/npm-packlist
2077 silly ADD node_modules/@zowe/zos-ftp-for-zowe-cli/node_modules/npm-package-arg
2078 silly ADD node_modules/@zowe/zos-ftp-for-zowe-cli/node_modules/npm-normalize-package-bin
2079 silly ADD node_modules/@zowe/zos-ftp-for-zowe-cli/node_modules/npm-install-checks
2080 silly ADD node_modules/@zowe/zos-ftp-for-zowe-cli/node_modules/npm-bundled
2081 silly ADD node_modules/@zowe/zos-ftp-for-zowe-cli/node_modules/normalize-path
2082 silly ADD node_modules/@zowe/zos-ftp-for-zowe-cli/node_modules/normalize-package-data
2083 silly ADD node_modules/@zowe/zos-ftp-for-zowe-cli/node_modules/nopt
2084 silly ADD node_modules/@zowe/zos-ftp-for-zowe-cli/node_modules/node-source-walk
2085 silly ADD node_modules/@zowe/zos-ftp-for-zowe-cli/node_modules/node-releases
2086 silly ADD node_modules/@zowe/zos-ftp-for-zowe-cli/node_modules/node-int64
2087 silly ADD node_modules/@zowe/zos-ftp-for-zowe-cli/node_modules/node-gyp
2088 silly ADD node_modules/@zowe/zos-ftp-for-zowe-cli/node_modules/node-gyp/node_modules/glob
2089 silly ADD node_modules/@zowe/zos-ftp-for-zowe-cli/node_modules/negotiator
2090 silly ADD node_modules/@zowe/zos-ftp-for-zowe-cli/node_modules/natural-compare
2091 silly ADD node_modules/@zowe/zos-ftp-for-zowe-cli/node_modules/nanoid
2092 silly ADD node_modules/@zowe/zos-ftp-for-zowe-cli/node_modules/mute-stream
2093 silly ADD node_modules/@zowe/zos-ftp-for-zowe-cli/node_modules/mustache
2094 silly ADD node_modules/@zowe/zos-ftp-for-zowe-cli/node_modules/ms
2095 silly ADD node_modules/@zowe/zos-ftp-for-zowe-cli/node_modules/moment
2096 silly ADD node_modules/@zowe/zos-ftp-for-zowe-cli/node_modules/module-lookup-amd
2097 silly ADD node_modules/@zowe/zos-ftp-for-zowe-cli/node_modules/module-lookup-amd/node_modules/commander
2098 silly ADD node_modules/@zowe/zos-ftp-for-zowe-cli/node_modules/module-definition
2099 silly ADD node_modules/@zowe/zos-ftp-for-zowe-cli/node_modules/module-definition/node_modules/node-source-walk
2100 silly ADD node_modules/@zowe/zos-ftp-for-zowe-cli/node_modules/module-definition/node_modules/ast-module-types
2101 silly ADD node_modules/@zowe/zos-ftp-for-zowe-cli/node_modules/mkdirp
2102 silly ADD node_modules/@zowe/zos-ftp-for-zowe-cli/node_modules/minizlib
2103 silly ADD node_modules/@zowe/zos-ftp-for-zowe-cli/node_modules/minizlib/node_modules/yallist
2104 silly ADD node_modules/@zowe/zos-ftp-for-zowe-cli/node_modules/minizlib/node_modules/minipass
2105 silly ADD node_modules/@zowe/zos-ftp-for-zowe-cli/node_modules/minipass-sized
2106 silly ADD node_modules/@zowe/zos-ftp-for-zowe-cli/node_modules/minipass-sized/node_modules/yallist
2107 silly ADD node_modules/@zowe/zos-ftp-for-zowe-cli/node_modules/minipass-sized/node_modules/minipass
2108 silly ADD node_modules/@zowe/zos-ftp-for-zowe-cli/node_modules/minipass-pipeline
2109 silly ADD node_modules/@zowe/zos-ftp-for-zowe-cli/node_modules/minipass-pipeline/node_modules/yallist
2110 silly ADD node_modules/@zowe/zos-ftp-for-zowe-cli/node_modules/minipass-pipeline/node_modules/minipass
2111 silly ADD node_modules/@zowe/zos-ftp-for-zowe-cli/node_modules/minipass-flush
2112 silly ADD node_modules/@zowe/zos-ftp-for-zowe-cli/node_modules/minipass-flush/node_modules/yallist
2113 silly ADD node_modules/@zowe/zos-ftp-for-zowe-cli/node_modules/minipass-flush/node_modules/minipass
2114 silly ADD node_modules/@zowe/zos-ftp-for-zowe-cli/node_modules/minipass-fetch
2115 silly ADD node_modules/@zowe/zos-ftp-for-zowe-cli/node_modules/minipass-collect
2116 silly ADD node_modules/@zowe/zos-ftp-for-zowe-cli/node_modules/minipass
2117 silly ADD node_modules/@zowe/zos-ftp-for-zowe-cli/node_modules/minimist
2118 silly ADD node_modules/@zowe/zos-ftp-for-zowe-cli/node_modules/minimatch
2119 silly ADD node_modules/@zowe/zos-ftp-for-zowe-cli/node_modules/mimic-fn
2120 silly ADD node_modules/@zowe/zos-ftp-for-zowe-cli/node_modules/micromatch
2121 silly ADD node_modules/@zowe/zos-ftp-for-zowe-cli/node_modules/merge2
2122 silly ADD node_modules/@zowe/zos-ftp-for-zowe-cli/node_modules/merge-stream
2123 silly ADD node_modules/@zowe/zos-ftp-for-zowe-cli/node_modules/mdurl
2124 silly ADD node_modules/@zowe/zos-ftp-for-zowe-cli/node_modules/marked
2125 silly ADD node_modules/@zowe/zos-ftp-for-zowe-cli/node_modules/markdown-it
2126 silly ADD node_modules/@zowe/zos-ftp-for-zowe-cli/node_modules/makeerror
2127 silly ADD node_modules/@zowe/zos-ftp-for-zowe-cli/node_modules/make-fetch-happen
2128 silly ADD node_modules/@zowe/zos-ftp-for-zowe-cli/node_modules/make-error
2129 silly ADD node_modules/@zowe/zos-ftp-for-zowe-cli/node_modules/make-dir
2130 silly ADD node_modules/@zowe/zos-ftp-for-zowe-cli/node_modules/madge
2131 silly ADD node_modules/@zowe/zos-ftp-for-zowe-cli/node_modules/madge/node_modules/commander
2132 silly ADD node_modules/@zowe/zos-ftp-for-zowe-cli/node_modules/lunr
2133 silly ADD node_modules/@zowe/zos-ftp-for-zowe-cli/node_modules/lru-cache
2134 silly ADD node_modules/@zowe/zos-ftp-for-zowe-cli/node_modules/log4js
2135 silly ADD node_modules/@zowe/zos-ftp-for-zowe-cli/node_modules/log-symbols
2136 silly ADD node_modules/@zowe/zos-ftp-for-zowe-cli/node_modules/lodash.merge
2137 silly ADD node_modules/@zowe/zos-ftp-for-zowe-cli/node_modules/lodash.memoize
2138 silly ADD node_modules/@zowe/zos-ftp-for-zowe-cli/node_modules/lodash-deep
2139 silly ADD node_modules/@zowe/zos-ftp-for-zowe-cli/node_modules/lodash
2140 silly ADD node_modules/@zowe/zos-ftp-for-zowe-cli/node_modules/locate-path
2141 silly ADD node_modules/@zowe/zos-ftp-for-zowe-cli/node_modules/linkify-it
2142 silly ADD node_modules/@zowe/zos-ftp-for-zowe-cli/node_modules/lines-and-columns
2143 silly ADD node_modules/@zowe/zos-ftp-for-zowe-cli/node_modules/levn
2144 silly ADD node_modules/@zowe/zos-ftp-for-zowe-cli/node_modules/leven
2145 silly ADD node_modules/@zowe/zos-ftp-for-zowe-cli/node_modules/kleur
2146 silly ADD node_modules/@zowe/zos-ftp-for-zowe-cli/node_modules/keyv
2147 silly ADD node_modules/@zowe/zos-ftp-for-zowe-cli/node_modules/jsonschema
2148 silly ADD node_modules/@zowe/zos-ftp-for-zowe-cli/node_modules/jsonparse
2149 silly ADD node_modules/@zowe/zos-ftp-for-zowe-cli/node_modules/jsonfile
2150 silly ADD node_modules/@zowe/zos-ftp-for-zowe-cli/node_modules/jsonc-parser
2151 silly ADD node_modules/@zowe/zos-ftp-for-zowe-cli/node_modules/json5
2152 silly ADD node_modules/@zowe/zos-ftp-for-zowe-cli/node_modules/json-stable-stringify-without-jsonify
2153 silly ADD node_modules/@zowe/zos-ftp-for-zowe-cli/node_modules/json-schema-traverse
2154 silly ADD node_modules/@zowe/zos-ftp-for-zowe-cli/node_modules/json-parse-even-better-errors
2155 silly ADD node_modules/@zowe/zos-ftp-for-zowe-cli/node_modules/json-buffer
2156 silly ADD node_modules/@zowe/zos-ftp-for-zowe-cli/node_modules/jsesc
2157 silly ADD node_modules/@zowe/zos-ftp-for-zowe-cli/node_modules/jsbn
2158 silly ADD node_modules/@zowe/zos-ftp-for-zowe-cli/node_modules/js-yaml
2159 silly ADD node_modules/@zowe/zos-ftp-for-zowe-cli/node_modules/js-tokens
2160 silly ADD node_modules/@zowe/zos-ftp-for-zowe-cli/node_modules/jquery
2161 silly ADD node_modules/@zowe/zos-ftp-for-zowe-cli/node_modules/jest-worker
2162 silly ADD node_modules/@zowe/zos-ftp-for-zowe-cli/node_modules/jest-worker/node_modules/supports-color
2163 silly ADD node_modules/@zowe/zos-ftp-for-zowe-cli/node_modules/jest-watcher
2164 silly ADD node_modules/@zowe/zos-ftp-for-zowe-cli/node_modules/jest-validate
2165 silly ADD node_modules/@zowe/zos-ftp-for-zowe-cli/node_modules/jest-validate/node_modules/camelcase
2166 silly ADD node_modules/@zowe/zos-ftp-for-zowe-cli/node_modules/jest-util
2167 silly ADD node_modules/@zowe/zos-ftp-for-zowe-cli/node_modules/jest-stare
2168 silly ADD node_modules/@zowe/zos-ftp-for-zowe-cli/node_modules/jest-stare/node_modules/highlight.js
2169 silly ADD node_modules/@zowe/zos-ftp-for-zowe-cli/node_modules/jest-stare/node_modules/diff2html
2170 silly ADD node_modules/@zowe/zos-ftp-for-zowe-cli/node_modules/jest-stare/node_modules/diff
2171 silly ADD node_modules/@zowe/zos-ftp-for-zowe-cli/node_modules/jest-snapshot
2172 silly ADD node_modules/@zowe/zos-ftp-for-zowe-cli/node_modules/jest-runtime
2173 silly ADD node_modules/@zowe/zos-ftp-for-zowe-cli/node_modules/jest-runner
2174 silly ADD node_modules/@zowe/zos-ftp-for-zowe-cli/node_modules/jest-resolve-dependencies
2175 silly ADD node_modules/@zowe/zos-ftp-for-zowe-cli/node_modules/jest-resolve
2176 silly ADD node_modules/@zowe/zos-ftp-for-zowe-cli/node_modules/jest-regex-util
2177 silly ADD node_modules/@zowe/zos-ftp-for-zowe-cli/node_modules/jest-pnp-resolver
2178 silly ADD node_modules/@zowe/zos-ftp-for-zowe-cli/node_modules/jest-mock
2179 silly ADD node_modules/@zowe/zos-ftp-for-zowe-cli/node_modules/jest-message-util
2180 silly ADD node_modules/@zowe/zos-ftp-for-zowe-cli/node_modules/jest-matcher-utils
2181 silly ADD node_modules/@zowe/zos-ftp-for-zowe-cli/node_modules/jest-leak-detector
2182 silly ADD node_modules/@zowe/zos-ftp-for-zowe-cli/node_modules/jest-junit
2183 silly ADD node_modules/@zowe/zos-ftp-for-zowe-cli/node_modules/jest-junit/node_modules/uuid
2184 silly ADD node_modules/@zowe/zos-ftp-for-zowe-cli/node_modules/jest-html-reporter
2185 silly ADD node_modules/@zowe/zos-ftp-for-zowe-cli/node_modules/jest-haste-map
2186 silly ADD node_modules/@zowe/zos-ftp-for-zowe-cli/node_modules/jest-get-type
2187 silly ADD node_modules/@zowe/zos-ftp-for-zowe-cli/node_modules/jest-environment-node-debug
2188 silly ADD node_modules/@zowe/zos-ftp-for-zowe-cli/node_modules/jest-environment-node
2189 silly ADD node_modules/@zowe/zos-ftp-for-zowe-cli/node_modules/jest-each
2190 silly ADD node_modules/@zowe/zos-ftp-for-zowe-cli/node_modules/jest-docblock
2191 silly ADD node_modules/@zowe/zos-ftp-for-zowe-cli/node_modules/jest-diff
2192 silly ADD node_modules/@zowe/zos-ftp-for-zowe-cli/node_modules/jest-config
2193 silly ADD node_modules/@zowe/zos-ftp-for-zowe-cli/node_modules/jest-cli
2194 silly ADD node_modules/@zowe/zos-ftp-for-zowe-cli/node_modules/jest-circus
2195 silly ADD node_modules/@zowe/zos-ftp-for-zowe-cli/node_modules/jest-changed-files
2196 silly ADD node_modules/@zowe/zos-ftp-for-zowe-cli/node_modules/jest
2197 silly ADD node_modules/@zowe/zos-ftp-for-zowe-cli/node_modules/jake
2198 silly ADD node_modules/@zowe/zos-ftp-for-zowe-cli/node_modules/jake/node_modules/minimatch
2199 silly ADD node_modules/@zowe/zos-ftp-for-zowe-cli/node_modules/jake/node_modules/brace-expansion
2200 silly ADD node_modules/@zowe/zos-ftp-for-zowe-cli/node_modules/jackspeak
2201 silly ADD node_modules/@zowe/zos-ftp-for-zowe-cli/node_modules/istanbul-reports
2202 silly ADD node_modules/@zowe/zos-ftp-for-zowe-cli/node_modules/istanbul-lib-source-maps
2203 silly ADD node_modules/@zowe/zos-ftp-for-zowe-cli/node_modules/istanbul-lib-report
2204 silly ADD node_modules/@zowe/zos-ftp-for-zowe-cli/node_modules/istanbul-lib-instrument
2205 silly ADD node_modules/@zowe/zos-ftp-for-zowe-cli/node_modules/istanbul-lib-coverage
2206 silly ADD node_modules/@zowe/zos-ftp-for-zowe-cli/node_modules/isexe
2207 silly ADD node_modules/@zowe/zos-ftp-for-zowe-cli/node_modules/isarray
2208 silly ADD node_modules/@zowe/zos-ftp-for-zowe-cli/node_modules/is-url-superb
2209 silly ADD node_modules/@zowe/zos-ftp-for-zowe-cli/node_modules/is-url
2210 silly ADD node_modules/@zowe/zos-ftp-for-zowe-cli/node_modules/is-unicode-supported
2211 silly ADD node_modules/@zowe/zos-ftp-for-zowe-cli/node_modules/is-stream
2212 silly ADD node_modules/@zowe/zos-ftp-for-zowe-cli/node_modules/is-relative-path
2213 silly ADD node_modules/@zowe/zos-ftp-for-zowe-cli/node_modules/is-regexp
2214 silly ADD node_modules/@zowe/zos-ftp-for-zowe-cli/node_modules/is-path-inside
2215 silly ADD node_modules/@zowe/zos-ftp-for-zowe-cli/node_modules/is-obj
2216 silly ADD node_modules/@zowe/zos-ftp-for-zowe-cli/node_modules/is-number
2217 silly ADD node_modules/@zowe/zos-ftp-for-zowe-cli/node_modules/is-lambda
2218 silly ADD node_modules/@zowe/zos-ftp-for-zowe-cli/node_modules/is-interactive
2219 silly ADD node_modules/@zowe/zos-ftp-for-zowe-cli/node_modules/is-glob
2220 silly ADD node_modules/@zowe/zos-ftp-for-zowe-cli/node_modules/is-generator-fn
2221 silly ADD node_modules/@zowe/zos-ftp-for-zowe-cli/node_modules/is-fullwidth-code-point
2222 silly ADD node_modules/@zowe/zos-ftp-for-zowe-cli/node_modules/is-extglob
2223 silly ADD node_modules/@zowe/zos-ftp-for-zowe-cli/node_modules/is-core-module
2224 silly ADD node_modules/@zowe/zos-ftp-for-zowe-cli/node_modules/is-arrayish
2225 silly ADD node_modules/@zowe/zos-ftp-for-zowe-cli/node_modules/ip-address
2226 silly ADD node_modules/@zowe/zos-ftp-for-zowe-cli/node_modules/ini
2227 silly ADD node_modules/@zowe/zos-ftp-for-zowe-cli/node_modules/inherits
2228 silly ADD node_modules/@zowe/zos-ftp-for-zowe-cli/node_modules/inflight
2229 silly ADD node_modules/@zowe/zos-ftp-for-zowe-cli/node_modules/indexes-of
2230 silly ADD node_modules/@zowe/zos-ftp-for-zowe-cli/node_modules/indent-string
2231 silly ADD node_modules/@zowe/zos-ftp-for-zowe-cli/node_modules/imurmurhash
2232 silly ADD node_modules/@zowe/zos-ftp-for-zowe-cli/node_modules/import-local
2233 silly ADD node_modules/@zowe/zos-ftp-for-zowe-cli/node_modules/import-fresh
2234 silly ADD node_modules/@zowe/zos-ftp-for-zowe-cli/node_modules/ignore-walk
2235 silly ADD node_modules/@zowe/zos-ftp-for-zowe-cli/node_modules/ignore
2236 silly ADD node_modules/@zowe/zos-ftp-for-zowe-cli/node_modules/ieee754
2237 silly ADD node_modules/@zowe/zos-ftp-for-zowe-cli/node_modules/iconv-lite
2238 silly ADD node_modules/@zowe/zos-ftp-for-zowe-cli/node_modules/human-signals
2239 silly ADD node_modules/@zowe/zos-ftp-for-zowe-cli/node_modules/https-proxy-agent
2240 silly ADD node_modules/@zowe/zos-ftp-for-zowe-cli/node_modules/http-proxy-agent
2241 silly ADD node_modules/@zowe/zos-ftp-for-zowe-cli/node_modules/http-cache-semantics
2242 silly ADD node_modules/@zowe/zos-ftp-for-zowe-cli/node_modules/html-escaper
2243 silly ADD node_modules/@zowe/zos-ftp-for-zowe-cli/node_modules/hosted-git-info
2244 silly ADD node_modules/@zowe/zos-ftp-for-zowe-cli/node_modules/hosted-git-info/node_modules/lru-cache
2245 silly ADD node_modules/@zowe/zos-ftp-for-zowe-cli/node_modules/holderjs
2246 silly ADD node_modules/@zowe/zos-ftp-for-zowe-cli/node_modules/hogan.js
2247 silly ADD node_modules/@zowe/zos-ftp-for-zowe-cli/node_modules/hogan.js/node_modules/nopt
2248 silly ADD node_modules/@zowe/zos-ftp-for-zowe-cli/node_modules/hogan.js/node_modules/mkdirp
2249 silly ADD node_modules/@zowe/zos-ftp-for-zowe-cli/node_modules/hogan.js/node_modules/abbrev
2250 silly ADD node_modules/@zowe/zos-ftp-for-zowe-cli/node_modules/highlight.js
2251 silly ADD node_modules/@zowe/zos-ftp-for-zowe-cli/node_modules/hasown
2252 silly ADD node_modules/@zowe/zos-ftp-for-zowe-cli/node_modules/has-own-prop
2253 silly ADD node_modules/@zowe/zos-ftp-for-zowe-cli/node_modules/has-flag
2254 silly ADD node_modules/@zowe/zos-ftp-for-zowe-cli/node_modules/graphemer
2255 silly ADD node_modules/@zowe/zos-ftp-for-zowe-cli/node_modules/graceful-fs
2256 silly ADD node_modules/@zowe/zos-ftp-for-zowe-cli/node_modules/gonzales-pe
2257 silly ADD node_modules/@zowe/zos-ftp-for-zowe-cli/node_modules/globby
2258 silly ADD node_modules/@zowe/zos-ftp-for-zowe-cli/node_modules/globals
2259 silly ADD node_modules/@zowe/zos-ftp-for-zowe-cli/node_modules/glob-parent
2260 silly ADD node_modules/@zowe/zos-ftp-for-zowe-cli/node_modules/glob
2261 silly ADD node_modules/@zowe/zos-ftp-for-zowe-cli/node_modules/glob/node_modules/minimatch
2262 silly ADD node_modules/@zowe/zos-ftp-for-zowe-cli/node_modules/glob/node_modules/brace-expansion
2263 silly ADD node_modules/@zowe/zos-ftp-for-zowe-cli/node_modules/get-stream
2264 silly ADD node_modules/@zowe/zos-ftp-for-zowe-cli/node_modules/get-package-type
2265 silly ADD node_modules/@zowe/zos-ftp-for-zowe-cli/node_modules/get-own-enumerable-property-symbols
2266 silly ADD node_modules/@zowe/zos-ftp-for-zowe-cli/node_modules/get-caller-file
2267 silly ADD node_modules/@zowe/zos-ftp-for-zowe-cli/node_modules/get-amd-module-type
2268 silly ADD node_modules/@zowe/zos-ftp-for-zowe-cli/node_modules/gensync
2269 silly ADD node_modules/@zowe/zos-ftp-for-zowe-cli/node_modules/function-bind
2270 silly ADD node_modules/@zowe/zos-ftp-for-zowe-cli/node_modules/ftp4
2271 silly ADD node_modules/@zowe/zos-ftp-for-zowe-cli/node_modules/ftp4/node_modules/string_decoder
2272 silly ADD node_modules/@zowe/zos-ftp-for-zowe-cli/node_modules/ftp4/node_modules/readable-stream
2273 silly ADD
2274 silly ADD node_modules/@zowe/zos-ftp-for-zowe-cli/node_modules/fs.realpath
2275 silly ADD node_modules/@zowe/zos-ftp-for-zowe-cli/node_modules/fs-minipass
2276 silly ADD node_modules/@zowe/zos-ftp-for-zowe-cli/node_modules/fs-extra
2277 silly ADD node_modules/@zowe/zos-ftp-for-zowe-cli/node_modules/foreground-child
2278 silly ADD node_modules/@zowe/zos-ftp-for-zowe-cli/node_modules/foreground-child/node_modules/signal-exit
2279 silly ADD node_modules/@zowe/zos-ftp-for-zowe-cli/node_modules/flatten
2280 silly ADD node_modules/@zowe/zos-ftp-for-zowe-cli/node_modules/flatted
2281 silly ADD node_modules/@zowe/zos-ftp-for-zowe-cli/node_modules/flat-cache
2282 silly ADD node_modules/@zowe/zos-ftp-for-zowe-cli/node_modules/flat-cache/node_modules/rimraf
2283 silly ADD node_modules/@zowe/zos-ftp-for-zowe-cli/node_modules/find-up
2284 silly ADD node_modules/@zowe/zos-ftp-for-zowe-cli/node_modules/fill-range
2285 silly ADD node_modules/@zowe/zos-ftp-for-zowe-cli/node_modules/filing-cabinet
2286 silly ADD node_modules/@zowe/zos-ftp-for-zowe-cli/node_modules/filing-cabinet/node_modules/typescript
2287 silly ADD node_modules/@zowe/zos-ftp-for-zowe-cli/node_modules/filing-cabinet/node_modules/commander
2288 silly ADD node_modules/@zowe/zos-ftp-for-zowe-cli/node_modules/filelist
2289 silly ADD node_modules/@zowe/zos-ftp-for-zowe-cli/node_modules/filelist/node_modules/minimatch
2290 silly ADD node_modules/@zowe/zos-ftp-for-zowe-cli/node_modules/file-entry-cache
2291 silly ADD node_modules/@zowe/zos-ftp-for-zowe-cli/node_modules/fb-watchman
2292 silly ADD node_modules/@zowe/zos-ftp-for-zowe-cli/node_modules/fastq
2293 silly ADD node_modules/@zowe/zos-ftp-for-zowe-cli/node_modules/fastest-levenshtein
2294 silly ADD node_modules/@zowe/zos-ftp-for-zowe-cli/node_modules/fast-levenshtein
2295 silly ADD node_modules/@zowe/zos-ftp-for-zowe-cli/node_modules/fast-json-stable-stringify
2296 silly ADD node_modules/@zowe/zos-ftp-for-zowe-cli/node_modules/fast-glob
2297 silly ADD node_modules/@zowe/zos-ftp-for-zowe-cli/node_modules/fast-glob/node_modules/glob-parent
2298 silly ADD node_modules/@zowe/zos-ftp-for-zowe-cli/node_modules/fast-deep-equal
2299 silly ADD node_modules/@zowe/zos-ftp-for-zowe-cli/node_modules/exponential-backoff
2300 silly ADD node_modules/@zowe/zos-ftp-for-zowe-cli/node_modules/expect
2301 silly ADD node_modules/@zowe/zos-ftp-for-zowe-cli/node_modules/exit
2302 silly ADD node_modules/@zowe/zos-ftp-for-zowe-cli/node_modules/execa
2303 silly ADD node_modules/@zowe/zos-ftp-for-zowe-cli/node_modules/esutils
2304 silly ADD node_modules/@zowe/zos-ftp-for-zowe-cli/node_modules/estraverse
2305 silly ADD node_modules/@zowe/zos-ftp-for-zowe-cli/node_modules/esrecurse
2306 silly ADD node_modules/@zowe/zos-ftp-for-zowe-cli/node_modules/esquery
2307 silly ADD node_modules/@zowe/zos-ftp-for-zowe-cli/node_modules/esprima
2308 silly ADD node_modules/@zowe/zos-ftp-for-zowe-cli/node_modules/espree
2309 silly ADD node_modules/@zowe/zos-ftp-for-zowe-cli/node_modules/eslint-visitor-keys
2310 silly ADD node_modules/@zowe/zos-ftp-for-zowe-cli/node_modules/eslint-scope
2311 silly ADD node_modules/@zowe/zos-ftp-for-zowe-cli/node_modules/eslint-rule-composer
2312 silly ADD node_modules/@zowe/zos-ftp-for-zowe-cli/node_modules/eslint-plugin-unused-imports
2313 silly ADD node_modules/@zowe/zos-ftp-for-zowe-cli/node_modules/eslint-plugin-jest
2314 silly ADD node_modules/@zowe/zos-ftp-for-zowe-cli/node_modules/eslint-plugin-jest/node_modules/estraverse
2315 silly ADD node_modules/@zowe/zos-ftp-for-zowe-cli/node_modules/eslint-plugin-jest/node_modules/eslint-scope
2316 silly ADD node_modules/@zowe/zos-ftp-for-zowe-cli/node_modules/eslint-plugin-jest/node_modules/@typescript-eslint/visitor-keys
2317 silly ADD node_modules/@zowe/zos-ftp-for-zowe-cli/node_modules/eslint-plugin-jest/node_modules/@typescript-eslint/utils
2318 silly ADD node_modules/@zowe/zos-ftp-for-zowe-cli/node_modules/eslint-plugin-jest/node_modules/@typescript-eslint/typescript-estree
2319 silly ADD node_modules/@zowe/zos-ftp-for-zowe-cli/node_modules/eslint-plugin-jest/node_modules/@typescript-eslint/types
2320 silly ADD node_modules/@zowe/zos-ftp-for-zowe-cli/node_modules/eslint-plugin-jest/node_modules/@typescript-eslint/scope-manager
2321 silly ADD node_modules/@zowe/zos-ftp-for-zowe-cli/node_modules/eslint
2322 silly ADD node_modules/@zowe/zos-ftp-for-zowe-cli/node_modules/eslint/node_modules/minimatch
2323 silly ADD node_modules/@zowe/zos-ftp-for-zowe-cli/node_modules/eslint/node_modules/brace-expansion
2324 silly ADD node_modules/@zowe/zos-ftp-for-zowe-cli/node_modules/escodegen
2325 silly ADD node_modules/@zowe/zos-ftp-for-zowe-cli/node_modules/escape-string-regexp
2326 silly ADD node_modules/@zowe/zos-ftp-for-zowe-cli/node_modules/escalade
2327 silly ADD node_modules/@zowe/zos-ftp-for-zowe-cli/node_modules/error-ex
2328 silly ADD node_modules/@zowe/zos-ftp-for-zowe-cli/node_modules/err-code
2329 silly ADD node_modules/@zowe/zos-ftp-for-zowe-cli/node_modules/env-paths
2330 silly ADD node_modules/@zowe/zos-ftp-for-zowe-cli/node_modules/env-cmd
2331 silly ADD node_modules/@zowe/zos-ftp-for-zowe-cli/node_modules/entities
2332 silly ADD node_modules/@zowe/zos-ftp-for-zowe-cli/node_modules/enhanced-resolve
2333 silly ADD node_modules/@zowe/zos-ftp-for-zowe-cli/node_modules/encoding
2334 silly ADD node_modules/@zowe/zos-ftp-for-zowe-cli/node_modules/emoji-regex
2335 silly ADD node_modules/@zowe/zos-ftp-for-zowe-cli/node_modules/emittery
2336 silly ADD node_modules/@zowe/zos-ftp-for-zowe-cli/node_modules/electron-to-chromium
2337 silly ADD node_modules/@zowe/zos-ftp-for-zowe-cli/node_modules/ejs
2338 silly ADD node_modules/@zowe/zos-ftp-for-zowe-cli/node_modules/eastasianwidth
2339 silly ADD node_modules/@zowe/zos-ftp-for-zowe-cli/node_modules/doctrine
2340 silly ADD node_modules/@zowe/zos-ftp-for-zowe-cli/node_modules/dir-glob
2341 silly ADD node_modules/@zowe/zos-ftp-for-zowe-cli/node_modules/diff2html
2342 silly ADD node_modules/@zowe/zos-ftp-for-zowe-cli/node_modules/diff2html/node_modules/diff
2343 silly ADD node_modules/@zowe/zos-ftp-for-zowe-cli/node_modules/diff-sequences
2344 silly ADD node_modules/@zowe/zos-ftp-for-zowe-cli/node_modules/diff
2345 silly ADD node_modules/@zowe/zos-ftp-for-zowe-cli/node_modules/detective-typescript
2346 silly ADD node_modules/@zowe/zos-ftp-for-zowe-cli/node_modules/detective-typescript/node_modules/typescript
2347 silly ADD node_modules/@zowe/zos-ftp-for-zowe-cli/node_modules/detective-typescript/node_modules/@typescript-eslint/visitor-keys
2348 silly ADD node_modules/@zowe/zos-ftp-for-zowe-cli/node_modules/detective-typescript/node_modules/@typescript-eslint/typescript-estree
2349 silly ADD node_modules/@zowe/zos-ftp-for-zowe-cli/node_modules/detective-typescript/node_modules/@typescript-eslint/types
2350 silly ADD node_modules/@zowe/zos-ftp-for-zowe-cli/node_modules/detective-stylus
2351 silly ADD node_modules/@zowe/zos-ftp-for-zowe-cli/node_modules/detective-scss
2352 silly ADD node_modules/@zowe/zos-ftp-for-zowe-cli/node_modules/detective-sass
2353 silly ADD node_modules/@zowe/zos-ftp-for-zowe-cli/node_modules/detective-postcss
2354 silly ADD node_modules/@zowe/zos-ftp-for-zowe-cli/node_modules/detective-less
2355 silly ADD node_modules/@zowe/zos-ftp-for-zowe-cli/node_modules/detective-less/node_modules/node-source-walk
2356 silly ADD node_modules/@zowe/zos-ftp-for-zowe-cli/node_modules/detective-es6
2357 silly ADD node_modules/@zowe/zos-ftp-for-zowe-cli/node_modules/detective-cjs
2358 silly ADD node_modules/@zowe/zos-ftp-for-zowe-cli/node_modules/detective-amd
2359 silly ADD node_modules/@zowe/zos-ftp-for-zowe-cli/node_modules/detect-newline
2360 silly ADD node_modules/@zowe/zos-ftp-for-zowe-cli/node_modules/dependency-tree
2361 silly ADD node_modules/@zowe/zos-ftp-for-zowe-cli/node_modules/dependency-tree/node_modules/typescript
2362 silly ADD node_modules/@zowe/zos-ftp-for-zowe-cli/node_modules/dependency-tree/node_modules/precinct
2363 silly ADD node_modules/@zowe/zos-ftp-for-zowe-cli/node_modules/dependency-tree/node_modules/precinct/node_modules/commander
2364 silly ADD node_modules/@zowe/zos-ftp-for-zowe-cli/node_modules/dependency-tree/node_modules/module-definition
2365 silly ADD node_modules/@zowe/zos-ftp-for-zowe-cli/node_modules/dependency-tree/node_modules/detective-stylus
2366 silly ADD node_modules/@zowe/zos-ftp-for-zowe-cli/node_modules/dependency-tree/node_modules/commander
2367 silly ADD node_modules/@zowe/zos-ftp-for-zowe-cli/node_modules/defaults
2368 silly ADD node_modules/@zowe/zos-ftp-for-zowe-cli/node_modules/deepmerge
2369 silly ADD node_modules/@zowe/zos-ftp-for-zowe-cli/node_modules/deep-is
2370 silly ADD node_modules/@zowe/zos-ftp-for-zowe-cli/node_modules/deep-extend
2371 silly ADD node_modules/@zowe/zos-ftp-for-zowe-cli/node_modules/dedent
2372 silly ADD node_modules/@zowe/zos-ftp-for-zowe-cli/node_modules/debug
2373 silly ADD node_modules/@zowe/zos-ftp-for-zowe-cli/node_modules/dateformat
2374 silly ADD node_modules/@zowe/zos-ftp-for-zowe-cli/node_modules/date-format
2375 silly ADD node_modules/@zowe/zos-ftp-for-zowe-cli/node_modules/dataobject-parser
2376 silly ADD node_modules/@zowe/zos-ftp-for-zowe-cli/node_modules/cross-spawn
2377 silly ADD node_modules/@zowe/zos-ftp-for-zowe-cli/node_modules/cross-spawn/node_modules/which
2378 silly ADD node_modules/@zowe/zos-ftp-for-zowe-cli/node_modules/cross-spawn/node_modules/isexe
2379 silly ADD node_modules/@zowe/zos-ftp-for-zowe-cli/node_modules/create-jest
2380 silly ADD node_modules/@zowe/zos-ftp-for-zowe-cli/node_modules/core-util-is
2381 silly ADD node_modules/@zowe/zos-ftp-for-zowe-cli/node_modules/convert-source-map
2382 silly ADD node_modules/@zowe/zos-ftp-for-zowe-cli/node_modules/concat-map
2383 silly ADD node_modules/@zowe/zos-ftp-for-zowe-cli/node_modules/commondir
2384 silly ADD node_modules/@zowe/zos-ftp-for-zowe-cli/node_modules/comment-json
2385 silly ADD node_modules/@zowe/zos-ftp-for-zowe-cli/node_modules/commander
2386 silly ADD node_modules/@zowe/zos-ftp-for-zowe-cli/node_modules/colors
2387 silly ADD node_modules/@zowe/zos-ftp-for-zowe-cli/node_modules/color-name
2388 silly ADD node_modules/@zowe/zos-ftp-for-zowe-cli/node_modules/color-convert
2389 silly ADD node_modules/@zowe/zos-ftp-for-zowe-cli/node_modules/collect-v8-coverage
2390 silly ADD node_modules/@zowe/zos-ftp-for-zowe-cli/node_modules/co
2391 silly ADD node_modules/@zowe/zos-ftp-for-zowe-cli/node_modules/clone
2392 silly ADD node_modules/@zowe/zos-ftp-for-zowe-cli/node_modules/cliui
2393 silly ADD node_modules/@zowe/zos-ftp-for-zowe-cli/node_modules/cli-table3
2394 silly ADD node_modules/@zowe/zos-ftp-for-zowe-cli/node_modules/cli-spinners
2395 silly ADD node_modules/@zowe/zos-ftp-for-zowe-cli/node_modules/cli-cursor
2396 silly ADD node_modules/@zowe/zos-ftp-for-zowe-cli/node_modules/clean-stack
2397 silly ADD node_modules/@zowe/zos-ftp-for-zowe-cli/node_modules/cjs-module-lexer
2398 silly ADD node_modules/@zowe/zos-ftp-for-zowe-cli/node_modules/ci-info
2399 silly ADD node_modules/@zowe/zos-ftp-for-zowe-cli/node_modules/chownr
2400 silly ADD node_modules/@zowe/zos-ftp-for-zowe-cli/node_modules/chart.js
2401 silly ADD node_modules/@zowe/zos-ftp-for-zowe-cli/node_modules/char-regex
2402 silly ADD node_modules/@zowe/zos-ftp-for-zowe-cli/node_modules/chalk
2403 silly ADD node_modules/@zowe/zos-ftp-for-zowe-cli/node_modules/caniuse-lite
2404 silly ADD node_modules/@zowe/zos-ftp-for-zowe-cli/node_modules/camelcase
2405 silly ADD node_modules/@zowe/zos-ftp-for-zowe-cli/node_modules/callsites
2406 silly ADD node_modules/@zowe/zos-ftp-for-zowe-cli/node_modules/cacache
2407 silly ADD node_modules/@zowe/zos-ftp-for-zowe-cli/node_modules/cacache/node_modules/lru-cache
2408 silly ADD node_modules/@zowe/zos-ftp-for-zowe-cli/node_modules/cacache/node_modules/glob
2409 silly ADD node_modules/@zowe/zos-ftp-for-zowe-cli/node_modules/buffer-from
2410 silly ADD node_modules/@zowe/zos-ftp-for-zowe-cli/node_modules/buffer
2411 silly ADD node_modules/@zowe/zos-ftp-for-zowe-cli/node_modules/bser
2412 silly ADD node_modules/@zowe/zos-ftp-for-zowe-cli/node_modules/bs-logger
2413 silly ADD node_modules/@zowe/zos-ftp-for-zowe-cli/node_modules/browserslist
2414 silly ADD node_modules/@zowe/zos-ftp-for-zowe-cli/node_modules/braces
2415 silly ADD node_modules/@zowe/zos-ftp-for-zowe-cli/node_modules/brace-expansion
2416 silly ADD node_modules/@zowe/zos-ftp-for-zowe-cli/node_modules/bootstrap
2417 silly ADD node_modules/@zowe/zos-ftp-for-zowe-cli/node_modules/bl
2418 silly ADD node_modules/@zowe/zos-ftp-for-zowe-cli/node_modules/base64-js
2419 silly ADD node_modules/@zowe/zos-ftp-for-zowe-cli/node_modules/balanced-match
2420 silly ADD node_modules/@zowe/zos-ftp-for-zowe-cli/node_modules/babel-preset-jest
2421 silly ADD node_modules/@zowe/zos-ftp-for-zowe-cli/node_modules/babel-preset-current-node-syntax
2422 silly ADD node_modules/@zowe/zos-ftp-for-zowe-cli/node_modules/babel-plugin-jest-hoist
2423 silly ADD node_modules/@zowe/zos-ftp-for-zowe-cli/node_modules/babel-plugin-istanbul
2424 silly ADD node_modules/@zowe/zos-ftp-for-zowe-cli/node_modules/babel-plugin-istanbul/node_modules/semver
2425 silly ADD node_modules/@zowe/zos-ftp-for-zowe-cli/node_modules/babel-plugin-istanbul/node_modules/istanbul-lib-instrument
2426 silly ADD node_modules/@zowe/zos-ftp-for-zowe-cli/node_modules/babel-jest
2427 silly ADD node_modules/@zowe/zos-ftp-for-zowe-cli/node_modules/async
2428 silly ADD node_modules/@zowe/zos-ftp-for-zowe-cli/node_modules/ast-module-types
2429 silly ADD node_modules/@zowe/zos-ftp-for-zowe-cli/node_modules/array-union
2430 silly ADD node_modules/@zowe/zos-ftp-for-zowe-cli/node_modules/array-timsort
2431 silly ADD node_modules/@zowe/zos-ftp-for-zowe-cli/node_modules/argparse
2432 silly ADD node_modules/@zowe/zos-ftp-for-zowe-cli/node_modules/app-module-path
2433 silly ADD node_modules/@zowe/zos-ftp-for-zowe-cli/node_modules/anymatch
2434 silly ADD node_modules/@zowe/zos-ftp-for-zowe-cli/node_modules/any-promise
2435 silly ADD node_modules/@zowe/zos-ftp-for-zowe-cli/node_modules/ansi-styles
2436 silly ADD node_modules/@zowe/zos-ftp-for-zowe-cli/node_modules/ansi-sequence-parser
2437 silly ADD node_modules/@zowe/zos-ftp-for-zowe-cli/node_modules/ansi-regex
2438 silly ADD node_modules/@zowe/zos-ftp-for-zowe-cli/node_modules/ansi-parser
2439 silly ADD node_modules/@zowe/zos-ftp-for-zowe-cli/node_modules/ansi-escapes
2440 silly ADD node_modules/@zowe/zos-ftp-for-zowe-cli/node_modules/ansi-escapes/node_modules/type-fest
2441 silly ADD node_modules/@zowe/zos-ftp-for-zowe-cli/node_modules/ajv
2442 silly ADD node_modules/@zowe/zos-ftp-for-zowe-cli/node_modules/aggregate-error
2443 silly ADD node_modules/@zowe/zos-ftp-for-zowe-cli/node_modules/agent-base
2444 silly ADD node_modules/@zowe/zos-ftp-for-zowe-cli/node_modules/acorn-jsx
2445 silly ADD node_modules/@zowe/zos-ftp-for-zowe-cli/node_modules/acorn
2446 silly ADD node_modules/@zowe/zos-ftp-for-zowe-cli/node_modules/abbrev
2447 silly ADD node_modules/@zowe/zos-ftp-for-zowe-cli/node_modules/@zowe/imperative
2448 silly ADD node_modules/@zowe/zos-ftp-for-zowe-cli/node_modules/@zowe/cli-test-utils
2449 silly ADD node_modules/@zowe/zos-ftp-for-zowe-cli/node_modules/@zowe/cli
2450 silly ADD node_modules/@zowe/zos-ftp-for-zowe-cli/node_modules/@zowe/cli/node_modules/yocto-queue
2451 silly ADD node_modules/@zowe/zos-ftp-for-zowe-cli/node_modules/@zowe/cli/node_modules/yargs-parser
2452 silly ADD node_modules/@zowe/zos-ftp-for-zowe-cli/node_modules/@zowe/cli/node_modules/yargs
2453 silly ADD node_modules/@zowe/zos-ftp-for-zowe-cli/node_modules/@zowe/cli/node_modules/yargs/node_modules/y18n
2454 silly ADD node_modules/@zowe/zos-ftp-for-zowe-cli/node_modules/@zowe/cli/node_modules/yargs/node_modules/cliui
2455 silly ADD node_modules/@zowe/zos-ftp-for-zowe-cli/node_modules/@zowe/cli/node_modules/wrap-ansi-cjs
2456 silly ADD node_modules/@zowe/zos-ftp-for-zowe-cli/node_modules/@zowe/cli/node_modules/wrap-ansi
2457 silly ADD node_modules/@zowe/zos-ftp-for-zowe-cli/node_modules/@zowe/cli/node_modules/wontache
2458 silly ADD node_modules/@zowe/zos-ftp-for-zowe-cli/node_modules/@zowe/cli/node_modules/which
2459 silly ADD node_modules/@zowe/zos-ftp-for-zowe-cli/node_modules/@zowe/cli/node_modules/validate-npm-package-name
2460 silly ADD node_modules/@zowe/zos-ftp-for-zowe-cli/node_modules/@zowe/cli/node_modules/validate-npm-package-license
2461 silly ADD node_modules/@zowe/zos-ftp-for-zowe-cli/node_modules/@zowe/cli/node_modules/uuid
2462 silly ADD node_modules/@zowe/zos-ftp-for-zowe-cli/node_modules/@zowe/cli/node_modules/universalify
2463 silly ADD node_modules/@zowe/zos-ftp-for-zowe-cli/node_modules/@zowe/cli/node_modules/undici-types
2464 silly ADD node_modules/@zowe/zos-ftp-for-zowe-cli/node_modules/@zowe/cli/node_modules/underscore
2465 silly ADD node_modules/@zowe/zos-ftp-for-zowe-cli/node_modules/@zowe/cli/node_modules/uc.micro
2466 silly ADD node_modules/@zowe/zos-ftp-for-zowe-cli/node_modules/@zowe/cli/node_modules/tweetnacl
2467 silly ADD node_modules/@zowe/zos-ftp-for-zowe-cli/node_modules/@zowe/cli/node_modules/tuf-js
2468 silly ADD node_modules/@zowe/zos-ftp-for-zowe-cli/node_modules/@zowe/cli/node_modules/tuf-js/node_modules/unique-slug
2469 silly ADD node_modules/@zowe/zos-ftp-for-zowe-cli/node_modules/@zowe/cli/node_modules/tuf-js/node_modules/unique-filename
2470 silly ADD node_modules/@zowe/zos-ftp-for-zowe-cli/node_modules/@zowe/cli/node_modules/tuf-js/node_modules/ssri
2471 silly ADD node_modules/@zowe/zos-ftp-for-zowe-cli/node_modules/@zowe/cli/node_modules/tuf-js/node_modules/minipass-fetch
2472 silly ADD node_modules/@zowe/zos-ftp-for-zowe-cli/node_modules/@zowe/cli/node_modules/tuf-js/node_modules/minipass-collect
2473 silly ADD node_modules/@zowe/zos-ftp-for-zowe-cli/node_modules/@zowe/cli/node_modules/tuf-js/node_modules/minipass
2474 silly ADD node_modules/@zowe/zos-ftp-for-zowe-cli/node_modules/@zowe/cli/node_modules/tuf-js/node_modules/make-fetch-happen
2475 silly ADD node_modules/@zowe/zos-ftp-for-zowe-cli/node_modules/@zowe/cli/node_modules/tuf-js/node_modules/fs-minipass
2476 silly ADD node_modules/@zowe/zos-ftp-for-zowe-cli/node_modules/@zowe/cli/node_modules/tuf-js/node_modules/cacache
2477 silly ADD node_modules/@zowe/zos-ftp-for-zowe-cli/node_modules/@zowe/cli/node_modules/tuf-js/node_modules/@npmcli/fs
2478 silly ADD node_modules/@zowe/zos-ftp-for-zowe-cli/node_modules/@zowe/cli/node_modules/to-regex-range
2479 silly ADD node_modules/@zowe/zos-ftp-for-zowe-cli/node_modules/@zowe/cli/node_modules/tar
2480 silly ADD node_modules/@zowe/zos-ftp-for-zowe-cli/node_modules/@zowe/cli/node_modules/tar/node_modules/yallist
2481 silly ADD node_modules/@zowe/zos-ftp-for-zowe-cli/node_modules/@zowe/cli/node_modules/tar/node_modules/minipass
2482 silly ADD node_modules/@zowe/zos-ftp-for-zowe-cli/node_modules/@zowe/cli/node_modules/tar/node_modules/chownr
2483 silly ADD node_modules/@zowe/zos-ftp-for-zowe-cli/node_modules/@zowe/cli/node_modules/supports-color
2484 silly ADD node_modules/@zowe/zos-ftp-for-zowe-cli/node_modules/@zowe/cli/node_modules/strip-ansi-cjs
2485 silly ADD node_modules/@zowe/zos-ftp-for-zowe-cli/node_modules/@zowe/cli/node_modules/strip-ansi
2486 silly ADD node_modules/@zowe/zos-ftp-for-zowe-cli/node_modules/@zowe/cli/node_modules/string-width-cjs
2487 silly ADD node_modules/@zowe/zos-ftp-for-zowe-cli/node_modules/@zowe/cli/node_modules/string-width
2488 silly ADD node_modules/@zowe/zos-ftp-for-zowe-cli/node_modules/@zowe/cli/node_modules/streamroller
2489 silly ADD node_modules/@zowe/zos-ftp-for-zowe-cli/node_modules/@zowe/cli/node_modules/streamroller/node_modules/universalify
2490 silly ADD node_modules/@zowe/zos-ftp-for-zowe-cli/node_modules/@zowe/cli/node_modules/streamroller/node_modules/jsonfile
2491 silly ADD node_modules/@zowe/zos-ftp-for-zowe-cli/node_modules/@zowe/cli/node_modules/streamroller/node_modules/fs-extra
2492 silly ADD node_modules/@zowe/zos-ftp-for-zowe-cli/node_modules/@zowe/cli/node_modules/stack-trace
2493 silly ADD node_modules/@zowe/zos-ftp-for-zowe-cli/node_modules/@zowe/cli/node_modules/ssh2
2494 silly ADD node_modules/@zowe/zos-ftp-for-zowe-cli/node_modules/@zowe/cli/node_modules/spdx-license-ids
2495 silly ADD node_modules/@zowe/zos-ftp-for-zowe-cli/node_modules/@zowe/cli/node_modules/spdx-expression-parse
2496 silly ADD node_modules/@zowe/zos-ftp-for-zowe-cli/node_modules/@zowe/cli/node_modules/spdx-exceptions
2497 silly ADD node_modules/@zowe/zos-ftp-for-zowe-cli/node_modules/@zowe/cli/node_modules/spdx-correct
2498 silly ADD node_modules/@zowe/zos-ftp-for-zowe-cli/node_modules/@zowe/cli/node_modules/socks
2499 silly ADD node_modules/@zowe/zos-ftp-for-zowe-cli/node_modules/@zowe/cli/node_modules/smart-buffer
2500 silly ADD node_modules/@zowe/zos-ftp-for-zowe-cli/node_modules/@zowe/cli/node_modules/sigstore
2501 silly ADD node_modules/@zowe/zos-ftp-for-zowe-cli/node_modules/@zowe/cli/node_modules/shebang-command
2502 silly ADD node_modules/@zowe/zos-ftp-for-zowe-cli/node_modules/@zowe/cli/node_modules/shebang-command/node_modules/shebang-regex
2503 silly ADD node_modules/@zowe/zos-ftp-for-zowe-cli/node_modules/@zowe/cli/node_modules/semver
2504 silly ADD node_modules/@zowe/zos-ftp-for-zowe-cli/node_modules/@zowe/cli/node_modules/safer-buffer
2505 silly ADD node_modules/@zowe/zos-ftp-for-zowe-cli/node_modules/@zowe/cli/node_modules/run-parallel
2506 silly ADD node_modules/@zowe/zos-ftp-for-zowe-cli/node_modules/@zowe/cli/node_modules/rimraf
2507 silly ADD node_modules/@zowe/zos-ftp-for-zowe-cli/node_modules/@zowe/cli/node_modules/rfdc
2508 silly ADD node_modules/@zowe/zos-ftp-for-zowe-cli/node_modules/@zowe/cli/node_modules/reusify
2509 silly ADD node_modules/@zowe/zos-ftp-for-zowe-cli/node_modules/@zowe/cli/node_modules/retry
2510 silly ADD node_modules/@zowe/zos-ftp-for-zowe-cli/node_modules/@zowe/cli/node_modules/require-directory
2511 silly ADD node_modules/@zowe/zos-ftp-for-zowe-cli/node_modules/@zowe/cli/node_modules/repeat-string
2512 silly ADD node_modules/@zowe/zos-ftp-for-zowe-cli/node_modules/@zowe/cli/node_modules/read
2513 silly ADD node_modules/@zowe/zos-ftp-for-zowe-cli/node_modules/@zowe/cli/node_modules/react-is
2514 silly ADD node_modules/@zowe/zos-ftp-for-zowe-cli/node_modules/@zowe/cli/node_modules/queue-microtask
2515 silly ADD node_modules/@zowe/zos-ftp-for-zowe-cli/node_modules/@zowe/cli/node_modules/punycode.js
2516 silly ADD node_modules/@zowe/zos-ftp-for-zowe-cli/node_modules/@zowe/cli/node_modules/promise-retry
2517 silly ADD node_modules/@zowe/zos-ftp-for-zowe-cli/node_modules/@zowe/cli/node_modules/promise-inflight
2518 silly ADD node_modules/@zowe/zos-ftp-for-zowe-cli/node_modules/@zowe/cli/node_modules/progress
2519 silly ADD node_modules/@zowe/zos-ftp-for-zowe-cli/node_modules/@zowe/cli/node_modules/prettyjson
2520 silly ADD node_modules/@zowe/zos-ftp-for-zowe-cli/node_modules/@zowe/cli/node_modules/pretty-format
2521 silly ADD node_modules/@zowe/zos-ftp-for-zowe-cli/node_modules/@zowe/cli/node_modules/pretty-format/node_modules/ansi-styles
2522 silly ADD node_modules/@zowe/zos-ftp-for-zowe-cli/node_modules/@zowe/cli/node_modules/picomatch
2523 silly ADD node_modules/@zowe/zos-ftp-for-zowe-cli/node_modules/@zowe/cli/node_modules/path-scurry
2524 silly ADD node_modules/@zowe/zos-ftp-for-zowe-cli/node_modules/@zowe/cli/node_modules/path-scurry/node_modules/minipass
2525 silly ADD node_modules/@zowe/zos-ftp-for-zowe-cli/node_modules/@zowe/cli/node_modules/path-key
2526 silly ADD node_modules/@zowe/zos-ftp-for-zowe-cli/node_modules/@zowe/cli/node_modules/path-exists
2527 silly ADD node_modules/@zowe/zos-ftp-for-zowe-cli/node_modules/@zowe/cli/node_modules/pacote
2528 silly ADD node_modules/@zowe/zos-ftp-for-zowe-cli/node_modules/@zowe/cli/node_modules/pacote/node_modules/unique-slug
2529 silly ADD node_modules/@zowe/zos-ftp-for-zowe-cli/node_modules/@zowe/cli/node_modules/pacote/node_modules/unique-filename
2530 silly ADD node_modules/@zowe/zos-ftp-for-zowe-cli/node_modules/@zowe/cli/node_modules/pacote/node_modules/ssri
2531 silly ADD node_modules/@zowe/zos-ftp-for-zowe-cli/node_modules/@zowe/cli/node_modules/pacote/node_modules/proc-log
2532 silly ADD node_modules/@zowe/zos-ftp-for-zowe-cli/node_modules/@zowe/cli/node_modules/pacote/node_modules/npm-pick-manifest
2533 silly ADD node_modules/@zowe/zos-ftp-for-zowe-cli/node_modules/@zowe/cli/node_modules/pacote/node_modules/npm-packlist
2534 silly ADD node_modules/@zowe/zos-ftp-for-zowe-cli/node_modules/@zowe/cli/node_modules/pacote/node_modules/npm-normalize-package-bin
2535 silly ADD node_modules/@zowe/zos-ftp-for-zowe-cli/node_modules/@zowe/cli/node_modules/pacote/node_modules/npm-bundled
2536 silly ADD node_modules/@zowe/zos-ftp-for-zowe-cli/node_modules/@zowe/cli/node_modules/pacote/node_modules/nopt
2537 silly ADD node_modules/@zowe/zos-ftp-for-zowe-cli/node_modules/@zowe/cli/node_modules/pacote/node_modules/node-gyp
2538 silly ADD node_modules/@zowe/zos-ftp-for-zowe-cli/node_modules/@zowe/cli/node_modules/pacote/node_modules/node-gyp/node_modules/proc-log
2539 silly ADD node_modules/@zowe/zos-ftp-for-zowe-cli/node_modules/@zowe/cli/node_modules/pacote/node_modules/minipass-fetch
2540 silly ADD node_modules/@zowe/zos-ftp-for-zowe-cli/node_modules/@zowe/cli/node_modules/pacote/node_modules/minipass-collect
2541 silly ADD node_modules/@zowe/zos-ftp-for-zowe-cli/node_modules/@zowe/cli/node_modules/pacote/node_modules/minipass
2542 silly ADD node_modules/@zowe/zos-ftp-for-zowe-cli/node_modules/@zowe/cli/node_modules/pacote/node_modules/make-fetch-happen
2543 silly ADD node_modules/@zowe/zos-ftp-for-zowe-cli/node_modules/@zowe/cli/node_modules/pacote/node_modules/json-parse-even-better-errors
2544 silly ADD node_modules/@zowe/zos-ftp-for-zowe-cli/node_modules/@zowe/cli/node_modules/pacote/node_modules/fs-minipass
2545 silly ADD node_modules/@zowe/zos-ftp-for-zowe-cli/node_modules/@zowe/cli/node_modules/pacote/node_modules/cacache
2546 silly ADD node_modules/@zowe/zos-ftp-for-zowe-cli/node_modules/@zowe/cli/node_modules/pacote/node_modules/abbrev
2547 silly ADD node_modules/@zowe/zos-ftp-for-zowe-cli/node_modules/@zowe/cli/node_modules/pacote/node_modules/@npmcli/run-script
2548 silly ADD node_modules/@zowe/zos-ftp-for-zowe-cli/node_modules/@zowe/cli/node_modules/pacote/node_modules/@npmcli/package-json
2549 silly ADD node_modules/@zowe/zos-ftp-for-zowe-cli/node_modules/@zowe/cli/node_modules/pacote/node_modules/@npmcli/node-gyp
2550 silly ADD node_modules/@zowe/zos-ftp-for-zowe-cli/node_modules/@zowe/cli/node_modules/pacote/node_modules/@npmcli/installed-package-contents
2551 silly ADD node_modules/@zowe/zos-ftp-for-zowe-cli/node_modules/@zowe/cli/node_modules/pacote/node_modules/@npmcli/fs
2552 silly ADD node_modules/@zowe/zos-ftp-for-zowe-cli/node_modules/@zowe/cli/node_modules/package-json-from-dist
2553 silly ADD node_modules/@zowe/zos-ftp-for-zowe-cli/node_modules/@zowe/cli/node_modules/p-map
2554 silly ADD node_modules/@zowe/zos-ftp-for-zowe-cli/node_modules/@zowe/cli/node_modules/p-locate
2555 silly ADD node_modules/@zowe/zos-ftp-for-zowe-cli/node_modules/@zowe/cli/node_modules/p-limit
2556 silly ADD node_modules/@zowe/zos-ftp-for-zowe-cli/node_modules/@zowe/cli/node_modules/opener
2557 silly ADD node_modules/@zowe/zos-ftp-for-zowe-cli/node_modules/@zowe/cli/node_modules/npm-registry-fetch
2558 silly ADD node_modules/@zowe/zos-ftp-for-zowe-cli/node_modules/@zowe/cli/node_modules/npm-registry-fetch/node_modules/unique-slug
2559 silly ADD node_modules/@zowe/zos-ftp-for-zowe-cli/node_modules/@zowe/cli/node_modules/npm-registry-fetch/node_modules/unique-filename
2560 silly ADD node_modules/@zowe/zos-ftp-for-zowe-cli/node_modules/@zowe/cli/node_modules/npm-registry-fetch/node_modules/ssri
2561 silly ADD node_modules/@zowe/zos-ftp-for-zowe-cli/node_modules/@zowe/cli/node_modules/npm-registry-fetch/node_modules/proc-log
2562 silly ADD node_modules/@zowe/zos-ftp-for-zowe-cli/node_modules/@zowe/cli/node_modules/npm-registry-fetch/node_modules/minipass-fetch
2563 silly ADD node_modules/@zowe/zos-ftp-for-zowe-cli/node_modules/@zowe/cli/node_modules/npm-registry-fetch/node_modules/minipass-collect
2564 silly ADD node_modules/@zowe/zos-ftp-for-zowe-cli/node_modules/@zowe/cli/node_modules/npm-registry-fetch/node_modules/minipass
2565 silly ADD node_modules/@zowe/zos-ftp-for-zowe-cli/node_modules/@zowe/cli/node_modules/npm-registry-fetch/node_modules/make-fetch-happen
2566 silly ADD node_modules/@zowe/zos-ftp-for-zowe-cli/node_modules/@zowe/cli/node_modules/npm-registry-fetch/node_modules/fs-minipass
2567 silly ADD node_modules/@zowe/zos-ftp-for-zowe-cli/node_modules/@zowe/cli/node_modules/npm-registry-fetch/node_modules/cacache
2568 silly ADD node_modules/@zowe/zos-ftp-for-zowe-cli/node_modules/@zowe/cli/node_modules/npm-registry-fetch/node_modules/@npmcli/fs
2569 silly ADD node_modules/@zowe/zos-ftp-for-zowe-cli/node_modules/@zowe/cli/node_modules/npm-package-arg
2570 silly ADD node_modules/@zowe/zos-ftp-for-zowe-cli/node_modules/@zowe/cli/node_modules/npm-package-arg/node_modules/proc-log
2571 silly ADD node_modules/@zowe/zos-ftp-for-zowe-cli/node_modules/@zowe/cli/node_modules/npm-install-checks
2572 silly ADD node_modules/@zowe/zos-ftp-for-zowe-cli/node_modules/@zowe/cli/node_modules/normalize-package-data
2573 silly ADD node_modules/@zowe/zos-ftp-for-zowe-cli/node_modules/@zowe/cli/node_modules/negotiator
2574 silly ADD
2575 silly ADD node_modules/@zowe/zos-ftp-for-zowe-cli/node_modules/@zowe/cli/node_modules/mute-stream
2576 silly ADD node_modules/@zowe/zos-ftp-for-zowe-cli/node_modules/@zowe/cli/node_modules/mustache
2577 silly ADD node_modules/@zowe/zos-ftp-for-zowe-cli/node_modules/@zowe/cli/node_modules/ms
2578 silly ADD node_modules/@zowe/zos-ftp-for-zowe-cli/node_modules/@zowe/cli/node_modules/mkdirp
2579 silly ADD node_modules/@zowe/zos-ftp-for-zowe-cli/node_modules/@zowe/cli/node_modules/minizlib
2580 silly ADD node_modules/@zowe/zos-ftp-for-zowe-cli/node_modules/@zowe/cli/node_modules/minizlib/node_modules/yallist
2581 silly ADD node_modules/@zowe/zos-ftp-for-zowe-cli/node_modules/@zowe/cli/node_modules/minipass-sized
2582 silly ADD node_modules/@zowe/zos-ftp-for-zowe-cli/node_modules/@zowe/cli/node_modules/minipass-pipeline
2583 silly ADD node_modules/@zowe/zos-ftp-for-zowe-cli/node_modules/@zowe/cli/node_modules/minipass-flush
2584 silly ADD node_modules/@zowe/zos-ftp-for-zowe-cli/node_modules/@zowe/cli/node_modules/minipass
2585 silly ADD node_modules/@zowe/zos-ftp-for-zowe-cli/node_modules/@zowe/cli/node_modules/minipass/node_modules/yallist
2586 silly ADD node_modules/@zowe/zos-ftp-for-zowe-cli/node_modules/@zowe/cli/node_modules/minimist
2587 silly ADD node_modules/@zowe/zos-ftp-for-zowe-cli/node_modules/@zowe/cli/node_modules/minimatch
2588 silly ADD node_modules/@zowe/zos-ftp-for-zowe-cli/node_modules/@zowe/cli/node_modules/minimatch/node_modules/brace-expansion
2589 silly ADD node_modules/@zowe/zos-ftp-for-zowe-cli/node_modules/@zowe/cli/node_modules/micromatch
2590 silly ADD node_modules/@zowe/zos-ftp-for-zowe-cli/node_modules/@zowe/cli/node_modules/merge2
2591 silly ADD node_modules/@zowe/zos-ftp-for-zowe-cli/node_modules/@zowe/cli/node_modules/mdurl
2592 silly ADD node_modules/@zowe/zos-ftp-for-zowe-cli/node_modules/@zowe/cli/node_modules/markdown-it
2593 silly ADD node_modules/@zowe/zos-ftp-for-zowe-cli/node_modules/@zowe/cli/node_modules/lru-cache
2594 silly ADD node_modules/@zowe/zos-ftp-for-zowe-cli/node_modules/@zowe/cli/node_modules/log4js
2595 silly ADD node_modules/@zowe/zos-ftp-for-zowe-cli/node_modules/@zowe/cli/node_modules/lodash-deep
2596 silly ADD node_modules/@zowe/zos-ftp-for-zowe-cli/node_modules/@zowe/cli/node_modules/lodash
2597 silly ADD node_modules/@zowe/zos-ftp-for-zowe-cli/node_modules/@zowe/cli/node_modules/locate-path
2598 silly ADD node_modules/@zowe/zos-ftp-for-zowe-cli/node_modules/@zowe/cli/node_modules/linkify-it
2599 silly ADD node_modules/@zowe/zos-ftp-for-zowe-cli/node_modules/@zowe/cli/node_modules/jsonschema
2600 silly ADD node_modules/@zowe/zos-ftp-for-zowe-cli/node_modules/@zowe/cli/node_modules/jsonparse
2601 silly ADD node_modules/@zowe/zos-ftp-for-zowe-cli/node_modules/@zowe/cli/node_modules/jsonfile
2602 silly ADD node_modules/@zowe/zos-ftp-for-zowe-cli/node_modules/@zowe/cli/node_modules/jsbn
2603 silly ADD node_modules/@zowe/zos-ftp-for-zowe-cli/node_modules/@zowe/cli/node_modules/js-yaml
2604 silly ADD node_modules/@zowe/zos-ftp-for-zowe-cli/node_modules/@zowe/cli/node_modules/jest-get-type
2605 silly ADD node_modules/@zowe/zos-ftp-for-zowe-cli/node_modules/@zowe/cli/node_modules/jest-diff
2606 silly ADD node_modules/@zowe/zos-ftp-for-zowe-cli/node_modules/@zowe/cli/node_modules/jackspeak
2607 silly ADD node_modules/@zowe/zos-ftp-for-zowe-cli/node_modules/@zowe/cli/node_modules/isexe
2608 silly ADD node_modules/@zowe/zos-ftp-for-zowe-cli/node_modules/@zowe/cli/node_modules/is-number
2609 silly ADD node_modules/@zowe/zos-ftp-for-zowe-cli/node_modules/@zowe/cli/node_modules/is-lambda
2610 silly ADD node_modules/@zowe/zos-ftp-for-zowe-cli/node_modules/@zowe/cli/node_modules/is-glob
2611 silly ADD node_modules/@zowe/zos-ftp-for-zowe-cli/node_modules/@zowe/cli/node_modules/is-fullwidth-code-point
2612 silly ADD node_modules/@zowe/zos-ftp-for-zowe-cli/node_modules/@zowe/cli/node_modules/is-extglob
2613 silly ADD node_modules/@zowe/zos-ftp-for-zowe-cli/node_modules/@zowe/cli/node_modules/ip-address
2614 silly ADD node_modules/@zowe/zos-ftp-for-zowe-cli/node_modules/@zowe/cli/node_modules/ip-address/node_modules/sprintf-js
2615 silly ADD node_modules/@zowe/zos-ftp-for-zowe-cli/node_modules/@zowe/cli/node_modules/indent-string
2616 silly ADD node_modules/@zowe/zos-ftp-for-zowe-cli/node_modules/@zowe/cli/node_modules/imurmurhash
2617 silly ADD node_modules/@zowe/zos-ftp-for-zowe-cli/node_modules/@zowe/cli/node_modules/ignore-walk
2618 silly ADD node_modules/@zowe/zos-ftp-for-zowe-cli/node_modules/@zowe/cli/node_modules/http-cache-semantics
2619 silly ADD node_modules/@zowe/zos-ftp-for-zowe-cli/node_modules/@zowe/cli/node_modules/hosted-git-info
2620 silly ADD node_modules/@zowe/zos-ftp-for-zowe-cli/node_modules/@zowe/cli/node_modules/has-own-prop
2621 silly ADD node_modules/@zowe/zos-ftp-for-zowe-cli/node_modules/@zowe/cli/node_modules/has-flag
2622 silly ADD node_modules/@zowe/zos-ftp-for-zowe-cli/node_modules/@zowe/cli/node_modules/graceful-fs
2623 silly ADD node_modules/@zowe/zos-ftp-for-zowe-cli/node_modules/@zowe/cli/node_modules/glob-parent
2624 silly ADD node_modules/@zowe/zos-ftp-for-zowe-cli/node_modules/@zowe/cli/node_modules/glob
2625 silly ADD node_modules/@zowe/zos-ftp-for-zowe-cli/node_modules/@zowe/cli/node_modules/glob/node_modules/minipass
2626 silly ADD node_modules/@zowe/zos-ftp-for-zowe-cli/node_modules/@zowe/cli/node_modules/get-caller-file
2627 silly ADD node_modules/@zowe/zos-ftp-for-zowe-cli/node_modules/@zowe/cli/node_modules/fs-minipass
2628 silly ADD node_modules/@zowe/zos-ftp-for-zowe-cli/node_modules/@zowe/cli/node_modules/fs-extra
2629 silly ADD node_modules/@zowe/zos-ftp-for-zowe-cli/node_modules/@zowe/cli/node_modules/foreground-child
2630 silly ADD node_modules/@zowe/zos-ftp-for-zowe-cli/node_modules/@zowe/cli/node_modules/foreground-child/node_modules/signal-exit
2631 silly ADD node_modules/@zowe/zos-ftp-for-zowe-cli/node_modules/@zowe/cli/node_modules/flatted
2632 silly ADD node_modules/@zowe/zos-ftp-for-zowe-cli/node_modules/@zowe/cli/node_modules/find-up
2633 silly ADD node_modules/@zowe/zos-ftp-for-zowe-cli/node_modules/@zowe/cli/node_modules/find-process
2634 silly ADD node_modules/@zowe/zos-ftp-for-zowe-cli/node_modules/@zowe/cli/node_modules/fill-range
2635 silly ADD node_modules/@zowe/zos-ftp-for-zowe-cli/node_modules/@zowe/cli/node_modules/fastq
2636 silly ADD node_modules/@zowe/zos-ftp-for-zowe-cli/node_modules/@zowe/cli/node_modules/fastest-levenshtein
2637 silly ADD node_modules/@zowe/zos-ftp-for-zowe-cli/node_modules/@zowe/cli/node_modules/fast-glob
2638 silly ADD node_modules/@zowe/zos-ftp-for-zowe-cli/node_modules/@zowe/cli/node_modules/exponential-backoff
2639 silly ADD node_modules/@zowe/zos-ftp-for-zowe-cli/node_modules/@zowe/cli/node_modules/esprima
2640 silly ADD node_modules/@zowe/zos-ftp-for-zowe-cli/node_modules/@zowe/cli/node_modules/escalade
2641 silly ADD node_modules/@zowe/zos-ftp-for-zowe-cli/node_modules/@zowe/cli/node_modules/err-code
2642 silly ADD node_modules/@zowe/zos-ftp-for-zowe-cli/node_modules/@zowe/cli/node_modules/env-paths
2643 silly ADD node_modules/@zowe/zos-ftp-for-zowe-cli/node_modules/@zowe/cli/node_modules/entities
2644 silly ADD node_modules/@zowe/zos-ftp-for-zowe-cli/node_modules/@zowe/cli/node_modules/encoding
2645 silly ADD node_modules/@zowe/zos-ftp-for-zowe-cli/node_modules/@zowe/cli/node_modules/encoding/node_modules/iconv-lite
2646 silly ADD node_modules/@zowe/zos-ftp-for-zowe-cli/node_modules/@zowe/cli/node_modules/emoji-regex
2647 silly ADD node_modules/@zowe/zos-ftp-for-zowe-cli/node_modules/@zowe/cli/node_modules/eastasianwidth
2648 silly ADD node_modules/@zowe/zos-ftp-for-zowe-cli/node_modules/@zowe/cli/node_modules/diff-sequences
2649 silly ADD node_modules/@zowe/zos-ftp-for-zowe-cli/node_modules/@zowe/cli/node_modules/deepmerge
2650 silly ADD node_modules/@zowe/zos-ftp-for-zowe-cli/node_modules/@zowe/cli/node_modules/debug
2651 silly ADD node_modules/@zowe/zos-ftp-for-zowe-cli/node_modules/@zowe/cli/node_modules/date-format
2652 silly ADD node_modules/@zowe/zos-ftp-for-zowe-cli/node_modules/@zowe/cli/node_modules/dataobject-parser
2653 silly ADD node_modules/@zowe/zos-ftp-for-zowe-cli/node_modules/@zowe/cli/node_modules/cross-spawn
2654 silly ADD node_modules/@zowe/zos-ftp-for-zowe-cli/node_modules/@zowe/cli/node_modules/cross-spawn/node_modules/which
2655 silly ADD node_modules/@zowe/zos-ftp-for-zowe-cli/node_modules/@zowe/cli/node_modules/cross-spawn/node_modules/isexe
2656 silly ADD
2657 silly ADD node_modules/@zowe/zos-ftp-for-zowe-cli/node_modules/@zowe/cli/node_modules/core-util-is
2658 silly ADD node_modules/@zowe/zos-ftp-for-zowe-cli/node_modules/@zowe/cli/node_modules/comment-json
2659 silly ADD node_modules/@zowe/zos-ftp-for-zowe-cli/node_modules/@zowe/cli/node_modules/commander
2660 silly ADD node_modules/@zowe/zos-ftp-for-zowe-cli/node_modules/@zowe/cli/node_modules/colors
2661 silly ADD node_modules/@zowe/zos-ftp-for-zowe-cli/node_modules/@zowe/cli/node_modules/color-name
2662 silly ADD node_modules/@zowe/zos-ftp-for-zowe-cli/node_modules/@zowe/cli/node_modules/color-convert
2663 silly ADD node_modules/@zowe/zos-ftp-for-zowe-cli/node_modules/@zowe/cli/node_modules/cli-table3
2664 silly ADD node_modules/@zowe/zos-ftp-for-zowe-cli/node_modules/@zowe/cli/node_modules/clean-stack
2665 silly ADD node_modules/@zowe/zos-ftp-for-zowe-cli/node_modules/@zowe/cli/node_modules/chalk
2666 silly ADD
2667 silly ADD node_modules/@zowe/zos-ftp-for-zowe-cli/node_modules/@zowe/cli/node_modules/braces
2668 silly ADD node_modules/@zowe/zos-ftp-for-zowe-cli/node_modules/@zowe/cli/node_modules/bcrypt-pbkdf
2669 silly ADD node_modules/@zowe/zos-ftp-for-zowe-cli/node_modules/@zowe/cli/node_modules/balanced-match
2670 silly ADD node_modules/@zowe/zos-ftp-for-zowe-cli/node_modules/@zowe/cli/node_modules/asn1
2671 silly ADD node_modules/@zowe/zos-ftp-for-zowe-cli/node_modules/@zowe/cli/node_modules/array-timsort
2672 silly ADD node_modules/@zowe/zos-ftp-for-zowe-cli/node_modules/@zowe/cli/node_modules/argparse
2673 silly ADD node_modules/@zowe/zos-ftp-for-zowe-cli/node_modules/@zowe/cli/node_modules/ansi-styles
2674 silly ADD node_modules/@zowe/zos-ftp-for-zowe-cli/node_modules/@zowe/cli/node_modules/ansi-regex
2675 silly ADD node_modules/@zowe/zos-ftp-for-zowe-cli/node_modules/@zowe/cli/node_modules/aggregate-error
2676 silly ADD node_modules/@zowe/zos-ftp-for-zowe-cli/node_modules/@zowe/cli/node_modules/@zowe/zosmf-for-zowe-sdk
2677 silly ADD node_modules/@zowe/zos-ftp-for-zowe-cli/node_modules/@zowe/cli/node_modules/@zowe/zos-workflows-for-zowe-sdk
2678 silly ADD node_modules/@zowe/zos-ftp-for-zowe-cli/node_modules/@zowe/cli/node_modules/@zowe/zos-uss-for-zowe-sdk
2679 silly ADD node_modules/@zowe/zos-ftp-for-zowe-cli/node_modules/@zowe/cli/node_modules/@zowe/zos-tso-for-zowe-sdk
2680 silly ADD node_modules/@zowe/zos-ftp-for-zowe-cli/node_modules/@zowe/cli/node_modules/@zowe/zos-logs-for-zowe-sdk
2681 silly ADD node_modules/@zowe/zos-ftp-for-zowe-cli/node_modules/@zowe/cli/node_modules/@zowe/zos-jobs-for-zowe-sdk
2682 silly ADD node_modules/@zowe/zos-ftp-for-zowe-cli/node_modules/@zowe/cli/node_modules/@zowe/zos-files-for-zowe-sdk
2683 silly ADD node_modules/@zowe/zos-ftp-for-zowe-cli/node_modules/@zowe/cli/node_modules/@zowe/zos-console-for-zowe-sdk
2684 silly ADD node_modules/@zowe/zos-ftp-for-zowe-cli/node_modules/@zowe/cli/node_modules/@zowe/secrets-for-zowe-sdk
2685 silly ADD node_modules/@zowe/zos-ftp-for-zowe-cli/node_modules/@zowe/cli/node_modules/@zowe/provisioning-for-zowe-sdk
2686 silly ADD node_modules/@zowe/zos-ftp-for-zowe-cli/node_modules/@zowe/cli/node_modules/@zowe/imperative
2687 silly ADD node_modules/@zowe/zos-ftp-for-zowe-cli/node_modules/@zowe/cli/node_modules/@zowe/imperative/node_modules/https-proxy-agent
2688 silly ADD node_modules/@zowe/zos-ftp-for-zowe-cli/node_modules/@zowe/cli/node_modules/@zowe/imperative/node_modules/http-proxy-agent
2689 silly ADD node_modules/@zowe/zos-ftp-for-zowe-cli/node_modules/@zowe/cli/node_modules/@zowe/imperative/node_modules/highlight.js
2690 silly ADD node_modules/@zowe/zos-ftp-for-zowe-cli/node_modules/@zowe/cli/node_modules/@zowe/imperative/node_modules/diff2html
2691 silly ADD node_modules/@zowe/zos-ftp-for-zowe-cli/node_modules/@zowe/cli/node_modules/@zowe/imperative/node_modules/diff2html/node_modules/diff
2692 silly ADD node_modules/@zowe/zos-ftp-for-zowe-cli/node_modules/@zowe/cli/node_modules/@zowe/imperative/node_modules/diff
2693 silly ADD node_modules/@zowe/zos-ftp-for-zowe-cli/node_modules/@zowe/cli/node_modules/@zowe/imperative/node_modules/agent-base
2694 silly ADD node_modules/@zowe/zos-ftp-for-zowe-cli/node_modules/@zowe/cli/node_modules/@zowe/core-for-zowe-sdk
2695 silly ADD node_modules/@zowe/zos-ftp-for-zowe-cli/node_modules/@zowe/cli/node_modules/@zowe/cli-test-utils
2696 silly ADD node_modules/@zowe/zos-ftp-for-zowe-cli/node_modules/@zowe/cli/node_modules/@types/yargs-parser
2697 silly ADD node_modules/@zowe/zos-ftp-for-zowe-cli/node_modules/@zowe/cli/node_modules/@types/yargs
2698 silly ADD node_modules/@zowe/zos-ftp-for-zowe-cli/node_modules/@zowe/cli/node_modules/@types/tar
2699 silly ADD node_modules/@zowe/zos-ftp-for-zowe-cli/node_modules/@zowe/cli/node_modules/@types/tar/node_modules/minipass
2700 silly ADD node_modules/@zowe/zos-ftp-for-zowe-cli/node_modules/@zowe/cli/node_modules/@types/node
2701 silly ADD node_modules/@zowe/zos-ftp-for-zowe-cli/node_modules/@zowe/cli/node_modules/@types/lodash
2702 silly ADD node_modules/@zowe/zos-ftp-for-zowe-cli/node_modules/@zowe/cli/node_modules/@types/diff
2703 silly ADD node_modules/@zowe/zos-ftp-for-zowe-cli/node_modules/@zowe/cli/node_modules/@tufjs/models
2704 silly ADD node_modules/@zowe/zos-ftp-for-zowe-cli/node_modules/@zowe/cli/node_modules/@tufjs/canonical-json
2705 silly ADD node_modules/@zowe/zos-ftp-for-zowe-cli/node_modules/@zowe/cli/node_modules/@sinclair/typebox
2706 silly ADD node_modules/@zowe/zos-ftp-for-zowe-cli/node_modules/@zowe/cli/node_modules/@sigstore/verify
2707 silly ADD node_modules/@zowe/zos-ftp-for-zowe-cli/node_modules/@zowe/cli/node_modules/@sigstore/tuf
2708 silly ADD node_modules/@zowe/zos-ftp-for-zowe-cli/node_modules/@zowe/cli/node_modules/@sigstore/sign
2709 silly ADD node_modules/@zowe/zos-ftp-for-zowe-cli/node_modules/@zowe/cli/node_modules/@sigstore/sign/node_modules/unique-slug
2710 silly ADD node_modules/@zowe/zos-ftp-for-zowe-cli/node_modules/@zowe/cli/node_modules/@sigstore/sign/node_modules/unique-filename
2711 silly ADD node_modules/@zowe/zos-ftp-for-zowe-cli/node_modules/@zowe/cli/node_modules/@sigstore/sign/node_modules/ssri
2712 silly ADD node_modules/@zowe/zos-ftp-for-zowe-cli/node_modules/@zowe/cli/node_modules/@sigstore/sign/node_modules/minipass-fetch
2713 silly ADD node_modules/@zowe/zos-ftp-for-zowe-cli/node_modules/@zowe/cli/node_modules/@sigstore/sign/node_modules/minipass-collect
2714 silly ADD node_modules/@zowe/zos-ftp-for-zowe-cli/node_modules/@zowe/cli/node_modules/@sigstore/sign/node_modules/minipass
2715 silly ADD node_modules/@zowe/zos-ftp-for-zowe-cli/node_modules/@zowe/cli/node_modules/@sigstore/sign/node_modules/make-fetch-happen
2716 silly ADD node_modules/@zowe/zos-ftp-for-zowe-cli/node_modules/@zowe/cli/node_modules/@sigstore/sign/node_modules/fs-minipass
2717 silly ADD node_modules/@zowe/zos-ftp-for-zowe-cli/node_modules/@zowe/cli/node_modules/@sigstore/sign/node_modules/cacache
2718 silly ADD node_modules/@zowe/zos-ftp-for-zowe-cli/node_modules/@zowe/cli/node_modules/@sigstore/sign/node_modules/@npmcli/fs
2719 silly ADD node_modules/@zowe/zos-ftp-for-zowe-cli/node_modules/@zowe/cli/node_modules/@sigstore/protobuf-specs
2720 silly ADD node_modules/@zowe/zos-ftp-for-zowe-cli/node_modules/@zowe/cli/node_modules/@sigstore/core
2721 silly ADD node_modules/@zowe/zos-ftp-for-zowe-cli/node_modules/@zowe/cli/node_modules/@sigstore/bundle
2722 silly ADD node_modules/@zowe/zos-ftp-for-zowe-cli/node_modules/@zowe/cli/node_modules/@pkgjs/parseargs
2723 silly ADD node_modules/@zowe/zos-ftp-for-zowe-cli/node_modules/@zowe/cli/node_modules/@npmcli/redact
2724 silly ADD node_modules/@zowe/zos-ftp-for-zowe-cli/node_modules/@zowe/cli/node_modules/@npmcli/promise-spawn
2725 silly ADD node_modules/@zowe/zos-ftp-for-zowe-cli/node_modules/@zowe/cli/node_modules/@npmcli/git
2726 silly ADD node_modules/@zowe/zos-ftp-for-zowe-cli/node_modules/@zowe/cli/node_modules/@npmcli/git/node_modules/proc-log
2727 silly ADD node_modules/@zowe/zos-ftp-for-zowe-cli/node_modules/@zowe/cli/node_modules/@npmcli/git/node_modules/npm-pick-manifest
2728 silly ADD node_modules/@zowe/zos-ftp-for-zowe-cli/node_modules/@zowe/cli/node_modules/@npmcli/git/node_modules/npm-normalize-package-bin
2729 silly ADD node_modules/@zowe/zos-ftp-for-zowe-cli/node_modules/@zowe/cli/node_modules/@npmcli/agent
2730 silly ADD node_modules/@zowe/zos-ftp-for-zowe-cli/node_modules/@zowe/cli/node_modules/@npmcli/agent/node_modules/socks-proxy-agent
2731 silly ADD node_modules/@zowe/zos-ftp-for-zowe-cli/node_modules/@zowe/cli/node_modules/@npmcli/agent/node_modules/https-proxy-agent
2732 silly ADD node_modules/@zowe/zos-ftp-for-zowe-cli/node_modules/@zowe/cli/node_modules/@npmcli/agent/node_modules/http-proxy-agent
2733 silly ADD node_modules/@zowe/zos-ftp-for-zowe-cli/node_modules/@zowe/cli/node_modules/@npmcli/agent/node_modules/agent-base
2734 silly ADD node_modules/@zowe/zos-ftp-for-zowe-cli/node_modules/@zowe/cli/node_modules/@nodelib/fs.walk
2735 silly ADD node_modules/@zowe/zos-ftp-for-zowe-cli/node_modules/@zowe/cli/node_modules/@nodelib/fs.stat
2736 silly ADD node_modules/@zowe/zos-ftp-for-zowe-cli/node_modules/@zowe/cli/node_modules/@nodelib/fs.scandir
2737 silly ADD node_modules/@zowe/zos-ftp-for-zowe-cli/node_modules/@zowe/cli/node_modules/@jest/schemas
2738 silly ADD node_modules/@zowe/zos-ftp-for-zowe-cli/node_modules/@zowe/cli/node_modules/@isaacs/cliui
2739 silly ADD node_modules/@zowe/zos-ftp-for-zowe-cli/node_modules/@zowe/cli/node_modules/@isaacs/cliui/node_modules/wrap-ansi
2740 silly ADD node_modules/@zowe/zos-ftp-for-zowe-cli/node_modules/@zowe/cli/node_modules/@isaacs/cliui/node_modules/strip-ansi
2741 silly ADD node_modules/@zowe/zos-ftp-for-zowe-cli/node_modules/@zowe/cli/node_modules/@isaacs/cliui/node_modules/string-width
2742 silly ADD node_modules/@zowe/zos-ftp-for-zowe-cli/node_modules/@zowe/cli/node_modules/@isaacs/cliui/node_modules/emoji-regex
2743 silly ADD node_modules/@zowe/zos-ftp-for-zowe-cli/node_modules/@zowe/cli/node_modules/@isaacs/cliui/node_modules/ansi-styles
2744 silly ADD node_modules/@zowe/zos-ftp-for-zowe-cli/node_modules/@zowe/cli/node_modules/@isaacs/cliui/node_modules/ansi-regex
2745 silly ADD node_modules/@zowe/zos-ftp-for-zowe-cli/node_modules/@zowe/cli/node_modules/@colors/colors
2746 silly ADD node_modules/@zowe/zos-ftp-for-zowe-cli/node_modules/@ungap/structured-clone
2747 silly ADD node_modules/@zowe/zos-ftp-for-zowe-cli/node_modules/@typescript-eslint/visitor-keys
2748 silly ADD node_modules/@zowe/zos-ftp-for-zowe-cli/node_modules/@typescript-eslint/utils
2749 silly ADD node_modules/@zowe/zos-ftp-for-zowe-cli/node_modules/@typescript-eslint/typescript-estree
2750 silly ADD node_modules/@zowe/zos-ftp-for-zowe-cli/node_modules/@typescript-eslint/types
2751 silly ADD node_modules/@zowe/zos-ftp-for-zowe-cli/node_modules/@typescript-eslint/type-utils
2752 silly ADD node_modules/@zowe/zos-ftp-for-zowe-cli/node_modules/@typescript-eslint/scope-manager
2753 silly ADD node_modules/@zowe/zos-ftp-for-zowe-cli/node_modules/@typescript-eslint/parser
2754 silly ADD node_modules/@zowe/zos-ftp-for-zowe-cli/node_modules/@typescript-eslint/eslint-plugin
2755 silly ADD node_modules/@zowe/zos-ftp-for-zowe-cli/node_modules/@types/yargs-parser
2756 silly ADD node_modules/@zowe/zos-ftp-for-zowe-cli/node_modules/@types/yargs
2757 silly ADD node_modules/@zowe/zos-ftp-for-zowe-cli/node_modules/@types/stack-utils
2758 silly ADD node_modules/@zowe/zos-ftp-for-zowe-cli/node_modules/@types/semver
2759 silly ADD node_modules/@zowe/zos-ftp-for-zowe-cli/node_modules/@types/node
2760 silly ADD node_modules/@zowe/zos-ftp-for-zowe-cli/node_modules/@types/json5
2761 silly ADD node_modules/@zowe/zos-ftp-for-zowe-cli/node_modules/@types/json-schema
2762 silly ADD node_modules/@zowe/zos-ftp-for-zowe-cli/node_modules/@types/jest
2763 silly ADD node_modules/@zowe/zos-ftp-for-zowe-cli/node_modules/@types/istanbul-reports
2764 silly ADD node_modules/@zowe/zos-ftp-for-zowe-cli/node_modules/@types/istanbul-lib-report
2765 silly ADD node_modules/@zowe/zos-ftp-for-zowe-cli/node_modules/@types/istanbul-lib-coverage
2766 silly ADD node_modules/@zowe/zos-ftp-for-zowe-cli/node_modules/@types/graceful-fs
2767 silly ADD node_modules/@zowe/zos-ftp-for-zowe-cli/node_modules/@types/babel__traverse
2768 silly ADD node_modules/@zowe/zos-ftp-for-zowe-cli/node_modules/@types/babel__template
2769 silly ADD node_modules/@zowe/zos-ftp-for-zowe-cli/node_modules/@types/babel__generator
2770 silly ADD node_modules/@zowe/zos-ftp-for-zowe-cli/node_modules/@types/babel__core
2771 silly ADD node_modules/@zowe/zos-ftp-for-zowe-cli/node_modules/@tufjs/models
2772 silly ADD node_modules/@zowe/zos-ftp-for-zowe-cli/node_modules/@tufjs/canonical-json
2773 silly ADD node_modules/@zowe/zos-ftp-for-zowe-cli/node_modules/@sinonjs/fake-timers
2774 silly ADD node_modules/@zowe/zos-ftp-for-zowe-cli/node_modules/@sinonjs/commons
2775 silly ADD node_modules/@zowe/zos-ftp-for-zowe-cli/node_modules/@sinclair/typebox
2776 silly ADD node_modules/@zowe/zos-ftp-for-zowe-cli/node_modules/@sigstore/verify
2777 silly ADD node_modules/@zowe/zos-ftp-for-zowe-cli/node_modules/@sigstore/tuf
2778 silly ADD node_modules/@zowe/zos-ftp-for-zowe-cli/node_modules/@sigstore/sign
2779 silly ADD node_modules/@zowe/zos-ftp-for-zowe-cli/node_modules/@sigstore/protobuf-specs
2780 silly ADD node_modules/@zowe/zos-ftp-for-zowe-cli/node_modules/@sigstore/core
2781 silly ADD node_modules/@zowe/zos-ftp-for-zowe-cli/node_modules/@sigstore/bundle
2782 silly ADD node_modules/@zowe/zos-ftp-for-zowe-cli/node_modules/@popperjs/core
2783 silly ADD node_modules/@zowe/zos-ftp-for-zowe-cli/node_modules/@pkgjs/parseargs
2784 silly ADD node_modules/@zowe/zos-ftp-for-zowe-cli/node_modules/@npmcli/run-script
2785 silly ADD node_modules/@zowe/zos-ftp-for-zowe-cli/node_modules/@npmcli/redact
2786 silly ADD node_modules/@zowe/zos-ftp-for-zowe-cli/node_modules/@npmcli/promise-spawn
2787 silly ADD node_modules/@zowe/zos-ftp-for-zowe-cli/node_modules/@npmcli/package-json
2788 silly ADD node_modules/@zowe/zos-ftp-for-zowe-cli/node_modules/@npmcli/package-json/node_modules/glob
2789 silly ADD node_modules/@zowe/zos-ftp-for-zowe-cli/node_modules/@npmcli/node-gyp
2790 silly ADD node_modules/@zowe/zos-ftp-for-zowe-cli/node_modules/@npmcli/installed-package-contents
2791 silly ADD node_modules/@zowe/zos-ftp-for-zowe-cli/node_modules/@npmcli/git
2792 silly ADD node_modules/@zowe/zos-ftp-for-zowe-cli/node_modules/@npmcli/git/node_modules/lru-cache
2793 silly ADD node_modules/@zowe/zos-ftp-for-zowe-cli/node_modules/@npmcli/fs
2794 silly ADD node_modules/@zowe/zos-ftp-for-zowe-cli/node_modules/@npmcli/agent
2795 silly ADD node_modules/@zowe/zos-ftp-for-zowe-cli/node_modules/@npmcli/agent/node_modules/lru-cache
2796 silly ADD node_modules/@zowe/zos-ftp-for-zowe-cli/node_modules/@nodelib/fs.walk
2797 silly ADD node_modules/@zowe/zos-ftp-for-zowe-cli/node_modules/@nodelib/fs.stat
2798 silly ADD node_modules/@zowe/zos-ftp-for-zowe-cli/node_modules/@nodelib/fs.scandir
2799 silly ADD node_modules/@zowe/zos-ftp-for-zowe-cli/node_modules/@kurkle/color
2800 silly ADD node_modules/@zowe/zos-ftp-for-zowe-cli/node_modules/@jridgewell/trace-mapping
2801 silly ADD node_modules/@zowe/zos-ftp-for-zowe-cli/node_modules/@jridgewell/sourcemap-codec
2802 silly ADD node_modules/@zowe/zos-ftp-for-zowe-cli/node_modules/@jridgewell/set-array
2803 silly ADD node_modules/@zowe/zos-ftp-for-zowe-cli/node_modules/@jridgewell/resolve-uri
2804 silly ADD node_modules/@zowe/zos-ftp-for-zowe-cli/node_modules/@jridgewell/gen-mapping
2805 silly ADD node_modules/@zowe/zos-ftp-for-zowe-cli/node_modules/@jest/types
2806 silly ADD node_modules/@zowe/zos-ftp-for-zowe-cli/node_modules/@jest/transform
2807 silly ADD node_modules/@zowe/zos-ftp-for-zowe-cli/node_modules/@jest/test-sequencer
2808 silly ADD node_modules/@zowe/zos-ftp-for-zowe-cli/node_modules/@jest/test-result
2809 silly ADD node_modules/@zowe/zos-ftp-for-zowe-cli/node_modules/@jest/source-map
2810 silly ADD node_modules/@zowe/zos-ftp-for-zowe-cli/node_modules/@jest/schemas
2811 silly ADD node_modules/@zowe/zos-ftp-for-zowe-cli/node_modules/@jest/reporters
2812 silly ADD node_modules/@zowe/zos-ftp-for-zowe-cli/node_modules/@jest/globals
2813 silly ADD node_modules/@zowe/zos-ftp-for-zowe-cli/node_modules/@jest/fake-timers
2814 silly ADD node_modules/@zowe/zos-ftp-for-zowe-cli/node_modules/@jest/expect-utils
2815 silly ADD node_modules/@zowe/zos-ftp-for-zowe-cli/node_modules/@jest/expect
2816 silly ADD node_modules/@zowe/zos-ftp-for-zowe-cli/node_modules/@jest/environment
2817 silly ADD node_modules/@zowe/zos-ftp-for-zowe-cli/node_modules/@jest/core
2818 silly ADD node_modules/@zowe/zos-ftp-for-zowe-cli/node_modules/@jest/console
2819 silly ADD node_modules/@zowe/zos-ftp-for-zowe-cli/node_modules/@istanbuljs/schema
2820 silly ADD node_modules/@zowe/zos-ftp-for-zowe-cli/node_modules/@istanbuljs/load-nyc-config
2821 silly ADD node_modules/@zowe/zos-ftp-for-zowe-cli/node_modules/@istanbuljs/load-nyc-config/node_modules/sprintf-js
2822 silly ADD node_modules/@zowe/zos-ftp-for-zowe-cli/node_modules/@istanbuljs/load-nyc-config/node_modules/resolve-from
2823 silly ADD node_modules/@zowe/zos-ftp-for-zowe-cli/node_modules/@istanbuljs/load-nyc-config/node_modules/p-locate
2824 silly ADD node_modules/@zowe/zos-ftp-for-zowe-cli/node_modules/@istanbuljs/load-nyc-config/node_modules/p-limit
2825 silly ADD node_modules/@zowe/zos-ftp-for-zowe-cli/node_modules/@istanbuljs/load-nyc-config/node_modules/locate-path
2826 silly ADD node_modules/@zowe/zos-ftp-for-zowe-cli/node_modules/@istanbuljs/load-nyc-config/node_modules/js-yaml
2827 silly ADD node_modules/@zowe/zos-ftp-for-zowe-cli/node_modules/@istanbuljs/load-nyc-config/node_modules/find-up
2828 silly ADD node_modules/@zowe/zos-ftp-for-zowe-cli/node_modules/@istanbuljs/load-nyc-config/node_modules/argparse
2829 silly ADD node_modules/@zowe/zos-ftp-for-zowe-cli/node_modules/@isaacs/cliui
2830 silly ADD node_modules/@zowe/zos-ftp-for-zowe-cli/node_modules/@isaacs/cliui/node_modules/wrap-ansi
2831 silly ADD node_modules/@zowe/zos-ftp-for-zowe-cli/node_modules/@isaacs/cliui/node_modules/strip-ansi
2832 silly ADD node_modules/@zowe/zos-ftp-for-zowe-cli/node_modules/@isaacs/cliui/node_modules/string-width
2833 silly ADD node_modules/@zowe/zos-ftp-for-zowe-cli/node_modules/@isaacs/cliui/node_modules/emoji-regex
2834 silly ADD node_modules/@zowe/zos-ftp-for-zowe-cli/node_modules/@isaacs/cliui/node_modules/ansi-styles
2835 silly ADD node_modules/@zowe/zos-ftp-for-zowe-cli/node_modules/@isaacs/cliui/node_modules/ansi-regex
2836 silly ADD node_modules/@zowe/zos-ftp-for-zowe-cli/node_modules/@humanwhocodes/object-schema
2837 silly ADD node_modules/@zowe/zos-ftp-for-zowe-cli/node_modules/@humanwhocodes/module-importer
2838 silly ADD node_modules/@zowe/zos-ftp-for-zowe-cli/node_modules/@humanwhocodes/config-array
2839 silly ADD node_modules/@zowe/zos-ftp-for-zowe-cli/node_modules/@humanwhocodes/config-array/node_modules/minimatch
2840 silly ADD node_modules/@zowe/zos-ftp-for-zowe-cli/node_modules/@humanwhocodes/config-array/node_modules/brace-expansion
2841 silly ADD node_modules/@zowe/zos-ftp-for-zowe-cli/node_modules/@eslint/js
2842 silly ADD node_modules/@zowe/zos-ftp-for-zowe-cli/node_modules/@eslint/eslintrc
2843 silly ADD node_modules/@zowe/zos-ftp-for-zowe-cli/node_modules/@eslint/eslintrc/node_modules/minimatch
2844 silly ADD node_modules/@zowe/zos-ftp-for-zowe-cli/node_modules/@eslint/eslintrc/node_modules/brace-expansion
2845 silly ADD node_modules/@zowe/zos-ftp-for-zowe-cli/node_modules/@eslint-community/regexpp
2846 silly ADD node_modules/@zowe/zos-ftp-for-zowe-cli/node_modules/@eslint-community/eslint-utils
2847 silly ADD node_modules/@zowe/zos-ftp-for-zowe-cli/node_modules/@dependents/detective-less
2848 silly ADD node_modules/@zowe/zos-ftp-for-zowe-cli/node_modules/@colors/colors
2849 silly ADD node_modules/@zowe/zos-ftp-for-zowe-cli/node_modules/@bcoe/v8-coverage
2850 silly ADD node_modules/@zowe/zos-ftp-for-zowe-cli/node_modules/@babel/types
2851 silly ADD node_modules/@zowe/zos-ftp-for-zowe-cli/node_modules/@babel/traverse
2852 silly ADD node_modules/@zowe/zos-ftp-for-zowe-cli/node_modules/@babel/traverse/node_modules/globals
2853 silly ADD node_modules/@zowe/zos-ftp-for-zowe-cli/node_modules/@babel/template
2854 silly ADD node_modules/@zowe/zos-ftp-for-zowe-cli/node_modules/@babel/plugin-syntax-typescript
2855 silly ADD node_modules/@zowe/zos-ftp-for-zowe-cli/node_modules/@babel/plugin-syntax-top-level-await
2856 silly ADD node_modules/@zowe/zos-ftp-for-zowe-cli/node_modules/@babel/plugin-syntax-private-property-in-object
2857 silly ADD node_modules/@zowe/zos-ftp-for-zowe-cli/node_modules/@babel/plugin-syntax-optional-chaining
2858 silly ADD node_modules/@zowe/zos-ftp-for-zowe-cli/node_modules/@babel/plugin-syntax-optional-catch-binding
2859 silly ADD node_modules/@zowe/zos-ftp-for-zowe-cli/node_modules/@babel/plugin-syntax-object-rest-spread
2860 silly ADD node_modules/@zowe/zos-ftp-for-zowe-cli/node_modules/@babel/plugin-syntax-numeric-separator
2861 silly ADD node_modules/@zowe/zos-ftp-for-zowe-cli/node_modules/@babel/plugin-syntax-nullish-coalescing-operator
2862 silly ADD node_modules/@zowe/zos-ftp-for-zowe-cli/node_modules/@babel/plugin-syntax-logical-assignment-operators
2863 silly ADD node_modules/@zowe/zos-ftp-for-zowe-cli/node_modules/@babel/plugin-syntax-jsx
2864 silly ADD node_modules/@zowe/zos-ftp-for-zowe-cli/node_modules/@babel/plugin-syntax-json-strings
2865 silly ADD node_modules/@zowe/zos-ftp-for-zowe-cli/node_modules/@babel/plugin-syntax-import-meta
2866 silly ADD node_modules/@zowe/zos-ftp-for-zowe-cli/node_modules/@babel/plugin-syntax-import-attributes
2867 silly ADD node_modules/@zowe/zos-ftp-for-zowe-cli/node_modules/@babel/plugin-syntax-class-static-block
2868 silly ADD node_modules/@zowe/zos-ftp-for-zowe-cli/node_modules/@babel/plugin-syntax-class-properties
2869 silly ADD node_modules/@zowe/zos-ftp-for-zowe-cli/node_modules/@babel/plugin-syntax-bigint
2870 silly ADD node_modules/@zowe/zos-ftp-for-zowe-cli/node_modules/@babel/plugin-syntax-async-generators
2871 silly ADD node_modules/@zowe/zos-ftp-for-zowe-cli/node_modules/@babel/parser
2872 silly ADD node_modules/@zowe/zos-ftp-for-zowe-cli/node_modules/@babel/highlight
2873 silly ADD node_modules/@zowe/zos-ftp-for-zowe-cli/node_modules/@babel/highlight/node_modules/supports-color
2874 silly ADD node_modules/@zowe/zos-ftp-for-zowe-cli/node_modules/@babel/highlight/node_modules/has-flag
2875 silly ADD node_modules/@zowe/zos-ftp-for-zowe-cli/node_modules/@babel/highlight/node_modules/escape-string-regexp
2876 silly ADD node_modules/@zowe/zos-ftp-for-zowe-cli/node_modules/@babel/highlight/node_modules/color-name
2877 silly ADD node_modules/@zowe/zos-ftp-for-zowe-cli/node_modules/@babel/highlight/node_modules/color-convert
2878 silly ADD node_modules/@zowe/zos-ftp-for-zowe-cli/node_modules/@babel/highlight/node_modules/chalk
2879 silly ADD node_modules/@zowe/zos-ftp-for-zowe-cli/node_modules/@babel/highlight/node_modules/ansi-styles
2880 silly ADD node_modules/@zowe/zos-ftp-for-zowe-cli/node_modules/@babel/helpers
2881 silly ADD node_modules/@zowe/zos-ftp-for-zowe-cli/node_modules/@babel/helper-validator-option
2882 silly ADD node_modules/@zowe/zos-ftp-for-zowe-cli/node_modules/@babel/helper-validator-identifier
2883 silly ADD node_modules/@zowe/zos-ftp-for-zowe-cli/node_modules/@babel/helper-string-parser
2884 silly ADD node_modules/@zowe/zos-ftp-for-zowe-cli/node_modules/@babel/helper-simple-access
2885 silly ADD node_modules/@zowe/zos-ftp-for-zowe-cli/node_modules/@babel/helper-plugin-utils
2886 silly ADD node_modules/@zowe/zos-ftp-for-zowe-cli/node_modules/@babel/helper-module-transforms
2887 silly ADD node_modules/@zowe/zos-ftp-for-zowe-cli/node_modules/@babel/helper-module-imports
2888 silly ADD node_modules/@zowe/zos-ftp-for-zowe-cli/node_modules/@babel/helper-compilation-targets
2889 silly ADD node_modules/@zowe/zos-ftp-for-zowe-cli/node_modules/@babel/helper-compilation-targets/node_modules/semver
2890 silly ADD node_modules/@zowe/zos-ftp-for-zowe-cli/node_modules/@babel/generator
2891 silly ADD node_modules/@zowe/zos-ftp-for-zowe-cli/node_modules/@babel/core
2892 silly ADD node_modules/@zowe/zos-ftp-for-zowe-cli/node_modules/@babel/core/node_modules/semver
2893 silly ADD node_modules/@zowe/zos-ftp-for-zowe-cli/node_modules/@babel/compat-data
2894 silly ADD node_modules/@zowe/zos-ftp-for-zowe-cli/node_modules/@babel/code-frame
2895 silly ADD node_modules/@zowe/zos-ftp-for-zowe-cli/node_modules/@ampproject/remapping
2896 silly REMOVE node_modules/@zowe/cics-for-zowe-cli
2897 silly REMOVE node_modules/@zowe/cics-for-zowe-cli/node_modules/xml2js
2898 silly REMOVE node_modules/@zowe/cics-for-zowe-cli/node_modules/xml2js/node_modules/xmlbuilder
2899 silly REMOVE node_modules/@zowe/cics-for-zowe-cli/node_modules/sax
2900 silly REMOVE node_modules/@zowe/cics-for-zowe-cli/node_modules/@zowe/cics-for-zowe-sdk
2901 verbose cwd C:\Users\NicholasChien\Documents\VSCode4z-InstantPack-work\npm-cache\npm-tmp
2902 verbose os Windows_NT 10.0.26100
2903 verbose node v22.16.0
2904 verbose npm  v10.9.2
2905 verbose exit 0
2906 info ok
